date,hospital_id,procedure,cash,gross,pct_change
2026-08-17,ccn-050002,biopsy-needle,1716,5720,
2026-08-17,ccn-050002,blood-cbc,8,25,
2026-08-17,ccn-050002,blood-metabolic,133,443,
2026-08-17,ccn-050002,cardiac-cath,9638,32126,
2026-08-17,ccn-050002,cast-fracture,284,947,
2026-08-17,ccn-050002,chemo-infusion,358,1195,
2026-08-17,ccn-050002,chest-xray,98,326,
2026-08-17,ccn-050002,ct-abd-pelvis,1849,6164,
2026-08-17,ccn-050002,ct-head,1197,3990,
2026-08-17,ccn-050002,dialysis,740,2465,
2026-08-17,ccn-050002,echocardiogram,1319,4397,
2026-08-17,ccn-050002,epidural-inj,732,2440,
2026-08-17,ccn-050002,er-level3,520,1732,
2026-08-17,ccn-050002,er-level4,822,2742,
2026-08-17,ccn-050002,er-level5,1273,4242,
2026-08-17,ccn-050002,iv-hydration,227,756,
2026-08-17,ccn-050002,iv-infusion,387,1290,
2026-08-17,ccn-050002,joint-injection,328,1093,
2026-08-17,ccn-050002,laceration,212,706,
2026-08-17,ccn-050002,mammogram-diag,125,418,
2026-08-17,ccn-050002,mammogram-screen,129,428,
2026-08-17,ccn-050002,mri-brain,900,3000,
2026-08-17,ccn-050002,mri-knee,899,2997,
2026-08-17,ccn-050002,mri-spine,900,3000,
2026-08-17,ccn-050002,physical-therapy,76,252,
2026-08-17,ccn-050002,strep-test,26,86,
2026-08-17,ccn-050002,thyroid-us,125,416,
2026-08-17,ccn-050002,us-abdomen,760,2534,
2026-08-17,ccn-050002,us-pregnancy,125,416,
2026-08-17,ccn-050002,xray-extremity,301,1003,
2026-08-17,ccn-050002,xray-leg,266,887,
2026-08-17,ccn-050006,biopsy-needle,4007,7857,
2026-08-17,ccn-050006,blood-cbc,2,4,
2026-08-17,ccn-050006,blood-metabolic,15,30,
2026-08-17,ccn-050006,cardiac-cath,10281,20159,
2026-08-17,ccn-050006,carpal-tunnel,4070,7981,
2026-08-17,ccn-050006,cast-fracture,1116,2189,
2026-08-17,ccn-050006,chemo-infusion,1275,2500,
2026-08-17,ccn-050006,chest-xray,1084,2125,
2026-08-17,ccn-050006,colonoscopy,1268,2486,
2026-08-17,ccn-050006,ct-abd-pelvis,6375,12500,
2026-08-17,ccn-050006,ct-head,2066,4050,
2026-08-17,ccn-050006,dialysis,1135,2226,
2026-08-17,ccn-050006,echocardiogram,2082,4082,
2026-08-17,ccn-050006,endoscopy,1260,2470,
2026-08-17,ccn-050006,epidural-inj,7226,14168,
2026-08-17,ccn-050006,er-level3,449,880,
2026-08-17,ccn-050006,er-level4,699,1370,
2026-08-17,ccn-050006,er-level5,1004,1968,
2026-08-17,ccn-050006,hernia-repair,8020,15726,
2026-08-17,ccn-050006,iud-insertion,7910,15510,
2026-08-17,ccn-050006,iv-hydration,1007,1975,
2026-08-17,ccn-050006,iv-infusion,1226,2404,
2026-08-17,ccn-050006,joint-injection,7589,14880,
2026-08-17,ccn-050006,laceration,1313,2574,
2026-08-17,ccn-050006,mammogram-diag,492,965,
2026-08-17,ccn-050006,mammogram-screen,501,982,
2026-08-17,ccn-050006,mri-brain,2542,4985,
2026-08-17,ccn-050006,mri-knee,3988,7820,
2026-08-17,ccn-050006,mri-spine,4424,8674,
2026-08-17,ccn-050006,physical-therapy,121,237,
2026-08-17,ccn-050006,prostate-biopsy,2655,5206,
2026-08-17,ccn-050006,sleep-study,2883,5653,
2026-08-17,ccn-050006,thyroid-us,1404,2752,
2026-08-17,ccn-050006,us-abdomen,2355,4617,
2026-08-17,ccn-050006,us-pregnancy,1758,3448,
2026-08-17,ccn-050006,xray-extremity,992,1945,
2026-08-17,ccn-050006,xray-leg,859,1684,
2026-08-17,ccn-050007,biopsy-needle,241,246,
2026-08-17,ccn-050007,blood-cbc,27,28,
2026-08-17,ccn-050007,blood-metabolic,41,42,
2026-08-17,ccn-050007,chemo-infusion,622,635,
2026-08-17,ccn-050007,ct-abd-pelvis,312,319,
2026-08-17,ccn-050007,ct-head,106,108,
2026-08-17,ccn-050007,echocardiogram,256,261,
2026-08-17,ccn-050007,er-level3,241,246,
2026-08-17,ccn-050007,er-level4,482,492,
2026-08-17,ccn-050007,er-level5,844,861,
2026-08-17,ccn-050007,flu-shot,83,84,
2026-08-17,ccn-050007,iud-insertion,154,158,
2026-08-17,ccn-050007,iv-hydration,276,282,
2026-08-17,ccn-050007,iv-infusion,622,635,
2026-08-17,ccn-050007,joint-injection,183,186,
2026-08-17,ccn-050007,lithotripsy,138,141,
2026-08-17,ccn-050007,mammogram-diag,60,61,
2026-08-17,ccn-050007,mri-brain,491,501,
2026-08-17,ccn-050007,mri-knee,525,536,
2026-08-17,ccn-050007,mri-spine,469,479,
2026-08-17,ccn-050007,pap-smear,165,168,
2026-08-17,ccn-050007,physical-therapy,91,93,
2026-08-17,ccn-050007,sleep-study,2671,2725,
2026-08-17,ccn-050007,strep-test,69,70,
2026-08-17,ccn-050007,thyroid-us,752,768,
2026-08-17,ccn-050007,urgent-care,138,141,
2026-08-17,ccn-050007,us-abdomen,692,706,
2026-08-17,ccn-050007,us-pregnancy,782,798,
2026-08-17,ccn-050007,xray-extremity,211,215,
2026-08-17,ccn-050009,biopsy-needle,5258,10310,
2026-08-17,ccn-050009,blood-cbc,2,4,
2026-08-17,ccn-050009,blood-metabolic,15,30,
2026-08-17,ccn-050009,cardiac-cath,21702,42553,
2026-08-17,ccn-050009,carpal-tunnel,4046,7934,
2026-08-17,ccn-050009,cast-fracture,1723,3378,
2026-08-17,ccn-050009,chemo-infusion,1988,3899,
2026-08-17,ccn-050009,chest-xray,1027,2013,
2026-08-17,ccn-050009,colonoscopy,1613,3162,
2026-08-17,ccn-050009,ct-abd-pelvis,4750,9314,
2026-08-17,ccn-050009,ct-head,2400,4705,
2026-08-17,ccn-050009,dialysis,1993,3908,
2026-08-17,ccn-050009,echocardiogram,3127,6131,
2026-08-17,ccn-050009,endoscopy,1602,3141,
2026-08-17,ccn-050009,epidural-inj,3625,7107,
2026-08-17,ccn-050009,er-level3,519,1017,
2026-08-17,ccn-050009,er-level4,807,1583,
2026-08-17,ccn-050009,er-level5,1160,2274,
2026-08-17,ccn-050009,flu-shot,84,165,
2026-08-17,ccn-050009,hernia-repair,7973,15633,
2026-08-17,ccn-050009,iud-insertion,2473,4849,
2026-08-17,ccn-050009,iv-hydration,661,1297,
2026-08-17,ccn-050009,iv-infusion,1845,3617,
2026-08-17,ccn-050009,joint-injection,2007,3936,
2026-08-17,ccn-050009,laceration,1146,2247,
2026-08-17,ccn-050009,mammogram-diag,401,787,
2026-08-17,ccn-050009,mammogram-screen,467,915,
2026-08-17,ccn-050009,mri-brain,3484,6831,
2026-08-17,ccn-050009,mri-knee,6729,13195,
2026-08-17,ccn-050009,mri-spine,9042,17729,
2026-08-17,ccn-050009,physical-therapy,171,335,
2026-08-17,ccn-050009,prostate-biopsy,2609,5116,
2026-08-17,ccn-050009,strep-test,474,929,
2026-08-17,ccn-050009,thyroid-us,2164,4243,
2026-08-17,ccn-050009,us-abdomen,2492,4886,
2026-08-17,ccn-050009,us-pregnancy,2354,4615,
2026-08-17,ccn-050009,xray-extremity,970,1902,
2026-08-17,ccn-050009,xray-leg,1113,2182,
2026-08-17,ccn-050022,blood-metabolic,2266,2266,
2026-08-17,ccn-050022,chemo-infusion,400,400,
2026-08-17,ccn-050022,chest-xray,1429,1429,
2026-08-17,ccn-050022,ct-abd-pelvis,26037,26037,
2026-08-17,ccn-050022,ct-head,14900,14900,
2026-08-17,ccn-050022,dialysis,7244,7244,
2026-08-17,ccn-050022,echocardiogram,11844,11844,
2026-08-17,ccn-050022,er-level3,6007,6007,
2026-08-17,ccn-050022,er-level4,10526,10526,
2026-08-17,ccn-050022,er-level5,15824,15824,
2026-08-17,ccn-050022,flu-shot,135,135,
2026-08-17,ccn-050022,iv-hydration,2295,2295,
2026-08-17,ccn-050022,iv-infusion,2295,2295,
2026-08-17,ccn-050022,mammogram-diag,1344,1344,
2026-08-17,ccn-050022,mammogram-screen,1300,1300,
2026-08-17,ccn-050022,mri-brain,19922,19922,
2026-08-17,ccn-050022,mri-knee,13281,13281,
2026-08-17,ccn-050022,mri-spine,13281,13281,
2026-08-17,ccn-050022,physical-therapy,618,618,
2026-08-17,ccn-050022,strep-test,114,114,
2026-08-17,ccn-050022,thyroid-us,1005,1005,
2026-08-17,ccn-050022,urgent-care,494,494,
2026-08-17,ccn-050022,us-abdomen,4222,4222,
2026-08-17,ccn-050022,us-pregnancy,5716,5716,
2026-08-17,ccn-050022,xray-extremity,1358,1358,
2026-08-17,ccn-050022,xray-leg,2622,2622,
2026-08-17,ccn-050024,appendectomy,7737,13088,
2026-08-17,ccn-050024,blood-cbc,7,16,
2026-08-17,ccn-050024,blood-metabolic,10,405,
2026-08-17,ccn-050024,cardiac-cath,4149,19891,
2026-08-17,ccn-050024,carpal-tunnel,2499,11255,
2026-08-17,ccn-050024,cast-fracture,357,712,
2026-08-17,ccn-050024,cataract,2953,16498,
2026-08-17,ccn-050024,cesarean,16935,,
2026-08-17,ccn-050024,chemo-infusion,422,893,
2026-08-17,ccn-050024,chest-xray,111,597,
2026-08-17,ccn-050024,ct-abd-pelvis,446,3356,
2026-08-17,ccn-050024,ct-head,133,2498,
2026-08-17,ccn-050024,dialysis,878,4736,
2026-08-17,ccn-050024,echocardiogram,699,5775,
2026-08-17,ccn-050024,er-level3,349,2888,
2026-08-17,ccn-050024,er-level4,534,2201,
2026-08-17,ccn-050024,er-level5,762,6930,
2026-08-17,ccn-050024,gallbladder,7737,18998,
2026-08-17,ccn-050024,hernia-repair,4582,19631,
2026-08-17,ccn-050024,hip-replacement,19637,,
2026-08-17,ccn-050024,iv-hydration,272,1389,
2026-08-17,ccn-050024,iv-infusion,272,1389,
2026-08-17,ccn-050024,joint-injection,392,734,
2026-08-17,ccn-050024,knee-replacement,19637,,
2026-08-17,ccn-050024,knee-scope,4187,23100,
2026-08-17,ccn-050024,laceration,256,507,
2026-08-17,ccn-050024,mammogram-diag,102,270,
2026-08-17,ccn-050024,mammogram-screen,108,348,
2026-08-17,ccn-050024,mri-brain,305,3766,
2026-08-17,ccn-050024,mri-knee,305,3622,
2026-08-17,ccn-050024,mri-spine,305,3660,
2026-08-17,ccn-050024,pap-smear,26,27,
2026-08-17,ccn-050024,physical-therapy,32,209,
2026-08-17,ccn-050024,shoulder-scope,9286,17325,
2026-08-17,ccn-050024,thyroid-us,133,490,
2026-08-17,ccn-050024,us-abdomen,133,1386,
2026-08-17,ccn-050024,us-pregnancy,133,622,
2026-08-17,ccn-050024,xray-extremity,111,815,
2026-08-17,ccn-050024,xray-leg,111,813,
2026-08-17,ccn-050025,allergy-test,57,104,
2026-08-17,ccn-050025,appendectomy,28335,51518,
2026-08-17,ccn-050025,biopsy-needle,3236,5884,
2026-08-17,ccn-050025,blood-cbc,64,117,
2026-08-17,ccn-050025,blood-metabolic,174,316,
2026-08-17,ccn-050025,cardiac-cath,9760,17745,
2026-08-17,ccn-050025,carpal-tunnel,9432,17149,
2026-08-17,ccn-050025,cast-fracture,1075,1955,
2026-08-17,ccn-050025,cataract,37599,68361,
2026-08-17,ccn-050025,cesarean,53389,97070,
2026-08-17,ccn-050025,chemo-infusion,1547,2813,
2026-08-17,ccn-050025,chest-xray,425,773,
2026-08-17,ccn-050025,colonoscopy,4408,8015,
2026-08-17,ccn-050025,ct-abd-pelvis,2798,5087,
2026-08-17,ccn-050025,ct-head,1559,2834,
2026-08-17,ccn-050025,dialysis,1362,2477,
2026-08-17,ccn-050025,echocardiogram,2003,3642,
2026-08-17,ccn-050025,endoscopy,4174,7589,
2026-08-17,ccn-050025,epidural-inj,1609,2926,
2026-08-17,ccn-050025,er-level3,2093,3806,
2026-08-17,ccn-050025,er-level4,4598,8359,
2026-08-17,ccn-050025,er-level5,8104,14734,
2026-08-17,ccn-050025,gallbladder,28559,51926,
2026-08-17,ccn-050025,hearing-test,419,761,
2026-08-17,ccn-050025,hernia-repair,21732,39513,
2026-08-17,ccn-050025,hip-replacement,58623,106587,
2026-08-17,ccn-050025,hysterectomy,64894,117990,
2026-08-17,ccn-050025,iud-insertion,2955,5372,
2026-08-17,ccn-050025,iv-hydration,221,402,
2026-08-17,ccn-050025,iv-infusion,317,577,
2026-08-17,ccn-050025,joint-injection,913,1660,
2026-08-17,ccn-050025,knee-replacement,58623,106587,
2026-08-17,ccn-050025,knee-scope,17055,31010,
2026-08-17,ccn-050025,lithotripsy,13214,24025,
2026-08-17,ccn-050025,mammogram-diag,326,593,
2026-08-17,ccn-050025,mammogram-screen,364,661,
2026-08-17,ccn-050025,mri-brain,1774,3225,
2026-08-17,ccn-050025,mri-knee,2605,4736,
2026-08-17,ccn-050025,mri-spine,2232,4058,
2026-08-17,ccn-050025,physical-therapy,166,301,
2026-08-17,ccn-050025,prostate-biopsy,4412,8021,
2026-08-17,ccn-050025,shoulder-scope,30794,55989,
2026-08-17,ccn-050025,strep-test,51,92,
2026-08-17,ccn-050025,thyroid-us,1120,2036,
2026-08-17,ccn-050025,tonsillectomy,17275,31410,
2026-08-17,ccn-050025,urgent-care,175,318,
2026-08-17,ccn-050025,us-abdomen,1225,2228,
2026-08-17,ccn-050025,us-pregnancy,863,1569,
2026-08-17,ccn-050025,xray-extremity,566,1029,
2026-08-17,ccn-050025,xray-leg,356,648,
2026-08-17,ccn-050026,biopsy-needle,5093,6791,
2026-08-17,ccn-050026,blood-cbc,148,197,
2026-08-17,ccn-050026,blood-metabolic,339,452,
2026-08-17,ccn-050026,cardiac-cath,16573,22097,
2026-08-17,ccn-050026,carpal-tunnel,6837,9116,
2026-08-17,ccn-050026,cast-fracture,666,888,
2026-08-17,ccn-050026,cesarean,77421,103228,
2026-08-17,ccn-050026,chemo-infusion,1971,2628,
2026-08-17,ccn-050026,chest-xray,532,710,
2026-08-17,ccn-050026,colonoscopy,2537,3383,
2026-08-17,ccn-050026,ct-abd-pelvis,4994,6658,
2026-08-17,ccn-050026,ct-head,2786,3714,
2026-08-17,ccn-050026,dialysis,2060,2746,
2026-08-17,ccn-050026,echocardiogram,4514,6019,
2026-08-17,ccn-050026,endoscopy,2668,3558,
2026-08-17,ccn-050026,epidural-inj,2718,3624,
2026-08-17,ccn-050026,er-level3,2188,2917,
2026-08-17,ccn-050026,er-level4,7800,10400,
2026-08-17,ccn-050026,er-level5,11400,15200,
2026-08-17,ccn-050026,flu-shot,15,20,
2026-08-17,ccn-050026,hip-replacement,108334,144446,
2026-08-17,ccn-050026,iud-insertion,1064,1418,
2026-08-17,ccn-050026,iv-hydration,825,1100,
2026-08-17,ccn-050026,iv-infusion,926,1235,
2026-08-17,ccn-050026,joint-injection,1499,1999,
2026-08-17,ccn-050026,knee-replacement,108334,144446,
2026-08-17,ccn-050026,laceration,1517,2023,
2026-08-17,ccn-050026,mammogram-diag,420,560,
2026-08-17,ccn-050026,mammogram-screen,435,580,
2026-08-17,ccn-050026,mri-brain,3036,4048,
2026-08-17,ccn-050026,mri-knee,3247,4329,
2026-08-17,ccn-050026,mri-spine,3112,4149,
2026-08-17,ccn-050026,physical-therapy,164,218,
2026-08-17,ccn-050026,prostate-biopsy,3221,4295,
2026-08-17,ccn-050026,sleep-study,5535,7380,
2026-08-17,ccn-050026,strep-test,132,176,
2026-08-17,ccn-050026,thyroid-us,1016,1354,
2026-08-17,ccn-050026,urgent-care,311,415,
2026-08-17,ccn-050026,us-abdomen,1400,1866,
2026-08-17,ccn-050026,us-pregnancy,1069,1425,
2026-08-17,ccn-050026,xray-extremity,575,767,
2026-08-17,ccn-050026,xray-leg,513,684,
2026-08-17,ccn-050030,allergy-test,8,15,
2026-08-17,ccn-050030,appendectomy,874,1748,
2026-08-17,ccn-050030,biopsy-needle,2953,5906,
2026-08-17,ccn-050030,blood-cbc,55,110,
2026-08-17,ccn-050030,blood-metabolic,70,140,
2026-08-17,ccn-050030,cardiac-cath,6095,12189,
2026-08-17,ccn-050030,carpal-tunnel,1488,2976,
2026-08-17,ccn-050030,cast-fracture,81,161,
2026-08-17,ccn-050030,cataract,2563,5125,
2026-08-17,ccn-050030,chemo-infusion,640,1280,
2026-08-17,ccn-050030,chest-xray,263,525,
2026-08-17,ccn-050030,colonoscopy,452,904,
2026-08-17,ccn-050030,ct-abd-pelvis,3008,6015,
2026-08-17,ccn-050030,ct-head,922,1843,
2026-08-17,ccn-050030,dialysis,395,790,
2026-08-17,ccn-050030,echocardiogram,2334,4668,
2026-08-17,ccn-050030,ekg,37,73,
2026-08-17,ccn-050030,endoscopy,301,601,
2026-08-17,ccn-050030,epidural-inj,1883,3765,
2026-08-17,ccn-050030,er-level3,637,1273,
2026-08-17,ccn-050030,er-level4,743,1485,
2026-08-17,ccn-050030,er-level5,743,1485,
2026-08-17,ccn-050030,flu-shot,41,81,
2026-08-17,ccn-050030,gallbladder,1365,2729,
2026-08-17,ccn-050030,hernia-repair,1119,2238,
2026-08-17,ccn-050030,hip-replacement,2272,4544,
2026-08-17,ccn-050030,hysterectomy,1941,3881,
2026-08-17,ccn-050030,iud-insertion,143,285,
2026-08-17,ccn-050030,iv-hydration,429,858,
2026-08-17,ccn-050030,iv-infusion,425,849,
2026-08-17,ccn-050030,joint-injection,945,1889,
2026-08-17,ccn-050030,knee-replacement,3018,6035,
2026-08-17,ccn-050030,knee-scope,2090,4179,
2026-08-17,ccn-050030,laceration,155,309,
2026-08-17,ccn-050030,lithotripsy,8275,16550,
2026-08-17,ccn-050030,mammogram-diag,322,643,
2026-08-17,ccn-050030,mammogram-screen,347,693,
2026-08-17,ccn-050030,mri-brain,1825,3649,
2026-08-17,ccn-050030,mri-knee,1825,3649,
2026-08-17,ccn-050030,mri-spine,1825,3649,
2026-08-17,ccn-050030,physical-therapy,58,116,
2026-08-17,ccn-050030,shoulder-scope,2176,4352,
2026-08-17,ccn-050030,sleep-study,2255,4509,
2026-08-17,ccn-050030,strep-test,28,56,
2026-08-17,ccn-050030,thyroid-us,677,1353,
2026-08-17,ccn-050030,tonsillectomy,538,1075,
2026-08-17,ccn-050030,urgent-care,104,207,
2026-08-17,ccn-050030,us-abdomen,677,1353,
2026-08-17,ccn-050030,us-pregnancy,677,1353,
2026-08-17,ccn-050030,xray-extremity,394,788,
2026-08-17,ccn-050030,xray-leg,394,788,
2026-08-17,ccn-050039,biopsy-needle,3063,6807,
2026-08-17,ccn-050039,blood-cbc,18,39,
2026-08-17,ccn-050039,blood-metabolic,24,53,
2026-08-17,ccn-050039,cardiac-cath,34189,75976,
2026-08-17,ccn-050039,cast-fracture,346,768,
2026-08-17,ccn-050039,cataract,2003,4452,
2026-08-17,ccn-050039,chemo-infusion,967,2149,
2026-08-17,ccn-050039,chest-xray,762,1693,
2026-08-17,ccn-050039,ct-abd-pelvis,2925,6500,
2026-08-17,ccn-050039,ct-head,2925,6500,
2026-08-17,ccn-050039,echocardiogram,2722,6050,
2026-08-17,ccn-050039,endoscopy,4293,9540,
2026-08-17,ccn-050039,epidural-inj,1370,3044,
2026-08-17,ccn-050039,er-level3,1557,3459,
2026-08-17,ccn-050039,er-level4,2655,5899,
2026-08-17,ccn-050039,er-level5,3677,8171,
2026-08-17,ccn-050039,flu-shot,11,24,
2026-08-17,ccn-050039,hearing-test,115,256,
2026-08-17,ccn-050039,iud-insertion,76,170,
2026-08-17,ccn-050039,iv-hydration,228,507,
2026-08-17,ccn-050039,iv-infusion,478,1062,
2026-08-17,ccn-050039,joint-injection,246,547,
2026-08-17,ccn-050039,laceration,154,343,
2026-08-17,ccn-050039,mri-brain,3543,7873,
2026-08-17,ccn-050039,mri-knee,1494,3321,
2026-08-17,ccn-050039,mri-spine,3727,8282,
2026-08-17,ccn-050039,physical-therapy,73,162,
2026-08-17,ccn-050039,prostate-biopsy,1773,3939,
2026-08-17,ccn-050039,strep-test,28,62,
2026-08-17,ccn-050039,thyroid-us,1008,2239,
2026-08-17,ccn-050039,urgent-care,141,175,
2026-08-17,ccn-050039,us-abdomen,1900,4223,
2026-08-17,ccn-050039,us-pregnancy,1298,2885,
2026-08-17,ccn-050039,xray-extremity,864,1920,
2026-08-17,ccn-050039,xray-leg,670,1489,
2026-08-17,ccn-050069,biopsy-needle,4007,7857,
2026-08-17,ccn-050069,blood-cbc,2,4,
2026-08-17,ccn-050069,blood-metabolic,15,30,
2026-08-17,ccn-050069,cardiac-cath,10281,20159,
2026-08-17,ccn-050069,carpal-tunnel,4070,7981,
2026-08-17,ccn-050069,cast-fracture,1116,2189,
2026-08-17,ccn-050069,chemo-infusion,1275,2500,
2026-08-17,ccn-050069,chest-xray,1084,2125,
2026-08-17,ccn-050069,colonoscopy,1268,2486,
2026-08-17,ccn-050069,ct-abd-pelvis,6375,12500,
2026-08-17,ccn-050069,ct-head,2066,4050,
2026-08-17,ccn-050069,dialysis,1135,2226,
2026-08-17,ccn-050069,echocardiogram,2082,4082,
2026-08-17,ccn-050069,endoscopy,1260,2470,
2026-08-17,ccn-050069,epidural-inj,7226,14168,
2026-08-17,ccn-050069,er-level3,449,880,
2026-08-17,ccn-050069,er-level4,699,1370,
2026-08-17,ccn-050069,er-level5,1004,1968,
2026-08-17,ccn-050069,hernia-repair,8020,15726,
2026-08-17,ccn-050069,iud-insertion,7910,15510,
2026-08-17,ccn-050069,iv-hydration,1007,1975,
2026-08-17,ccn-050069,iv-infusion,1226,2404,
2026-08-17,ccn-050069,joint-injection,7589,14880,
2026-08-17,ccn-050069,laceration,1313,2574,
2026-08-17,ccn-050069,mammogram-diag,492,965,
2026-08-17,ccn-050069,mammogram-screen,501,982,
2026-08-17,ccn-050069,mri-brain,2542,4985,
2026-08-17,ccn-050069,mri-knee,3988,7820,
2026-08-17,ccn-050069,mri-spine,4424,8674,
2026-08-17,ccn-050069,physical-therapy,121,237,
2026-08-17,ccn-050069,prostate-biopsy,2655,5206,
2026-08-17,ccn-050069,sleep-study,2883,5653,
2026-08-17,ccn-050069,thyroid-us,1404,2752,
2026-08-17,ccn-050069,us-abdomen,2355,4617,
2026-08-17,ccn-050069,us-pregnancy,1758,3448,
2026-08-17,ccn-050069,xray-extremity,992,1945,
2026-08-17,ccn-050069,xray-leg,859,1684,
2026-08-17,ccn-050070,allergy-test,627,1120,
2026-08-17,ccn-050070,appendectomy,22680,40500,
2026-08-17,ccn-050070,biopsy-needle,4094,7310,
2026-08-17,ccn-050070,blood-cbc,123,220,
2026-08-17,ccn-050070,blood-metabolic,255,456,
2026-08-17,ccn-050070,cardiac-cath,19488,34800,
2026-08-17,ccn-050070,carpal-tunnel,5309,9480,
2026-08-17,ccn-050070,cast-fracture,762,1360,
2026-08-17,ccn-050070,cataract,8624,15400,
2026-08-17,ccn-050070,chemo-infusion,1103,1970,
2026-08-17,ccn-050070,chest-xray,504,900,
2026-08-17,ccn-050070,colonoscopy,3679,6570,
2026-08-17,ccn-050070,ct-abd-pelvis,4754,8490,
2026-08-17,ccn-050070,ct-head,2682,4790,
2026-08-17,ccn-050070,dialysis,2453,4380,
2026-08-17,ccn-050070,echocardiogram,3825,6830,
2026-08-17,ccn-050070,ekg,90,160,
2026-08-17,ccn-050070,endoscopy,3707,6620,
2026-08-17,ccn-050070,epidural-inj,3662,6540,
2026-08-17,ccn-050070,er-level3,1622,2896,
2026-08-17,ccn-050070,er-level4,2713,4844,
2026-08-17,ccn-050070,er-level5,4220,7536,
2026-08-17,ccn-050070,flu-shot,21,37,
2026-08-17,ccn-050070,gallbladder,19219,34320,
2026-08-17,ccn-050070,hearing-test,549,980,
2026-08-17,ccn-050070,hernia-repair,18726,33440,
2026-08-17,ccn-050070,hip-replacement,9162,16360,
2026-08-17,ccn-050070,hysterectomy,23128,41300,
2026-08-17,ccn-050070,iud-insertion,1814,3240,
2026-08-17,ccn-050070,iv-hydration,739,1320,
2026-08-17,ccn-050070,iv-infusion,840,1500,
2026-08-17,ccn-050070,joint-injection,1271,2270,
2026-08-17,ccn-050070,knee-replacement,25760,46000,
2026-08-17,ccn-050070,knee-scope,7325,13080,
2026-08-17,ccn-050070,laceration,801,1430,
2026-08-17,ccn-050070,lithotripsy,14426,25760,
2026-08-17,ccn-050070,mammogram-diag,375,670,
2026-08-17,ccn-050070,mammogram-screen,375,670,
2026-08-17,ccn-050070,mri-brain,3629,6480,
2026-08-17,ccn-050070,mri-knee,3438,6140,
2026-08-17,ccn-050070,mri-spine,3282,5860,
2026-08-17,ccn-050070,pap-smear,92,164,
2026-08-17,ccn-050070,physical-therapy,145,259,
2026-08-17,ccn-050070,shoulder-scope,6300,11250,
2026-08-17,ccn-050070,sleep-study,4889,8730,
2026-08-17,ccn-050070,strep-test,171,306,
2026-08-17,ccn-050070,thyroid-us,907,1620,
2026-08-17,ccn-050070,tonsillectomy,8658,15460,
2026-08-17,ccn-050070,us-abdomen,991,1770,
2026-08-17,ccn-050070,us-pregnancy,946,1690,
2026-08-17,ccn-050070,xray-extremity,633,1130,
2026-08-17,ccn-050070,xray-leg,459,820,
2026-08-17,ccn-050071,allergy-test,627,1120,
2026-08-17,ccn-050071,appendectomy,22680,40500,
2026-08-17,ccn-050071,biopsy-needle,4094,7310,
2026-08-17,ccn-050071,blood-cbc,123,220,
2026-08-17,ccn-050071,blood-metabolic,255,456,
2026-08-17,ccn-050071,cardiac-cath,19488,34800,
2026-08-17,ccn-050071,carpal-tunnel,5309,9480,
2026-08-17,ccn-050071,cast-fracture,762,1360,
2026-08-17,ccn-050071,cataract,8624,15400,
2026-08-17,ccn-050071,chemo-infusion,1103,1970,
2026-08-17,ccn-050071,chest-xray,504,900,
2026-08-17,ccn-050071,colonoscopy,3679,6570,
2026-08-17,ccn-050071,ct-abd-pelvis,4754,8490,
2026-08-17,ccn-050071,ct-head,2682,4790,
2026-08-17,ccn-050071,dialysis,2453,4380,
2026-08-17,ccn-050071,echocardiogram,3825,6830,
2026-08-17,ccn-050071,ekg,90,160,
2026-08-17,ccn-050071,endoscopy,3707,6620,
2026-08-17,ccn-050071,epidural-inj,3662,6540,
2026-08-17,ccn-050071,er-level3,1622,2896,
2026-08-17,ccn-050071,er-level4,2713,4844,
2026-08-17,ccn-050071,er-level5,4220,7536,
2026-08-17,ccn-050071,flu-shot,21,37,
2026-08-17,ccn-050071,gallbladder,19219,34320,
2026-08-17,ccn-050071,hearing-test,549,980,
2026-08-17,ccn-050071,hernia-repair,18726,33440,
2026-08-17,ccn-050071,hip-replacement,9162,16360,
2026-08-17,ccn-050071,hysterectomy,23128,41300,
2026-08-17,ccn-050071,iud-insertion,1814,3240,
2026-08-17,ccn-050071,iv-hydration,739,1320,
2026-08-17,ccn-050071,iv-infusion,840,1500,
2026-08-17,ccn-050071,joint-injection,1271,2270,
2026-08-17,ccn-050071,knee-replacement,25760,46000,
2026-08-17,ccn-050071,knee-scope,7325,13080,
2026-08-17,ccn-050071,laceration,801,1430,
2026-08-17,ccn-050071,lithotripsy,14426,25760,
2026-08-17,ccn-050071,mammogram-diag,375,670,
2026-08-17,ccn-050071,mammogram-screen,375,670,
2026-08-17,ccn-050071,mri-brain,3629,6480,
2026-08-17,ccn-050071,mri-knee,3438,6140,
2026-08-17,ccn-050071,mri-spine,3282,5860,
2026-08-17,ccn-050071,pap-smear,92,164,
2026-08-17,ccn-050071,physical-therapy,145,259,
2026-08-17,ccn-050071,shoulder-scope,6300,11250,
2026-08-17,ccn-050071,sleep-study,4889,8730,
2026-08-17,ccn-050071,strep-test,171,306,
2026-08-17,ccn-050071,thyroid-us,907,1620,
2026-08-17,ccn-050071,tonsillectomy,8658,15460,
2026-08-17,ccn-050071,us-abdomen,991,1770,
2026-08-17,ccn-050071,us-pregnancy,946,1690,
2026-08-17,ccn-050071,xray-extremity,633,1130,
2026-08-17,ccn-050071,xray-leg,459,820,
2026-08-17,ccn-050072,allergy-test,627,1120,
2026-08-17,ccn-050072,appendectomy,22680,40500,
2026-08-17,ccn-050072,biopsy-needle,4094,7310,
2026-08-17,ccn-050072,blood-cbc,123,220,
2026-08-17,ccn-050072,blood-metabolic,255,456,
2026-08-17,ccn-050072,cardiac-cath,19488,34800,
2026-08-17,ccn-050072,carpal-tunnel,5309,9480,
2026-08-17,ccn-050072,cast-fracture,762,1360,
2026-08-17,ccn-050072,cataract,8624,15400,
2026-08-17,ccn-050072,chemo-infusion,1103,1970,
2026-08-17,ccn-050072,chest-xray,504,900,
2026-08-17,ccn-050072,colonoscopy,3679,6570,
2026-08-17,ccn-050072,ct-abd-pelvis,4754,8490,
2026-08-17,ccn-050072,ct-head,2682,4790,
2026-08-17,ccn-050072,dialysis,2453,4380,
2026-08-17,ccn-050072,echocardiogram,3825,6830,
2026-08-17,ccn-050072,ekg,90,160,
2026-08-17,ccn-050072,endoscopy,3707,6620,
2026-08-17,ccn-050072,epidural-inj,3662,6540,
2026-08-17,ccn-050072,er-level3,1622,2896,
2026-08-17,ccn-050072,er-level4,2713,4844,
2026-08-17,ccn-050072,er-level5,4220,7536,
2026-08-17,ccn-050072,flu-shot,21,37,
2026-08-17,ccn-050072,gallbladder,19219,34320,
2026-08-17,ccn-050072,hearing-test,549,980,
2026-08-17,ccn-050072,hernia-repair,18726,33440,
2026-08-17,ccn-050072,hip-replacement,9162,16360,
2026-08-17,ccn-050072,hysterectomy,23128,41300,
2026-08-17,ccn-050072,iud-insertion,1814,3240,
2026-08-17,ccn-050072,iv-hydration,739,1320,
2026-08-17,ccn-050072,iv-infusion,840,1500,
2026-08-17,ccn-050072,joint-injection,1271,2270,
2026-08-17,ccn-050072,knee-replacement,25760,46000,
2026-08-17,ccn-050072,knee-scope,7325,13080,
2026-08-17,ccn-050072,laceration,801,1430,
2026-08-17,ccn-050072,lithotripsy,14426,25760,
2026-08-17,ccn-050072,mammogram-diag,375,670,
2026-08-17,ccn-050072,mammogram-screen,375,670,
2026-08-17,ccn-050072,mri-brain,3629,6480,
2026-08-17,ccn-050072,mri-knee,3438,6140,
2026-08-17,ccn-050072,mri-spine,3282,5860,
2026-08-17,ccn-050072,pap-smear,92,164,
2026-08-17,ccn-050072,physical-therapy,145,259,
2026-08-17,ccn-050072,shoulder-scope,6300,11250,
2026-08-17,ccn-050072,sleep-study,4889,8730,
2026-08-17,ccn-050072,strep-test,171,306,
2026-08-17,ccn-050072,thyroid-us,907,1620,
2026-08-17,ccn-050072,tonsillectomy,8658,15460,
2026-08-17,ccn-050072,us-abdomen,991,1770,
2026-08-17,ccn-050072,us-pregnancy,946,1690,
2026-08-17,ccn-050072,xray-extremity,633,1130,
2026-08-17,ccn-050072,xray-leg,459,820,
2026-08-17,ccn-050075,allergy-test,627,1120,
2026-08-17,ccn-050075,appendectomy,22680,40500,
2026-08-17,ccn-050075,biopsy-needle,4094,7310,
2026-08-17,ccn-050075,blood-cbc,123,220,
2026-08-17,ccn-050075,blood-metabolic,255,456,
2026-08-17,ccn-050075,cardiac-cath,19488,34800,
2026-08-17,ccn-050075,carpal-tunnel,5309,9480,
2026-08-17,ccn-050075,cast-fracture,762,1360,
2026-08-17,ccn-050075,cataract,8624,15400,
2026-08-17,ccn-050075,chemo-infusion,1103,1970,
2026-08-17,ccn-050075,chest-xray,504,900,
2026-08-17,ccn-050075,colonoscopy,3679,6570,
2026-08-17,ccn-050075,ct-abd-pelvis,4754,8490,
2026-08-17,ccn-050075,ct-head,2682,4790,
2026-08-17,ccn-050075,dialysis,2453,4380,
2026-08-17,ccn-050075,echocardiogram,3825,6830,
2026-08-17,ccn-050075,ekg,90,160,
2026-08-17,ccn-050075,endoscopy,3707,6620,
2026-08-17,ccn-050075,epidural-inj,3662,6540,
2026-08-17,ccn-050075,er-level3,1622,2896,
2026-08-17,ccn-050075,er-level4,2713,4844,
2026-08-17,ccn-050075,er-level5,4220,7536,
2026-08-17,ccn-050075,flu-shot,21,37,
2026-08-17,ccn-050075,gallbladder,19219,34320,
2026-08-17,ccn-050075,hearing-test,549,980,
2026-08-17,ccn-050075,hernia-repair,18726,33440,
2026-08-17,ccn-050075,hip-replacement,9162,16360,
2026-08-17,ccn-050075,hysterectomy,23128,41300,
2026-08-17,ccn-050075,iud-insertion,1814,3240,
2026-08-17,ccn-050075,iv-hydration,739,1320,
2026-08-17,ccn-050075,iv-infusion,840,1500,
2026-08-17,ccn-050075,joint-injection,1271,2270,
2026-08-17,ccn-050075,knee-replacement,25760,46000,
2026-08-17,ccn-050075,knee-scope,7325,13080,
2026-08-17,ccn-050075,laceration,801,1430,
2026-08-17,ccn-050075,lithotripsy,14426,25760,
2026-08-17,ccn-050075,mammogram-diag,375,670,
2026-08-17,ccn-050075,mammogram-screen,375,670,
2026-08-17,ccn-050075,mri-brain,3629,6480,
2026-08-17,ccn-050075,mri-knee,3438,6140,
2026-08-17,ccn-050075,mri-spine,3282,5860,
2026-08-17,ccn-050075,pap-smear,92,164,
2026-08-17,ccn-050075,physical-therapy,145,259,
2026-08-17,ccn-050075,shoulder-scope,6300,11250,
2026-08-17,ccn-050075,sleep-study,4889,8730,
2026-08-17,ccn-050075,strep-test,171,306,
2026-08-17,ccn-050075,thyroid-us,907,1620,
2026-08-17,ccn-050075,tonsillectomy,8658,15460,
2026-08-17,ccn-050075,us-abdomen,991,1770,
2026-08-17,ccn-050075,us-pregnancy,946,1690,
2026-08-17,ccn-050075,xray-extremity,633,1130,
2026-08-17,ccn-050075,xray-leg,459,820,
2026-08-17,ccn-050076,allergy-test,627,1120,
2026-08-17,ccn-050076,appendectomy,22680,40500,
2026-08-17,ccn-050076,biopsy-needle,4094,7310,
2026-08-17,ccn-050076,blood-cbc,123,220,
2026-08-17,ccn-050076,blood-metabolic,255,456,
2026-08-17,ccn-050076,cardiac-cath,19488,34800,
2026-08-17,ccn-050076,carpal-tunnel,5309,9480,
2026-08-17,ccn-050076,cast-fracture,762,1360,
2026-08-17,ccn-050076,cataract,8624,15400,
2026-08-17,ccn-050076,chemo-infusion,1103,1970,
2026-08-17,ccn-050076,chest-xray,504,900,
2026-08-17,ccn-050076,colonoscopy,3679,6570,
2026-08-17,ccn-050076,ct-abd-pelvis,4754,8490,
2026-08-17,ccn-050076,ct-head,2682,4790,
2026-08-17,ccn-050076,dialysis,2453,4380,
2026-08-17,ccn-050076,echocardiogram,3825,6830,
2026-08-17,ccn-050076,ekg,90,160,
2026-08-17,ccn-050076,endoscopy,3707,6620,
2026-08-17,ccn-050076,epidural-inj,3662,6540,
2026-08-17,ccn-050076,er-level3,1622,2896,
2026-08-17,ccn-050076,er-level4,2713,4844,
2026-08-17,ccn-050076,er-level5,4220,7536,
2026-08-17,ccn-050076,flu-shot,21,37,
2026-08-17,ccn-050076,gallbladder,19219,34320,
2026-08-17,ccn-050076,hearing-test,549,980,
2026-08-17,ccn-050076,hernia-repair,18726,33440,
2026-08-17,ccn-050076,hip-replacement,9162,16360,
2026-08-17,ccn-050076,hysterectomy,23128,41300,
2026-08-17,ccn-050076,iud-insertion,1814,3240,
2026-08-17,ccn-050076,iv-hydration,739,1320,
2026-08-17,ccn-050076,iv-infusion,840,1500,
2026-08-17,ccn-050076,joint-injection,1271,2270,
2026-08-17,ccn-050076,knee-replacement,25760,46000,
2026-08-17,ccn-050076,knee-scope,7325,13080,
2026-08-17,ccn-050076,laceration,801,1430,
2026-08-17,ccn-050076,lithotripsy,14426,25760,
2026-08-17,ccn-050076,mammogram-diag,375,670,
2026-08-17,ccn-050076,mammogram-screen,375,670,
2026-08-17,ccn-050076,mri-brain,3629,6480,
2026-08-17,ccn-050076,mri-knee,3438,6140,
2026-08-17,ccn-050076,mri-spine,3282,5860,
2026-08-17,ccn-050076,pap-smear,92,164,
2026-08-17,ccn-050076,physical-therapy,145,259,
2026-08-17,ccn-050076,shoulder-scope,6300,11250,
2026-08-17,ccn-050076,sleep-study,4889,8730,
2026-08-17,ccn-050076,strep-test,171,306,
2026-08-17,ccn-050076,thyroid-us,907,1620,
2026-08-17,ccn-050076,tonsillectomy,8658,15460,
2026-08-17,ccn-050076,us-abdomen,991,1770,
2026-08-17,ccn-050076,us-pregnancy,946,1690,
2026-08-17,ccn-050076,xray-extremity,633,1130,
2026-08-17,ccn-050076,xray-leg,459,820,
2026-08-17,ccn-050077,appendectomy,13922,55689,
2026-08-17,ccn-050077,biopsy-needle,1462,5847,
2026-08-17,ccn-050077,blood-cbc,28,110,
2026-08-17,ccn-050077,blood-metabolic,98,392,
2026-08-17,ccn-050077,carpal-tunnel,1064,4256,
2026-08-17,ccn-050077,cast-fracture,202,808,
2026-08-17,ccn-050077,cataract,1944,7774,
2026-08-17,ccn-050077,cesarean,11483,45931,
2026-08-17,ccn-050077,chemo-infusion,467,1869,
2026-08-17,ccn-050077,chest-xray,244,975,
2026-08-17,ccn-050077,colonoscopy,749,2998,
2026-08-17,ccn-050077,ct-abd-pelvis,2250,9000,
2026-08-17,ccn-050077,ct-head,864,3458,
2026-08-17,ccn-050077,echocardiogram,392,1567,
2026-08-17,ccn-050077,endoscopy,725,2902,
2026-08-17,ccn-050077,epidural-inj,518,2072,
2026-08-17,ccn-050077,er-level3,604,2415,
2026-08-17,ccn-050077,er-level4,971,3885,
2026-08-17,ccn-050077,er-level5,1969,7874,
2026-08-17,ccn-050077,gallbladder,12439,49755,
2026-08-17,ccn-050077,hearing-test,73,294,
2026-08-17,ccn-050077,hernia-repair,3909,15637,
2026-08-17,ccn-050077,hip-replacement,49604,198415,
2026-08-17,ccn-050077,hysterectomy,14140,56562,
2026-08-17,ccn-050077,iud-insertion,991,3966,
2026-08-17,ccn-050077,iv-hydration,494,1977,
2026-08-17,ccn-050077,iv-infusion,467,1869,
2026-08-17,ccn-050077,joint-injection,956,3823,
2026-08-17,ccn-050077,knee-replacement,49604,198415,
2026-08-17,ccn-050077,knee-scope,2964,11856,
2026-08-17,ccn-050077,laceration,851,3405,
2026-08-17,ccn-050077,lithotripsy,8236,32943,
2026-08-17,ccn-050077,mammogram-diag,168,672,
2026-08-17,ccn-050077,mammogram-screen,181,723,
2026-08-17,ccn-050077,mri-brain,913,3652,
2026-08-17,ccn-050077,mri-knee,1657,6628,
2026-08-17,ccn-050077,mri-spine,753,3013,
2026-08-17,ccn-050077,pap-smear,34,135,
2026-08-17,ccn-050077,physical-therapy,43,173,
2026-08-17,ccn-050077,shoulder-scope,3296,13184,
2026-08-17,ccn-050077,sleep-study,578,2313,
2026-08-17,ccn-050077,strep-test,28,111,
2026-08-17,ccn-050077,thyroid-us,522,2089,
2026-08-17,ccn-050077,tonsillectomy,1855,7420,
2026-08-17,ccn-050077,urgent-care,73,294,
2026-08-17,ccn-050077,us-abdomen,342,1369,
2026-08-17,ccn-050077,us-pregnancy,227,909,
2026-08-17,ccn-050077,xray-extremity,364,1454,
2026-08-17,ccn-050077,xray-leg,227,907,
2026-08-17,ccn-050078,biopsy-needle,3076,8789,
2026-08-17,ccn-050078,blood-cbc,98,281,
2026-08-17,ccn-050078,blood-metabolic,222,634,
2026-08-17,ccn-050078,carpal-tunnel,897,2563,
2026-08-17,ccn-050078,cast-fracture,242,692,
2026-08-17,ccn-050078,chemo-infusion,677,1933,
2026-08-17,ccn-050078,chest-xray,310,887,
2026-08-17,ccn-050078,colonoscopy,498,1424,
2026-08-17,ccn-050078,ct-abd-pelvis,2703,7724,
2026-08-17,ccn-050078,ct-head,1428,4079,
2026-08-17,ccn-050078,dialysis,2016,5760,
2026-08-17,ccn-050078,echocardiogram,1978,5650,
2026-08-17,ccn-050078,endoscopy,508,1452,
2026-08-17,ccn-050078,epidural-inj,1408,4022,
2026-08-17,ccn-050078,er-level3,569,1627,
2026-08-17,ccn-050078,er-level4,1169,3341,
2026-08-17,ccn-050078,er-level5,1810,5171,
2026-08-17,ccn-050078,hernia-repair,1767,5049,
2026-08-17,ccn-050078,iud-insertion,191,545,
2026-08-17,ccn-050078,iv-hydration,231,661,
2026-08-17,ccn-050078,iv-infusion,248,710,
2026-08-17,ccn-050078,joint-injection,308,880,
2026-08-17,ccn-050078,laceration,276,788,
2026-08-17,ccn-050078,mammogram-diag,167,476,
2026-08-17,ccn-050078,mammogram-screen,203,580,
2026-08-17,ccn-050078,mri-brain,2070,5913,
2026-08-17,ccn-050078,mri-knee,1875,5357,
2026-08-17,ccn-050078,mri-spine,2179,6225,
2026-08-17,ccn-050078,physical-therapy,81,231,
2026-08-17,ccn-050078,strep-test,291,831,
2026-08-17,ccn-050078,thyroid-us,682,1949,
2026-08-17,ccn-050078,us-abdomen,942,2692,
2026-08-17,ccn-050078,us-pregnancy,390,1115,
2026-08-17,ccn-050078,xray-extremity,305,872,
2026-08-17,ccn-050078,xray-leg,270,771,
2026-08-17,ccn-050090,biopsy-needle,6168,8812,
2026-08-17,ccn-050090,blood-cbc,175,250,
2026-08-17,ccn-050090,blood-metabolic,340,485,
2026-08-17,ccn-050090,cast-fracture,442,632,
2026-08-17,ccn-050090,chemo-infusion,1177,1681,
2026-08-17,ccn-050090,chest-xray,798,1140,
2026-08-17,ccn-050090,ct-abd-pelvis,7335,10478,
2026-08-17,ccn-050090,ct-head,3710,5300,
2026-08-17,ccn-050090,echocardiogram,4397,6282,
2026-08-17,ccn-050090,ekg,48,69,
2026-08-17,ccn-050090,epidural-inj,4437,6338,
2026-08-17,ccn-050090,er-level3,2375,3393,
2026-08-17,ccn-050090,er-level4,4105,5864,
2026-08-17,ccn-050090,er-level5,6235,8907,
2026-08-17,ccn-050090,hip-replacement,154424,220606,
2026-08-17,ccn-050090,iv-hydration,1088,1554,
2026-08-17,ccn-050090,iv-infusion,1758,2511,
2026-08-17,ccn-050090,joint-injection,2474,3535,
2026-08-17,ccn-050090,knee-replacement,154424,220606,
2026-08-17,ccn-050090,laceration,1387,1981,
2026-08-17,ccn-050090,mammogram-diag,520,743,
2026-08-17,ccn-050090,mammogram-screen,463,661,
2026-08-17,ccn-050090,mri-brain,3784,5406,
2026-08-17,ccn-050090,mri-knee,3573,5104,
2026-08-17,ccn-050090,mri-spine,3348,4783,
2026-08-17,ccn-050090,physical-therapy,174,248,
2026-08-17,ccn-050090,spinal-fusion,159127,227325,
2026-08-17,ccn-050090,thyroid-us,1142,1631,
2026-08-17,ccn-050090,urgent-care,108,155,
2026-08-17,ccn-050090,us-abdomen,1310,1872,
2026-08-17,ccn-050090,us-pregnancy,2121,3030,
2026-08-17,ccn-050090,xray-extremity,783,1118,
2026-08-17,ccn-050090,xray-leg,738,1055,
2026-08-17,ccn-050100,biopsy-needle,5093,6791,
2026-08-17,ccn-050100,blood-cbc,148,197,
2026-08-17,ccn-050100,blood-metabolic,339,452,
2026-08-17,ccn-050100,cardiac-cath,16573,22097,
2026-08-17,ccn-050100,carpal-tunnel,6837,9116,
2026-08-17,ccn-050100,cast-fracture,666,888,
2026-08-17,ccn-050100,cesarean,77421,103228,
2026-08-17,ccn-050100,chemo-infusion,1971,2628,
2026-08-17,ccn-050100,chest-xray,532,710,
2026-08-17,ccn-050100,colonoscopy,2537,3383,
2026-08-17,ccn-050100,ct-abd-pelvis,4994,6658,
2026-08-17,ccn-050100,ct-head,2786,3714,
2026-08-17,ccn-050100,dialysis,2060,2746,
2026-08-17,ccn-050100,echocardiogram,4104,5472,
2026-08-17,ccn-050100,endoscopy,2668,3558,
2026-08-17,ccn-050100,epidural-inj,2718,3624,
2026-08-17,ccn-050100,er-level3,2188,2917,
2026-08-17,ccn-050100,er-level4,3900,5200,
2026-08-17,ccn-050100,er-level5,5700,7600,
2026-08-17,ccn-050100,flu-shot,15,20,
2026-08-17,ccn-050100,hip-replacement,108334,144446,
2026-08-17,ccn-050100,iud-insertion,1064,1418,
2026-08-17,ccn-050100,iv-hydration,825,1100,
2026-08-17,ccn-050100,iv-infusion,926,1235,
2026-08-17,ccn-050100,joint-injection,1499,1999,
2026-08-17,ccn-050100,knee-replacement,108334,144446,
2026-08-17,ccn-050100,laceration,1517,2023,
2026-08-17,ccn-050100,mammogram-diag,420,560,
2026-08-17,ccn-050100,mammogram-screen,435,580,
2026-08-17,ccn-050100,mri-brain,3036,4048,
2026-08-17,ccn-050100,mri-knee,3247,4329,
2026-08-17,ccn-050100,mri-spine,3112,4149,
2026-08-17,ccn-050100,physical-therapy,164,218,
2026-08-17,ccn-050100,prostate-biopsy,3221,4295,
2026-08-17,ccn-050100,sleep-study,5535,7380,
2026-08-17,ccn-050100,strep-test,132,176,
2026-08-17,ccn-050100,thyroid-us,1016,1354,
2026-08-17,ccn-050100,urgent-care,296,395,
2026-08-17,ccn-050100,us-abdomen,1400,1866,
2026-08-17,ccn-050100,us-pregnancy,1069,1425,
2026-08-17,ccn-050100,xray-extremity,575,767,
2026-08-17,ccn-050100,xray-leg,513,684,
2026-08-17,ccn-050124,biopsy-needle,7063,7063,
2026-08-17,ccn-050124,blood-cbc,142,142,
2026-08-17,ccn-050124,blood-metabolic,644,644,
2026-08-17,ccn-050124,cardiac-cath,17824,17824,
2026-08-17,ccn-050124,chest-xray,719,719,
2026-08-17,ccn-050124,ct-abd-pelvis,8135,8135,
2026-08-17,ccn-050124,ct-head,3968,3968,
2026-08-17,ccn-050124,echocardiogram,6767,6767,
2026-08-17,ccn-050124,epidural-inj,3776,3776,
2026-08-17,ccn-050124,er-level3,2176,2176,
2026-08-17,ccn-050124,er-level4,2951,2951,
2026-08-17,ccn-050124,er-level5,5311,5311,
2026-08-17,ccn-050124,iv-hydration,936,936,
2026-08-17,ccn-050124,iv-infusion,952,952,
2026-08-17,ccn-050124,joint-injection,1038,1038,
2026-08-17,ccn-050124,mammogram-diag,822,822,
2026-08-17,ccn-050124,mammogram-screen,771,771,
2026-08-17,ccn-050124,mri-brain,3836,3836,
2026-08-17,ccn-050124,mri-knee,5469,5469,
2026-08-17,ccn-050124,mri-spine,5343,5343,
2026-08-17,ccn-050124,physical-therapy,204,204,
2026-08-17,ccn-050124,thyroid-us,1571,1571,
2026-08-17,ccn-050124,us-abdomen,2946,2946,
2026-08-17,ccn-050124,us-pregnancy,2710,2710,
2026-08-17,ccn-050124,xray-extremity,948,948,
2026-08-17,ccn-050124,xray-leg,874,874,
2026-08-17,ccn-050128,biopsy-needle,1907,3179,
2026-08-17,ccn-050128,blood-cbc,2,4,
2026-08-17,ccn-050128,blood-metabolic,2,4,
2026-08-17,ccn-050128,cardiac-cath,4235,7058,
2026-08-17,ccn-050128,cesarean,11438,19064,
2026-08-17,ccn-050128,chemo-infusion,538,897,
2026-08-17,ccn-050128,chest-xray,374,624,
2026-08-17,ccn-050128,ct-abd-pelvis,4043,6738,
2026-08-17,ccn-050128,ct-head,1992,3320,
2026-08-17,ccn-050128,dialysis,853,1421,
2026-08-17,ccn-050128,echocardiogram,1768,2946,
2026-08-17,ccn-050128,epidural-inj,782,1304,
2026-08-17,ccn-050128,er-level3,972,1620,
2026-08-17,ccn-050128,er-level4,1504,2507,
2026-08-17,ccn-050128,er-level5,2270,3784,
2026-08-17,ccn-050128,hip-replacement,53143,88572,
2026-08-17,ccn-050128,iv-hydration,208,347,
2026-08-17,ccn-050128,iv-infusion,346,576,
2026-08-17,ccn-050128,joint-injection,470,783,
2026-08-17,ccn-050128,knee-replacement,53143,88572,
2026-08-17,ccn-050128,laceration,335,559,
2026-08-17,ccn-050128,lithotripsy,24250,40417,
2026-08-17,ccn-050128,mammogram-diag,203,338,
2026-08-17,ccn-050128,mammogram-screen,215,358,
2026-08-17,ccn-050128,mri-brain,2096,3493,
2026-08-17,ccn-050128,mri-knee,2096,3493,
2026-08-17,ccn-050128,mri-spine,2096,3493,
2026-08-17,ccn-050128,physical-therapy,80,133,
2026-08-17,ccn-050128,prostate-biopsy,1903,3171,
2026-08-17,ccn-050128,spinal-fusion,110378,183964,
2026-08-17,ccn-050128,strep-test,14,23,
2026-08-17,ccn-050128,thyroid-us,217,362,
2026-08-17,ccn-050128,urgent-care,207,345,
2026-08-17,ccn-050128,us-abdomen,395,658,
2026-08-17,ccn-050128,us-pregnancy,444,740,
2026-08-17,ccn-050128,xray-extremity,771,1285,
2026-08-17,ccn-050128,xray-leg,771,1285,
2026-08-17,ccn-050137,allergy-test,566,1089,
2026-08-17,ccn-050137,appendectomy,8008,15400,
2026-08-17,ccn-050137,biopsy-needle,3214,6180,
2026-08-17,ccn-050137,blood-cbc,111,213,
2026-08-17,ccn-050137,blood-metabolic,269,517,
2026-08-17,ccn-050137,cardiac-cath,12927,24860,
2026-08-17,ccn-050137,carpal-tunnel,3609,6940,
2026-08-17,ccn-050137,cast-fracture,499,960,
2026-08-17,ccn-050137,cataract,5044,9700,
2026-08-17,ccn-050137,chemo-infusion,874,1680,
2026-08-17,ccn-050137,chest-xray,385,740,
2026-08-17,ccn-050137,colonoscopy,2080,4000,
2026-08-17,ccn-050137,ct-abd-pelvis,4004,7700,
2026-08-17,ccn-050137,ct-head,2288,4400,
2026-08-17,ccn-050137,dialysis,2340,4500,
2026-08-17,ccn-050137,echocardiogram,2688,5170,
2026-08-17,ccn-050137,endoscopy,1872,3600,
2026-08-17,ccn-050137,epidural-inj,2220,4270,
2026-08-17,ccn-050137,er-level3,1208,2323,
2026-08-17,ccn-050137,er-level4,1953,3756,
2026-08-17,ccn-050137,er-level5,3284,6316,
2026-08-17,ccn-050137,flu-shot,16,30,
2026-08-17,ccn-050137,gallbladder,13208,25400,
2026-08-17,ccn-050137,hernia-repair,7389,14210,
2026-08-17,ccn-050137,hysterectomy,4436,8530,
2026-08-17,ccn-050137,iud-insertion,588,1130,
2026-08-17,ccn-050137,iv-hydration,442,850,
2026-08-17,ccn-050137,iv-infusion,478,920,
2026-08-17,ccn-050137,joint-injection,952,1830,
2026-08-17,ccn-050137,knee-scope,5148,9900,
2026-08-17,ccn-050137,laceration,749,1440,
2026-08-17,ccn-050137,lithotripsy,6510,12520,
2026-08-17,ccn-050137,mammogram-diag,353,679,
2026-08-17,ccn-050137,mammogram-screen,380,731,
2026-08-17,ccn-050137,mri-brain,2600,5000,
2026-08-17,ccn-050137,mri-knee,2392,4600,
2026-08-17,ccn-050137,mri-spine,2496,4800,
2026-08-17,ccn-050137,pap-smear,100,193,
2026-08-17,ccn-050137,physical-therapy,137,264,
2026-08-17,ccn-050137,shoulder-scope,9745,18740,
2026-08-17,ccn-050137,strep-test,111,213,
2026-08-17,ccn-050137,stress-test,270,520,
2026-08-17,ccn-050137,thyroid-us,827,1590,
2026-08-17,ccn-050137,tonsillectomy,1456,2800,
2026-08-17,ccn-050137,us-abdomen,1191,2290,
2026-08-17,ccn-050137,us-pregnancy,728,1400,
2026-08-17,ccn-050137,xray-extremity,432,830,
2026-08-17,ccn-050137,xray-leg,406,780,
2026-08-17,ccn-050138,allergy-test,566,1089,
2026-08-17,ccn-050138,appendectomy,8008,15400,
2026-08-17,ccn-050138,biopsy-needle,3214,6180,
2026-08-17,ccn-050138,blood-cbc,111,213,
2026-08-17,ccn-050138,blood-metabolic,269,517,
2026-08-17,ccn-050138,cardiac-cath,12927,24860,
2026-08-17,ccn-050138,carpal-tunnel,3609,6940,
2026-08-17,ccn-050138,cast-fracture,499,960,
2026-08-17,ccn-050138,cataract,5044,9700,
2026-08-17,ccn-050138,chemo-infusion,874,1680,
2026-08-17,ccn-050138,chest-xray,385,740,
2026-08-17,ccn-050138,colonoscopy,2080,4000,
2026-08-17,ccn-050138,ct-abd-pelvis,4004,7700,
2026-08-17,ccn-050138,ct-head,2288,4400,
2026-08-17,ccn-050138,dialysis,2340,4500,
2026-08-17,ccn-050138,echocardiogram,2688,5170,
2026-08-17,ccn-050138,endoscopy,1872,3600,
2026-08-17,ccn-050138,epidural-inj,2220,4270,
2026-08-17,ccn-050138,er-level3,1208,2323,
2026-08-17,ccn-050138,er-level4,1953,3756,
2026-08-17,ccn-050138,er-level5,3284,6316,
2026-08-17,ccn-050138,flu-shot,16,30,
2026-08-17,ccn-050138,gallbladder,13208,25400,
2026-08-17,ccn-050138,hernia-repair,7389,14210,
2026-08-17,ccn-050138,hysterectomy,4436,8530,
2026-08-17,ccn-050138,iud-insertion,588,1130,
2026-08-17,ccn-050138,iv-hydration,442,850,
2026-08-17,ccn-050138,iv-infusion,478,920,
2026-08-17,ccn-050138,joint-injection,952,1830,
2026-08-17,ccn-050138,knee-scope,5148,9900,
2026-08-17,ccn-050138,laceration,749,1440,
2026-08-17,ccn-050138,lithotripsy,6510,12520,
2026-08-17,ccn-050138,mammogram-diag,353,679,
2026-08-17,ccn-050138,mammogram-screen,380,731,
2026-08-17,ccn-050138,mri-brain,2600,5000,
2026-08-17,ccn-050138,mri-knee,2392,4600,
2026-08-17,ccn-050138,mri-spine,2496,4800,
2026-08-17,ccn-050138,pap-smear,100,193,
2026-08-17,ccn-050138,physical-therapy,137,264,
2026-08-17,ccn-050138,shoulder-scope,9745,18740,
2026-08-17,ccn-050138,strep-test,111,213,
2026-08-17,ccn-050138,stress-test,270,520,
2026-08-17,ccn-050138,thyroid-us,827,1590,
2026-08-17,ccn-050138,tonsillectomy,1456,2800,
2026-08-17,ccn-050138,us-abdomen,1191,2290,
2026-08-17,ccn-050138,us-pregnancy,728,1400,
2026-08-17,ccn-050138,xray-extremity,432,830,
2026-08-17,ccn-050138,xray-leg,406,780,
2026-08-17,ccn-050139,allergy-test,566,1089,
2026-08-17,ccn-050139,appendectomy,8008,15400,
2026-08-17,ccn-050139,biopsy-needle,3214,6180,
2026-08-17,ccn-050139,blood-cbc,111,213,
2026-08-17,ccn-050139,blood-metabolic,269,517,
2026-08-17,ccn-050139,cardiac-cath,12927,24860,
2026-08-17,ccn-050139,carpal-tunnel,3609,6940,
2026-08-17,ccn-050139,cast-fracture,499,960,
2026-08-17,ccn-050139,cataract,5044,9700,
2026-08-17,ccn-050139,chemo-infusion,874,1680,
2026-08-17,ccn-050139,chest-xray,385,740,
2026-08-17,ccn-050139,colonoscopy,2080,4000,
2026-08-17,ccn-050139,ct-abd-pelvis,4004,7700,
2026-08-17,ccn-050139,ct-head,2288,4400,
2026-08-17,ccn-050139,dialysis,2340,4500,
2026-08-17,ccn-050139,echocardiogram,2688,5170,
2026-08-17,ccn-050139,endoscopy,1872,3600,
2026-08-17,ccn-050139,epidural-inj,2220,4270,
2026-08-17,ccn-050139,er-level3,1208,2323,
2026-08-17,ccn-050139,er-level4,1953,3756,
2026-08-17,ccn-050139,er-level5,3284,6316,
2026-08-17,ccn-050139,flu-shot,16,30,
2026-08-17,ccn-050139,gallbladder,13208,25400,
2026-08-17,ccn-050139,hernia-repair,7389,14210,
2026-08-17,ccn-050139,hysterectomy,4436,8530,
2026-08-17,ccn-050139,iud-insertion,588,1130,
2026-08-17,ccn-050139,iv-hydration,442,850,
2026-08-17,ccn-050139,iv-infusion,478,920,
2026-08-17,ccn-050139,joint-injection,952,1830,
2026-08-17,ccn-050139,knee-scope,5148,9900,
2026-08-17,ccn-050139,laceration,749,1440,
2026-08-17,ccn-050139,lithotripsy,6510,12520,
2026-08-17,ccn-050139,mammogram-diag,353,679,
2026-08-17,ccn-050139,mammogram-screen,380,731,
2026-08-17,ccn-050139,mri-brain,2600,5000,
2026-08-17,ccn-050139,mri-knee,2392,4600,
2026-08-17,ccn-050139,mri-spine,2496,4800,
2026-08-17,ccn-050139,pap-smear,100,193,
2026-08-17,ccn-050139,physical-therapy,137,264,
2026-08-17,ccn-050139,shoulder-scope,9745,18740,
2026-08-17,ccn-050139,strep-test,111,213,
2026-08-17,ccn-050139,stress-test,270,520,
2026-08-17,ccn-050139,thyroid-us,827,1590,
2026-08-17,ccn-050139,tonsillectomy,1456,2800,
2026-08-17,ccn-050139,us-abdomen,1191,2290,
2026-08-17,ccn-050139,us-pregnancy,728,1400,
2026-08-17,ccn-050139,xray-extremity,432,830,
2026-08-17,ccn-050139,xray-leg,406,780,
2026-08-17,ccn-050140,allergy-test,566,1089,
2026-08-17,ccn-050140,appendectomy,8008,15400,
2026-08-17,ccn-050140,biopsy-needle,3214,6180,
2026-08-17,ccn-050140,blood-cbc,111,213,
2026-08-17,ccn-050140,blood-metabolic,269,517,
2026-08-17,ccn-050140,cardiac-cath,12927,24860,
2026-08-17,ccn-050140,carpal-tunnel,3609,6940,
2026-08-17,ccn-050140,cast-fracture,499,960,
2026-08-17,ccn-050140,cataract,5044,9700,
2026-08-17,ccn-050140,chemo-infusion,874,1680,
2026-08-17,ccn-050140,chest-xray,385,740,
2026-08-17,ccn-050140,colonoscopy,2080,4000,
2026-08-17,ccn-050140,ct-abd-pelvis,4004,7700,
2026-08-17,ccn-050140,ct-head,2288,4400,
2026-08-17,ccn-050140,dialysis,2340,4500,
2026-08-17,ccn-050140,echocardiogram,2688,5170,
2026-08-17,ccn-050140,endoscopy,1872,3600,
2026-08-17,ccn-050140,epidural-inj,2220,4270,
2026-08-17,ccn-050140,er-level3,1208,2323,
2026-08-17,ccn-050140,er-level4,1953,3756,
2026-08-17,ccn-050140,er-level5,3284,6316,
2026-08-17,ccn-050140,flu-shot,16,30,
2026-08-17,ccn-050140,gallbladder,13208,25400,
2026-08-17,ccn-050140,hernia-repair,7389,14210,
2026-08-17,ccn-050140,hysterectomy,4436,8530,
2026-08-17,ccn-050140,iud-insertion,588,1130,
2026-08-17,ccn-050140,iv-hydration,442,850,
2026-08-17,ccn-050140,iv-infusion,478,920,
2026-08-17,ccn-050140,joint-injection,952,1830,
2026-08-17,ccn-050140,knee-scope,5148,9900,
2026-08-17,ccn-050140,laceration,749,1440,
2026-08-17,ccn-050140,lithotripsy,6510,12520,
2026-08-17,ccn-050140,mammogram-diag,353,679,
2026-08-17,ccn-050140,mammogram-screen,380,731,
2026-08-17,ccn-050140,mri-brain,2600,5000,
2026-08-17,ccn-050140,mri-knee,2392,4600,
2026-08-17,ccn-050140,mri-spine,2496,4800,
2026-08-17,ccn-050140,pap-smear,100,193,
2026-08-17,ccn-050140,physical-therapy,137,264,
2026-08-17,ccn-050140,shoulder-scope,9745,18740,
2026-08-17,ccn-050140,strep-test,111,213,
2026-08-17,ccn-050140,stress-test,270,520,
2026-08-17,ccn-050140,thyroid-us,827,1590,
2026-08-17,ccn-050140,tonsillectomy,1456,2800,
2026-08-17,ccn-050140,us-abdomen,1191,2290,
2026-08-17,ccn-050140,us-pregnancy,728,1400,
2026-08-17,ccn-050140,xray-extremity,432,830,
2026-08-17,ccn-050140,xray-leg,406,780,
2026-08-17,ccn-050168,biopsy-needle,3783,7882,
2026-08-17,ccn-050168,blood-cbc,2,4,
2026-08-17,ccn-050168,blood-metabolic,14,30,
2026-08-17,ccn-050168,cardiac-cath,7429,15477,
2026-08-17,ccn-050168,carpal-tunnel,1099,2290,
2026-08-17,ccn-050168,cast-fracture,416,867,
2026-08-17,ccn-050168,cataract,4019,8372,
2026-08-17,ccn-050168,chemo-infusion,326,679,
2026-08-17,ccn-050168,chest-xray,767,1597,
2026-08-17,ccn-050168,colonoscopy,1045,2177,
2026-08-17,ccn-050168,ct-abd-pelvis,2250,4688,
2026-08-17,ccn-050168,ct-head,1317,2744,
2026-08-17,ccn-050168,dialysis,870,1812,
2026-08-17,ccn-050168,echocardiogram,1577,3285,
2026-08-17,ccn-050168,endoscopy,1076,2241,
2026-08-17,ccn-050168,epidural-inj,1555,3240,
2026-08-17,ccn-050168,er-level3,1705,3552,
2026-08-17,ccn-050168,er-level4,2534,5280,
2026-08-17,ccn-050168,er-level5,3520,7334,
2026-08-17,ccn-050168,hernia-repair,2166,4513,
2026-08-17,ccn-050168,iud-insertion,133,278,
2026-08-17,ccn-050168,iv-hydration,195,407,
2026-08-17,ccn-050168,iv-infusion,255,531,
2026-08-17,ccn-050168,joint-injection,377,786,
2026-08-17,ccn-050168,laceration,381,794,
2026-08-17,ccn-050168,mammogram-diag,495,1031,
2026-08-17,ccn-050168,mammogram-screen,576,1200,
2026-08-17,ccn-050168,mri-brain,5949,12393,
2026-08-17,ccn-050168,mri-knee,4975,10364,
2026-08-17,ccn-050168,mri-spine,5754,11987,
2026-08-17,ccn-050168,physical-therapy,130,270,
2026-08-17,ccn-050168,prostate-biopsy,2825,5885,
2026-08-17,ccn-050168,sleep-study,1543,3215,
2026-08-17,ccn-050168,strep-test,49,102,
2026-08-17,ccn-050168,thyroid-us,1787,3723,
2026-08-17,ccn-050168,us-abdomen,2002,4171,
2026-08-17,ccn-050168,us-pregnancy,560,1166,
2026-08-17,ccn-050168,xray-extremity,525,1093,
2026-08-17,ccn-050168,xray-leg,442,921,
2026-08-17,ccn-050174,biopsy-needle,2809,5507,
2026-08-17,ccn-050174,blood-cbc,2,4,
2026-08-17,ccn-050174,blood-metabolic,15,30,
2026-08-17,ccn-050174,cardiac-cath,17720,34745,
2026-08-17,ccn-050174,carpal-tunnel,3893,7634,
2026-08-17,ccn-050174,cast-fracture,1050,2058,
2026-08-17,ccn-050174,chemo-infusion,749,1468,
2026-08-17,ccn-050174,chest-xray,853,1672,
2026-08-17,ccn-050174,colonoscopy,1613,3162,
2026-08-17,ccn-050174,ct-abd-pelvis,8121,15923,
2026-08-17,ccn-050174,ct-head,2395,4697,
2026-08-17,ccn-050174,dialysis,2275,4460,
2026-08-17,ccn-050174,echocardiogram,2253,4418,
2026-08-17,ccn-050174,endoscopy,1602,3141,
2026-08-17,ccn-050174,epidural-inj,2985,5852,
2026-08-17,ccn-050174,er-level3,1666,3267,
2026-08-17,ccn-050174,er-level4,817,1601,
2026-08-17,ccn-050174,er-level5,4132,8102,
2026-08-17,ccn-050174,flu-shot,84,165,
2026-08-17,ccn-050174,hernia-repair,7671,15042,
2026-08-17,ccn-050174,iud-insertion,2379,4665,
2026-08-17,ccn-050174,iv-hydration,392,768,
2026-08-17,ccn-050174,iv-infusion,836,1640,
2026-08-17,ccn-050174,joint-injection,850,1667,
2026-08-17,ccn-050174,laceration,1359,2664,
2026-08-17,ccn-050174,mammogram-diag,684,1342,
2026-08-17,ccn-050174,mammogram-screen,684,1342,
2026-08-17,ccn-050174,mri-brain,3720,7295,
2026-08-17,ccn-050174,mri-knee,4281,8395,
2026-08-17,ccn-050174,mri-spine,4765,9343,
2026-08-17,ccn-050174,physical-therapy,182,357,
2026-08-17,ccn-050174,sleep-study,2083,4085,
2026-08-17,ccn-050174,strep-test,240,470,
2026-08-17,ccn-050174,thyroid-us,1216,2385,
2026-08-17,ccn-050174,us-abdomen,1408,2760,
2026-08-17,ccn-050174,us-pregnancy,2879,5645,
2026-08-17,ccn-050174,xray-extremity,994,1949,
2026-08-17,ccn-050174,xray-leg,1033,2026,
2026-08-17,ccn-050195,biopsy-needle,966,1486,
2026-08-17,ccn-050195,blood-cbc,264,406,
2026-08-17,ccn-050195,blood-metabolic,10,15,
2026-08-17,ccn-050195,cardiac-cath,17099,26306,
2026-08-17,ccn-050195,cesarean,50432,77587,
2026-08-17,ccn-050195,chemo-infusion,657,1011,
2026-08-17,ccn-050195,chest-xray,402,619,
2026-08-17,ccn-050195,colonoscopy,2503,3851,
2026-08-17,ccn-050195,ct-abd-pelvis,5505,8470,
2026-08-17,ccn-050195,ct-head,1953,3005,
2026-08-17,ccn-050195,echocardiogram,4485,6900,
2026-08-17,ccn-050195,endoscopy,2503,3851,
2026-08-17,ccn-050195,epidural-inj,2515,3869,
2026-08-17,ccn-050195,er-level3,10676,16425,
2026-08-17,ccn-050195,er-level4,15488,23827,
2026-08-17,ccn-050195,er-level5,16691,25679,
2026-08-17,ccn-050195,hip-replacement,99146,152532,
2026-08-17,ccn-050195,iv-hydration,417,642,
2026-08-17,ccn-050195,iv-infusion,590,907,
2026-08-17,ccn-050195,joint-injection,310,477,
2026-08-17,ccn-050195,knee-replacement,99146,152532,
2026-08-17,ccn-050195,laceration,338,520,
2026-08-17,ccn-050195,mammogram-diag,174,268,
2026-08-17,ccn-050195,mammogram-screen,214,329,
2026-08-17,ccn-050195,mri-brain,2741,4217,
2026-08-17,ccn-050195,mri-knee,2741,4217,
2026-08-17,ccn-050195,mri-spine,2741,4217,
2026-08-17,ccn-050195,physical-therapy,173,266,
2026-08-17,ccn-050195,spinal-fusion,271648,417920,
2026-08-17,ccn-050195,thyroid-us,507,780,
2026-08-17,ccn-050195,urgent-care,580,893,
2026-08-17,ccn-050195,us-abdomen,744,1145,
2026-08-17,ccn-050195,us-pregnancy,871,1340,
2026-08-17,ccn-050195,xray-extremity,350,538,
2026-08-17,ccn-050195,xray-leg,259,399,
2026-08-17,ccn-050222,biopsy-needle,5093,6791,
2026-08-17,ccn-050222,blood-cbc,148,197,
2026-08-17,ccn-050222,blood-metabolic,339,452,
2026-08-17,ccn-050222,cardiac-cath,16573,22097,
2026-08-17,ccn-050222,carpal-tunnel,6837,9116,
2026-08-17,ccn-050222,cast-fracture,666,888,
2026-08-17,ccn-050222,cesarean,77421,103228,
2026-08-17,ccn-050222,chemo-infusion,1971,2628,
2026-08-17,ccn-050222,chest-xray,532,710,
2026-08-17,ccn-050222,colonoscopy,2537,3383,
2026-08-17,ccn-050222,ct-abd-pelvis,4994,6658,
2026-08-17,ccn-050222,ct-head,2786,3714,
2026-08-17,ccn-050222,dialysis,2060,2746,
2026-08-17,ccn-050222,echocardiogram,4104,5472,
2026-08-17,ccn-050222,endoscopy,2668,3558,
2026-08-17,ccn-050222,epidural-inj,2718,3624,
2026-08-17,ccn-050222,er-level3,2188,2917,
2026-08-17,ccn-050222,er-level4,3900,5200,
2026-08-17,ccn-050222,er-level5,7125,9500,
2026-08-17,ccn-050222,flu-shot,15,20,
2026-08-17,ccn-050222,hip-replacement,108334,144446,
2026-08-17,ccn-050222,iud-insertion,1064,1418,
2026-08-17,ccn-050222,iv-hydration,825,1100,
2026-08-17,ccn-050222,iv-infusion,926,1235,
2026-08-17,ccn-050222,joint-injection,1499,1999,
2026-08-17,ccn-050222,knee-replacement,108334,144446,
2026-08-17,ccn-050222,laceration,1517,2023,
2026-08-17,ccn-050222,mammogram-diag,420,560,
2026-08-17,ccn-050222,mammogram-screen,435,580,
2026-08-17,ccn-050222,mri-brain,3036,4048,
2026-08-17,ccn-050222,mri-knee,3247,4329,
2026-08-17,ccn-050222,mri-spine,3112,4149,
2026-08-17,ccn-050222,physical-therapy,164,218,
2026-08-17,ccn-050222,prostate-biopsy,3221,4295,
2026-08-17,ccn-050222,sleep-study,5535,7380,
2026-08-17,ccn-050222,strep-test,132,176,
2026-08-17,ccn-050222,thyroid-us,1016,1354,
2026-08-17,ccn-050222,urgent-care,311,415,
2026-08-17,ccn-050222,us-abdomen,1400,1866,
2026-08-17,ccn-050222,us-pregnancy,1069,1425,
2026-08-17,ccn-050222,xray-extremity,575,767,
2026-08-17,ccn-050222,xray-leg,513,684,
2026-08-17,ccn-050224,blood-cbc,94,144,
2026-08-17,ccn-050224,blood-metabolic,84,130,
2026-08-17,ccn-050231,blood-metabolic,12,,
2026-08-17,ccn-050231,cardiac-cath,3010,,
2026-08-17,ccn-050231,chest-xray,75,,
2026-08-17,ccn-050231,ct-abd-pelvis,525,,
2026-08-17,ccn-050231,ct-head,350,,
2026-08-17,ccn-050231,echocardiogram,566,,
2026-08-17,ccn-050231,endoscopy,1582,,
2026-08-17,ccn-050231,mammogram-diag,120,,
2026-08-17,ccn-050231,mammogram-screen,120,,
2026-08-17,ccn-050231,mri-brain,500,,
2026-08-17,ccn-050231,mri-knee,500,,
2026-08-17,ccn-050231,mri-spine,500,,
2026-08-17,ccn-050231,pap-smear,72,,
2026-08-17,ccn-050231,sleep-study,860,,
2026-08-17,ccn-050231,strep-test,19,,
2026-08-17,ccn-050231,thyroid-us,175,,
2026-08-17,ccn-050231,us-abdomen,175,,
2026-08-17,ccn-050231,us-pregnancy,175,,
2026-08-17,ccn-050231,xray-extremity,75,,
2026-08-17,ccn-050231,xray-leg,75,,
2026-08-17,ccn-050234,biopsy-needle,5093,6791,
2026-08-17,ccn-050234,blood-cbc,148,197,
2026-08-17,ccn-050234,blood-metabolic,339,452,
2026-08-17,ccn-050234,cardiac-cath,16573,22097,
2026-08-17,ccn-050234,carpal-tunnel,6837,9116,
2026-08-17,ccn-050234,cast-fracture,666,888,
2026-08-17,ccn-050234,cesarean,77421,103228,
2026-08-17,ccn-050234,chemo-infusion,1971,2628,
2026-08-17,ccn-050234,chest-xray,532,710,
2026-08-17,ccn-050234,colonoscopy,2537,3383,
2026-08-17,ccn-050234,ct-abd-pelvis,4994,6658,
2026-08-17,ccn-050234,ct-head,2786,3714,
2026-08-17,ccn-050234,dialysis,2060,2746,
2026-08-17,ccn-050234,echocardiogram,4514,6019,
2026-08-17,ccn-050234,endoscopy,2668,3558,
2026-08-17,ccn-050234,epidural-inj,2718,3624,
2026-08-17,ccn-050234,er-level3,2188,2917,
2026-08-17,ccn-050234,er-level4,7800,10400,
2026-08-17,ccn-050234,er-level5,5700,7600,
2026-08-17,ccn-050234,flu-shot,15,20,
2026-08-17,ccn-050234,hip-replacement,108334,144446,
2026-08-17,ccn-050234,iud-insertion,1064,1418,
2026-08-17,ccn-050234,iv-hydration,825,1100,
2026-08-17,ccn-050234,iv-infusion,926,1235,
2026-08-17,ccn-050234,joint-injection,1499,1999,
2026-08-17,ccn-050234,knee-replacement,108334,144446,
2026-08-17,ccn-050234,laceration,1517,2023,
2026-08-17,ccn-050234,mammogram-diag,420,560,
2026-08-17,ccn-050234,mammogram-screen,435,580,
2026-08-17,ccn-050234,mri-brain,3036,4048,
2026-08-17,ccn-050234,mri-knee,3247,4329,
2026-08-17,ccn-050234,mri-spine,3112,4149,
2026-08-17,ccn-050234,physical-therapy,164,218,
2026-08-17,ccn-050234,prostate-biopsy,3221,4295,
2026-08-17,ccn-050234,sleep-study,5535,7380,
2026-08-17,ccn-050234,strep-test,132,176,
2026-08-17,ccn-050234,thyroid-us,1016,1354,
2026-08-17,ccn-050234,urgent-care,311,415,
2026-08-17,ccn-050234,us-abdomen,1400,1866,
2026-08-17,ccn-050234,us-pregnancy,1069,1425,
2026-08-17,ccn-050234,xray-extremity,575,767,
2026-08-17,ccn-050234,xray-leg,513,684,
2026-08-17,ccn-050235,biopsy-needle,3836,10960,
2026-08-17,ccn-050235,blood-cbc,99,283,
2026-08-17,ccn-050235,blood-metabolic,432,1234,
2026-08-17,ccn-050235,cardiac-cath,7770,22201,
2026-08-17,ccn-050235,carpal-tunnel,1137,3248,
2026-08-17,ccn-050235,cast-fracture,475,1358,
2026-08-17,ccn-050235,chemo-infusion,814,2326,
2026-08-17,ccn-050235,chest-xray,469,1339,
2026-08-17,ccn-050235,colonoscopy,511,1460,
2026-08-17,ccn-050235,ct-abd-pelvis,3034,8669,
2026-08-17,ccn-050235,ct-head,1406,4016,
2026-08-17,ccn-050235,dialysis,605,1729,
2026-08-17,ccn-050235,echocardiogram,2227,6362,
2026-08-17,ccn-050235,endoscopy,407,1164,
2026-08-17,ccn-050235,epidural-inj,2113,6038,
2026-08-17,ccn-050235,er-level3,578,1651,
2026-08-17,ccn-050235,er-level4,1586,4530,
2026-08-17,ccn-050235,er-level5,2853,8152,
2026-08-17,ccn-050235,hearing-test,344,983,
2026-08-17,ccn-050235,hernia-repair,2240,6401,
2026-08-17,ccn-050235,iud-insertion,227,648,
2026-08-17,ccn-050235,iv-hydration,728,2081,
2026-08-17,ccn-050235,iv-infusion,757,2162,
2026-08-17,ccn-050235,joint-injection,1195,3413,
2026-08-17,ccn-050235,laceration,602,1720,
2026-08-17,ccn-050235,mammogram-diag,290,829,
2026-08-17,ccn-050235,mammogram-screen,208,594,
2026-08-17,ccn-050235,mri-brain,3412,9749,
2026-08-17,ccn-050235,mri-knee,3085,8814,
2026-08-17,ccn-050235,mri-spine,3898,11137,
2026-08-17,ccn-050235,physical-therapy,81,231,
2026-08-17,ccn-050235,strep-test,106,304,
2026-08-17,ccn-050235,thyroid-us,397,1133,
2026-08-17,ccn-050235,us-abdomen,1555,4442,
2026-08-17,ccn-050235,us-pregnancy,706,2016,
2026-08-17,ccn-050235,xray-extremity,446,1274,
2026-08-17,ccn-050235,xray-leg,440,1256,
2026-08-17,ccn-050238,biopsy-needle,2031,5804,
2026-08-17,ccn-050238,blood-cbc,90,256,
2026-08-17,ccn-050238,blood-metabolic,208,593,
2026-08-17,ccn-050238,cardiac-cath,4295,12272,
2026-08-17,ccn-050238,cast-fracture,296,847,
2026-08-17,ccn-050238,chemo-infusion,276,788,
2026-08-17,ccn-050238,chest-xray,277,791,
2026-08-17,ccn-050238,ct-abd-pelvis,2292,6548,
2026-08-17,ccn-050238,ct-head,1404,4010,
2026-08-17,ccn-050238,dialysis,490,1399,
2026-08-17,ccn-050238,echocardiogram,1580,4513,
2026-08-17,ccn-050238,endoscopy,933,2666,
2026-08-17,ccn-050238,epidural-inj,1829,5227,
2026-08-17,ccn-050238,er-level3,863,2465,
2026-08-17,ccn-050238,er-level4,1181,3374,
2026-08-17,ccn-050238,er-level5,1901,5432,
2026-08-17,ccn-050238,iv-hydration,258,737,
2026-08-17,ccn-050238,iv-infusion,423,1209,
2026-08-17,ccn-050238,joint-injection,1092,3121,
2026-08-17,ccn-050238,laceration,425,1213,
2026-08-17,ccn-050238,mri-brain,2296,6560,
2026-08-17,ccn-050238,mri-knee,1439,4111,
2026-08-17,ccn-050238,mri-spine,2214,6327,
2026-08-17,ccn-050238,physical-therapy,66,190,
2026-08-17,ccn-050238,thyroid-us,582,1663,
2026-08-17,ccn-050238,us-abdomen,766,2188,
2026-08-17,ccn-050238,us-pregnancy,775,2215,
2026-08-17,ccn-050238,xray-extremity,332,950,
2026-08-17,ccn-050238,xray-leg,336,959,
2026-08-17,ccn-050254,biopsy-needle,2509,4405,
2026-08-17,ccn-050254,blood-cbc,107,188,
2026-08-17,ccn-050254,blood-metabolic,224,392,
2026-08-17,ccn-050254,chemo-infusion,613,1076,
2026-08-17,ccn-050254,chest-xray,575,1010,
2026-08-17,ccn-050254,ct-abd-pelvis,6494,11398,
2026-08-17,ccn-050254,ct-head,2578,4525,
2026-08-17,ccn-050254,echocardiogram,1853,3252,
2026-08-17,ccn-050254,er-level3,1259,2210,
2026-08-17,ccn-050254,er-level4,2114,3710,
2026-08-17,ccn-050254,er-level5,3105,5450,
2026-08-17,ccn-050254,iv-hydration,276,484,
2026-08-17,ccn-050254,iv-infusion,392,689,
2026-08-17,ccn-050254,joint-injection,742,1303,
2026-08-17,ccn-050254,mammogram-diag,263,461,
2026-08-17,ccn-050254,mammogram-screen,352,618,
2026-08-17,ccn-050254,mri-brain,2819,4948,
2026-08-17,ccn-050254,mri-knee,2634,4624,
2026-08-17,ccn-050254,mri-spine,2469,4334,
2026-08-17,ccn-050254,physical-therapy,60,105,
2026-08-17,ccn-050254,strep-test,275,482,
2026-08-17,ccn-050254,thyroid-us,735,1289,
2026-08-17,ccn-050254,urgent-care,686,1204,
2026-08-17,ccn-050254,us-abdomen,937,1645,
2026-08-17,ccn-050254,us-pregnancy,724,1270,
2026-08-17,ccn-050254,xray-extremity,741,1301,
2026-08-17,ccn-050254,xray-leg,389,683,
2026-08-17,ccn-050278,biopsy-needle,2080,5942,
2026-08-17,ccn-050278,blood-cbc,116,330,
2026-08-17,ccn-050278,blood-metabolic,415,1187,
2026-08-17,ccn-050278,cardiac-cath,5987,17106,
2026-08-17,ccn-050278,carpal-tunnel,992,2835,
2026-08-17,ccn-050278,cast-fracture,233,667,
2026-08-17,ccn-050278,chemo-infusion,937,2678,
2026-08-17,ccn-050278,chest-xray,467,1333,
2026-08-17,ccn-050278,colonoscopy,611,1745,
2026-08-17,ccn-050278,ct-abd-pelvis,2744,7840,
2026-08-17,ccn-050278,ct-head,2128,6079,
2026-08-17,ccn-050278,dialysis,793,2266,
2026-08-17,ccn-050278,echocardiogram,2338,6680,
2026-08-17,ccn-050278,endoscopy,623,1779,
2026-08-17,ccn-050278,epidural-inj,790,2258,
2026-08-17,ccn-050278,er-level3,918,2623,
2026-08-17,ccn-050278,er-level4,1222,3491,
2026-08-17,ccn-050278,er-level5,1824,5210,
2026-08-17,ccn-050278,hernia-repair,1955,5586,
2026-08-17,ccn-050278,iud-insertion,198,565,
2026-08-17,ccn-050278,iv-hydration,456,1304,
2026-08-17,ccn-050278,iv-infusion,534,1526,
2026-08-17,ccn-050278,joint-injection,481,1374,
2026-08-17,ccn-050278,laceration,200,571,
2026-08-17,ccn-050278,mammogram-diag,295,842,
2026-08-17,ccn-050278,mammogram-screen,193,552,
2026-08-17,ccn-050278,mri-brain,3023,8638,
2026-08-17,ccn-050278,mri-knee,2280,6515,
2026-08-17,ccn-050278,mri-spine,3473,9923,
2026-08-17,ccn-050278,physical-therapy,90,257,
2026-08-17,ccn-050278,strep-test,70,199,
2026-08-17,ccn-050278,thyroid-us,442,1263,
2026-08-17,ccn-050278,us-abdomen,586,1675,
2026-08-17,ccn-050278,us-pregnancy,544,1555,
2026-08-17,ccn-050278,xray-extremity,441,1260,
2026-08-17,ccn-050278,xray-leg,475,1358,
2026-08-17,ccn-050300,biopsy-needle,3076,8789,
2026-08-17,ccn-050300,blood-cbc,98,281,
2026-08-17,ccn-050300,blood-metabolic,222,634,
2026-08-17,ccn-050300,carpal-tunnel,897,2563,
2026-08-17,ccn-050300,cast-fracture,242,692,
2026-08-17,ccn-050300,chemo-infusion,677,1933,
2026-08-17,ccn-050300,chest-xray,310,887,
2026-08-17,ccn-050300,colonoscopy,498,1424,
2026-08-17,ccn-050300,ct-abd-pelvis,2703,7724,
2026-08-17,ccn-050300,ct-head,1428,4079,
2026-08-17,ccn-050300,dialysis,2016,5760,
2026-08-17,ccn-050300,echocardiogram,1978,5650,
2026-08-17,ccn-050300,endoscopy,508,1452,
2026-08-17,ccn-050300,epidural-inj,1408,4022,
2026-08-17,ccn-050300,er-level3,569,1627,
2026-08-17,ccn-050300,er-level4,1169,3341,
2026-08-17,ccn-050300,er-level5,1810,5171,
2026-08-17,ccn-050300,hernia-repair,1767,5049,
2026-08-17,ccn-050300,iud-insertion,191,545,
2026-08-17,ccn-050300,iv-hydration,231,661,
2026-08-17,ccn-050300,iv-infusion,248,710,
2026-08-17,ccn-050300,joint-injection,308,880,
2026-08-17,ccn-050300,laceration,276,788,
2026-08-17,ccn-050300,mammogram-diag,167,476,
2026-08-17,ccn-050300,mammogram-screen,203,580,
2026-08-17,ccn-050300,mri-brain,2070,5913,
2026-08-17,ccn-050300,mri-knee,1875,5357,
2026-08-17,ccn-050300,mri-spine,2179,6225,
2026-08-17,ccn-050300,physical-therapy,81,231,
2026-08-17,ccn-050300,strep-test,291,831,
2026-08-17,ccn-050300,thyroid-us,682,1949,
2026-08-17,ccn-050300,us-abdomen,942,2692,
2026-08-17,ccn-050300,us-pregnancy,390,1115,
2026-08-17,ccn-050300,xray-extremity,305,872,
2026-08-17,ccn-050300,xray-leg,270,771,
2026-08-17,ccn-050308,biopsy-needle,2084,8335,
2026-08-17,ccn-050308,blood-cbc,62,246,
2026-08-17,ccn-050308,blood-metabolic,345,1381,
2026-08-17,ccn-050308,cardiac-cath,14176,56706,
2026-08-17,ccn-050308,chemo-infusion,718,2871,
2026-08-17,ccn-050308,chest-xray,299,1195,
2026-08-17,ccn-050308,ct-abd-pelvis,4633,18531,
2026-08-17,ccn-050308,ct-head,1209,4837,
2026-08-17,ccn-050308,echocardiogram,3246,12986,
2026-08-17,ccn-050308,epidural-inj,1014,4057,
2026-08-17,ccn-050308,er-level3,1210,4841,
2026-08-17,ccn-050308,er-level4,1984,7938,
2026-08-17,ccn-050308,er-level5,2862,11450,
2026-08-17,ccn-050308,iv-hydration,457,1827,
2026-08-17,ccn-050308,iv-infusion,476,1904,
2026-08-17,ccn-050308,joint-injection,695,2781,
2026-08-17,ccn-050308,mammogram-diag,238,950,
2026-08-17,ccn-050308,mammogram-screen,220,878,
2026-08-17,ccn-050308,mri-brain,2608,10432,
2026-08-17,ccn-050308,mri-knee,1949,7796,
2026-08-17,ccn-050308,mri-spine,2825,11301,
2026-08-17,ccn-050308,physical-therapy,58,232,
2026-08-17,ccn-050308,sleep-study,3379,13517,
2026-08-17,ccn-050308,strep-test,128,513,
2026-08-17,ccn-050308,thyroid-us,889,3556,
2026-08-17,ccn-050308,urgent-care,75,300,
2026-08-17,ccn-050308,us-abdomen,1036,4142,
2026-08-17,ccn-050308,us-pregnancy,951,3804,
2026-08-17,ccn-050308,xray-extremity,432,1728,
2026-08-17,ccn-050308,xray-leg,448,1790,
2026-08-17,ccn-050324,appendectomy,13922,55689,
2026-08-17,ccn-050324,biopsy-needle,1462,5847,
2026-08-17,ccn-050324,blood-cbc,28,110,
2026-08-17,ccn-050324,blood-metabolic,98,392,
2026-08-17,ccn-050324,carpal-tunnel,1064,4256,
2026-08-17,ccn-050324,cast-fracture,202,808,
2026-08-17,ccn-050324,cataract,1944,7774,
2026-08-17,ccn-050324,cesarean,13277,53109,
2026-08-17,ccn-050324,chemo-infusion,467,1869,
2026-08-17,ccn-050324,chest-xray,244,975,
2026-08-17,ccn-050324,colonoscopy,749,2998,
2026-08-17,ccn-050324,ct-abd-pelvis,2250,9000,
2026-08-17,ccn-050324,ct-head,864,3458,
2026-08-17,ccn-050324,echocardiogram,392,1567,
2026-08-17,ccn-050324,endoscopy,725,2902,
2026-08-17,ccn-050324,epidural-inj,518,2072,
2026-08-17,ccn-050324,er-level3,604,2415,
2026-08-17,ccn-050324,er-level4,971,3885,
2026-08-17,ccn-050324,er-level5,1969,7874,
2026-08-17,ccn-050324,gallbladder,12439,49755,
2026-08-17,ccn-050324,hearing-test,73,294,
2026-08-17,ccn-050324,hernia-repair,3909,15637,
2026-08-17,ccn-050324,hip-replacement,48421,193686,
2026-08-17,ccn-050324,hysterectomy,14140,56562,
2026-08-17,ccn-050324,iud-insertion,991,3966,
2026-08-17,ccn-050324,iv-hydration,494,1977,
2026-08-17,ccn-050324,iv-infusion,467,1869,
2026-08-17,ccn-050324,joint-injection,956,3823,
2026-08-17,ccn-050324,knee-replacement,48421,193686,
2026-08-17,ccn-050324,knee-scope,2964,11856,
2026-08-17,ccn-050324,laceration,851,3405,
2026-08-17,ccn-050324,lithotripsy,8236,32943,
2026-08-17,ccn-050324,mammogram-diag,168,672,
2026-08-17,ccn-050324,mammogram-screen,181,723,
2026-08-17,ccn-050324,mri-brain,913,3652,
2026-08-17,ccn-050324,mri-knee,945,3781,
2026-08-17,ccn-050324,mri-spine,753,3013,
2026-08-17,ccn-050324,pap-smear,34,135,
2026-08-17,ccn-050324,physical-therapy,43,173,
2026-08-17,ccn-050324,shoulder-scope,3296,13184,
2026-08-17,ccn-050324,sleep-study,578,2313,
2026-08-17,ccn-050324,strep-test,28,111,
2026-08-17,ccn-050324,thyroid-us,522,2089,
2026-08-17,ccn-050324,tonsillectomy,1855,7420,
2026-08-17,ccn-050324,urgent-care,73,294,
2026-08-17,ccn-050324,us-abdomen,342,1369,
2026-08-17,ccn-050324,us-pregnancy,227,909,
2026-08-17,ccn-050324,xray-extremity,242,969,
2026-08-17,ccn-050324,xray-leg,227,907,
2026-08-17,ccn-050327,biopsy-needle,2997,6660,
2026-08-17,ccn-050327,blood-cbc,65,145,
2026-08-17,ccn-050327,blood-metabolic,358,795,
2026-08-17,ccn-050327,cardiac-cath,8600,19110,
2026-08-17,ccn-050327,cast-fracture,465,1033,
2026-08-17,ccn-050327,chemo-infusion,795,1766,
2026-08-17,ccn-050327,chest-xray,375,833,
2026-08-17,ccn-050327,colonoscopy,2750,6112,
2026-08-17,ccn-050327,ct-abd-pelvis,3180,7066,
2026-08-17,ccn-050327,ct-head,2035,4522,
2026-08-17,ccn-050327,dialysis,1155,2567,
2026-08-17,ccn-050327,echocardiogram,1769,3932,
2026-08-17,ccn-050327,endoscopy,2019,4487,
2026-08-17,ccn-050327,epidural-inj,2246,4991,
2026-08-17,ccn-050327,er-level3,1486,3303,
2026-08-17,ccn-050327,er-level4,2069,4598,
2026-08-17,ccn-050327,er-level5,3167,7038,
2026-08-17,ccn-050327,iud-insertion,612,1359,
2026-08-17,ccn-050327,iv-hydration,481,1069,
2026-08-17,ccn-050327,iv-infusion,463,1029,
2026-08-17,ccn-050327,joint-injection,1026,2280,
2026-08-17,ccn-050327,laceration,1046,2325,
2026-08-17,ccn-050327,mammogram-diag,384,854,
2026-08-17,ccn-050327,mammogram-screen,359,797,
2026-08-17,ccn-050327,mri-brain,4973,11051,
2026-08-17,ccn-050327,mri-knee,3729,8287,
2026-08-17,ccn-050327,mri-spine,4753,10563,
2026-08-17,ccn-050327,physical-therapy,108,241,
2026-08-17,ccn-050327,prostate-biopsy,2885,6411,
2026-08-17,ccn-050327,sleep-study,2816,6258,
2026-08-17,ccn-050327,strep-test,11,25,
2026-08-17,ccn-050327,thyroid-us,824,1831,
2026-08-17,ccn-050327,urgent-care,306,680,
2026-08-17,ccn-050327,us-abdomen,1307,2904,
2026-08-17,ccn-050327,us-pregnancy,927,2059,
2026-08-17,ccn-050327,xray-extremity,498,1106,
2026-08-17,ccn-050327,xray-leg,456,1013,
2026-08-17,ccn-050334,biopsy-needle,4961,4961,
2026-08-17,ccn-050334,blood-cbc,539,539,
2026-08-17,ccn-050334,blood-metabolic,1971,1971,
2026-08-17,ccn-050334,cardiac-cath,33313,33313,
2026-08-17,ccn-050334,chemo-infusion,1943,1943,
2026-08-17,ccn-050334,chest-xray,1148,1148,
2026-08-17,ccn-050334,ct-abd-pelvis,10255,10255,
2026-08-17,ccn-050334,ct-head,4671,4671,
2026-08-17,ccn-050334,dialysis,1424,1424,
2026-08-17,ccn-050334,echocardiogram,5848,5848,
2026-08-17,ccn-050334,epidural-inj,10027,10027,
2026-08-17,ccn-050334,er-level3,2544,2544,
2026-08-17,ccn-050334,er-level4,4115,4115,
2026-08-17,ccn-050334,er-level5,7134,7134,
2026-08-17,ccn-050334,iv-hydration,1235,1235,
2026-08-17,ccn-050334,iv-infusion,672,672,
2026-08-17,ccn-050334,joint-injection,836,836,
2026-08-17,ccn-050334,mammogram-diag,860,860,
2026-08-17,ccn-050334,mammogram-screen,731,731,
2026-08-17,ccn-050334,mri-brain,6312,6312,
2026-08-17,ccn-050334,mri-knee,6924,6924,
2026-08-17,ccn-050334,mri-spine,7663,7663,
2026-08-17,ccn-050334,pap-smear,75,75,
2026-08-17,ccn-050334,physical-therapy,240,240,
2026-08-17,ccn-050334,prostate-biopsy,4217,4217,
2026-08-17,ccn-050334,sleep-study,5875,5875,
2026-08-17,ccn-050334,thyroid-us,1873,1873,
2026-08-17,ccn-050334,urgent-care,145,145,
2026-08-17,ccn-050334,us-abdomen,2608,2608,
2026-08-17,ccn-050334,us-pregnancy,2898,2898,
2026-08-17,ccn-050334,xray-extremity,2252,2252,
2026-08-17,ccn-050334,xray-leg,1102,1102,
2026-08-17,ccn-050351,appendectomy,31645,38591,
2026-08-17,ccn-050351,biopsy-needle,7209,8792,
2026-08-17,ccn-050351,blood-cbc,333,406,
2026-08-17,ccn-050351,blood-metabolic,1351,1647,
2026-08-17,ccn-050351,cardiac-cath,31645,38591,
2026-08-17,ccn-050351,carpal-tunnel,31645,38591,
2026-08-17,ccn-050351,cast-fracture,1341,1635,
2026-08-17,ccn-050351,cataract,1664,2029,
2026-08-17,ccn-050351,chemo-infusion,2084,2541,
2026-08-17,ccn-050351,chest-xray,707,862,
2026-08-17,ccn-050351,colonoscopy,7209,8792,
2026-08-17,ccn-050351,ct-abd-pelvis,11382,13881,
2026-08-17,ccn-050351,ct-head,3998,4876,
2026-08-17,ccn-050351,echocardiogram,5195,6335,
2026-08-17,ccn-050351,endoscopy,31645,38591,
2026-08-17,ccn-050351,epidural-inj,7209,8792,
2026-08-17,ccn-050351,er-level3,895,1092,
2026-08-17,ccn-050351,er-level4,1795,2189,
2026-08-17,ccn-050351,er-level5,4277,5216,
2026-08-17,ccn-050351,gallbladder,31645,38591,
2026-08-17,ccn-050351,hernia-repair,1664,2029,
2026-08-17,ccn-050351,hip-replacement,1664,2029,
2026-08-17,ccn-050351,hysterectomy,2296,2800,
2026-08-17,ccn-050351,iud-insertion,7209,8792,
2026-08-17,ccn-050351,iv-hydration,1524,1858,
2026-08-17,ccn-050351,iv-infusion,1519,1852,
2026-08-17,ccn-050351,joint-injection,788,960,
2026-08-17,ccn-050351,knee-replacement,1664,2029,
2026-08-17,ccn-050351,knee-scope,2315,2823,
2026-08-17,ccn-050351,laceration,373,454,
2026-08-17,ccn-050351,lithotripsy,1664,2029,
2026-08-17,ccn-050351,mammogram-diag,809,986,
2026-08-17,ccn-050351,mammogram-screen,444,541,
2026-08-17,ccn-050351,mri-brain,7546,9202,
2026-08-17,ccn-050351,mri-knee,8084,9859,
2026-08-17,ccn-050351,mri-spine,8084,9858,
2026-08-17,ccn-050351,pap-smear,30,36,
2026-08-17,ccn-050351,physical-therapy,262,319,
2026-08-17,ccn-050351,prostate-biopsy,31645,38591,
2026-08-17,ccn-050351,shoulder-scope,2296,2800,
2026-08-17,ccn-050351,sleep-study,5771,7038,
2026-08-17,ccn-050351,strep-test,244,298,
2026-08-17,ccn-050351,thyroid-us,1050,1280,
2026-08-17,ccn-050351,tonsillectomy,350,427,
2026-08-17,ccn-050351,us-abdomen,2075,2531,
2026-08-17,ccn-050351,us-pregnancy,1575,1921,
2026-08-17,ccn-050351,xray-extremity,652,795,
2026-08-17,ccn-050351,xray-leg,849,1035,
2026-08-17,ccn-050353,biopsy-needle,3076,8789,
2026-08-17,ccn-050353,blood-cbc,98,281,
2026-08-17,ccn-050353,blood-metabolic,222,634,
2026-08-17,ccn-050353,cardiac-cath,12544,35841,
2026-08-17,ccn-050353,carpal-tunnel,897,2563,
2026-08-17,ccn-050353,cast-fracture,242,692,
2026-08-17,ccn-050353,chemo-infusion,677,1933,
2026-08-17,ccn-050353,chest-xray,310,887,
2026-08-17,ccn-050353,colonoscopy,498,1424,
2026-08-17,ccn-050353,ct-abd-pelvis,2703,7724,
2026-08-17,ccn-050353,ct-head,1428,4079,
2026-08-17,ccn-050353,dialysis,2016,5760,
2026-08-17,ccn-050353,echocardiogram,1978,5650,
2026-08-17,ccn-050353,endoscopy,508,1452,
2026-08-17,ccn-050353,epidural-inj,1408,4022,
2026-08-17,ccn-050353,er-level3,569,1627,
2026-08-17,ccn-050353,er-level4,1169,3341,
2026-08-17,ccn-050353,er-level5,1810,5171,
2026-08-17,ccn-050353,hernia-repair,1767,5049,
2026-08-17,ccn-050353,iud-insertion,191,545,
2026-08-17,ccn-050353,iv-hydration,231,661,
2026-08-17,ccn-050353,iv-infusion,248,710,
2026-08-17,ccn-050353,joint-injection,308,880,
2026-08-17,ccn-050353,laceration,276,788,
2026-08-17,ccn-050353,mammogram-diag,167,476,
2026-08-17,ccn-050353,mammogram-screen,203,580,
2026-08-17,ccn-050353,mri-brain,2070,5913,
2026-08-17,ccn-050353,mri-knee,1875,5357,
2026-08-17,ccn-050353,mri-spine,2179,6225,
2026-08-17,ccn-050353,physical-therapy,81,231,
2026-08-17,ccn-050353,strep-test,291,831,
2026-08-17,ccn-050353,thyroid-us,682,1949,
2026-08-17,ccn-050353,us-abdomen,942,2692,
2026-08-17,ccn-050353,us-pregnancy,390,1115,
2026-08-17,ccn-050353,xray-extremity,305,872,
2026-08-17,ccn-050353,xray-leg,270,771,
2026-08-17,ccn-050411,allergy-test,566,1089,
2026-08-17,ccn-050411,appendectomy,8008,15400,
2026-08-17,ccn-050411,biopsy-needle,3214,6180,
2026-08-17,ccn-050411,blood-cbc,111,213,
2026-08-17,ccn-050411,blood-metabolic,269,517,
2026-08-17,ccn-050411,cardiac-cath,12927,24860,
2026-08-17,ccn-050411,carpal-tunnel,3609,6940,
2026-08-17,ccn-050411,cast-fracture,499,960,
2026-08-17,ccn-050411,cataract,5044,9700,
2026-08-17,ccn-050411,chemo-infusion,874,1680,
2026-08-17,ccn-050411,chest-xray,385,740,
2026-08-17,ccn-050411,colonoscopy,2080,4000,
2026-08-17,ccn-050411,ct-abd-pelvis,4004,7700,
2026-08-17,ccn-050411,ct-head,2288,4400,
2026-08-17,ccn-050411,dialysis,2340,4500,
2026-08-17,ccn-050411,echocardiogram,2688,5170,
2026-08-17,ccn-050411,endoscopy,1872,3600,
2026-08-17,ccn-050411,epidural-inj,2220,4270,
2026-08-17,ccn-050411,er-level3,1208,2323,
2026-08-17,ccn-050411,er-level4,1953,3756,
2026-08-17,ccn-050411,er-level5,3284,6316,
2026-08-17,ccn-050411,flu-shot,16,30,
2026-08-17,ccn-050411,gallbladder,13208,25400,
2026-08-17,ccn-050411,hernia-repair,7389,14210,
2026-08-17,ccn-050411,hysterectomy,4436,8530,
2026-08-17,ccn-050411,iud-insertion,588,1130,
2026-08-17,ccn-050411,iv-hydration,442,850,
2026-08-17,ccn-050411,iv-infusion,478,920,
2026-08-17,ccn-050411,joint-injection,952,1830,
2026-08-17,ccn-050411,knee-scope,5148,9900,
2026-08-17,ccn-050411,laceration,749,1440,
2026-08-17,ccn-050411,lithotripsy,6510,12520,
2026-08-17,ccn-050411,mammogram-diag,353,679,
2026-08-17,ccn-050411,mammogram-screen,380,731,
2026-08-17,ccn-050411,mri-brain,2600,5000,
2026-08-17,ccn-050411,mri-knee,2392,4600,
2026-08-17,ccn-050411,mri-spine,2496,4800,
2026-08-17,ccn-050411,pap-smear,100,193,
2026-08-17,ccn-050411,physical-therapy,137,264,
2026-08-17,ccn-050411,shoulder-scope,9745,18740,
2026-08-17,ccn-050411,strep-test,111,213,
2026-08-17,ccn-050411,stress-test,270,520,
2026-08-17,ccn-050411,thyroid-us,827,1590,
2026-08-17,ccn-050411,tonsillectomy,1456,2800,
2026-08-17,ccn-050411,us-abdomen,1191,2290,
2026-08-17,ccn-050411,us-pregnancy,728,1400,
2026-08-17,ccn-050411,xray-extremity,432,830,
2026-08-17,ccn-050411,xray-leg,406,780,
2026-08-17,ccn-050424,appendectomy,13922,55689,
2026-08-17,ccn-050424,biopsy-needle,1462,5847,
2026-08-17,ccn-050424,blood-cbc,28,110,
2026-08-17,ccn-050424,blood-metabolic,98,392,
2026-08-17,ccn-050424,carpal-tunnel,1064,4256,
2026-08-17,ccn-050424,cast-fracture,202,808,
2026-08-17,ccn-050424,cataract,1944,7774,
2026-08-17,ccn-050424,chemo-infusion,467,1869,
2026-08-17,ccn-050424,chest-xray,244,975,
2026-08-17,ccn-050424,colonoscopy,749,2998,
2026-08-17,ccn-050424,ct-abd-pelvis,2250,9000,
2026-08-17,ccn-050424,ct-head,864,3458,
2026-08-17,ccn-050424,echocardiogram,392,1567,
2026-08-17,ccn-050424,endoscopy,725,2902,
2026-08-17,ccn-050424,epidural-inj,518,2072,
2026-08-17,ccn-050424,er-level3,604,2415,
2026-08-17,ccn-050424,er-level4,4908,19633,
2026-08-17,ccn-050424,er-level5,5906,23623,
2026-08-17,ccn-050424,gallbladder,12439,49755,
2026-08-17,ccn-050424,hearing-test,73,294,
2026-08-17,ccn-050424,hernia-repair,3909,15637,
2026-08-17,ccn-050424,hip-replacement,36357,145427,
2026-08-17,ccn-050424,hysterectomy,14140,56562,
2026-08-17,ccn-050424,iud-insertion,991,3966,
2026-08-17,ccn-050424,iv-hydration,494,1977,
2026-08-17,ccn-050424,iv-infusion,467,1869,
2026-08-17,ccn-050424,joint-injection,956,3823,
2026-08-17,ccn-050424,knee-replacement,36357,145427,
2026-08-17,ccn-050424,knee-scope,2964,11856,
2026-08-17,ccn-050424,laceration,851,3405,
2026-08-17,ccn-050424,lithotripsy,8236,32943,
2026-08-17,ccn-050424,mammogram-diag,168,672,
2026-08-17,ccn-050424,mammogram-screen,181,723,
2026-08-17,ccn-050424,mri-brain,913,3652,
2026-08-17,ccn-050424,mri-knee,1657,6628,
2026-08-17,ccn-050424,mri-spine,753,3013,
2026-08-17,ccn-050424,pap-smear,34,135,
2026-08-17,ccn-050424,physical-therapy,43,173,
2026-08-17,ccn-050424,shoulder-scope,3296,13184,
2026-08-17,ccn-050424,sleep-study,578,2313,
2026-08-17,ccn-050424,strep-test,28,111,
2026-08-17,ccn-050424,thyroid-us,522,2089,
2026-08-17,ccn-050424,tonsillectomy,1855,7420,
2026-08-17,ccn-050424,urgent-care,73,294,
2026-08-17,ccn-050424,us-abdomen,342,1369,
2026-08-17,ccn-050424,us-pregnancy,227,909,
2026-08-17,ccn-050424,xray-extremity,242,969,
2026-08-17,ccn-050424,xray-leg,227,907,
2026-08-17,ccn-050425,allergy-test,627,1120,
2026-08-17,ccn-050425,appendectomy,22680,40500,
2026-08-17,ccn-050425,biopsy-needle,4094,7310,
2026-08-17,ccn-050425,blood-cbc,123,220,
2026-08-17,ccn-050425,blood-metabolic,255,456,
2026-08-17,ccn-050425,cardiac-cath,19488,34800,
2026-08-17,ccn-050425,carpal-tunnel,5309,9480,
2026-08-17,ccn-050425,cast-fracture,762,1360,
2026-08-17,ccn-050425,cataract,8624,15400,
2026-08-17,ccn-050425,chemo-infusion,1103,1970,
2026-08-17,ccn-050425,chest-xray,504,900,
2026-08-17,ccn-050425,colonoscopy,3679,6570,
2026-08-17,ccn-050425,ct-abd-pelvis,4754,8490,
2026-08-17,ccn-050425,ct-head,2682,4790,
2026-08-17,ccn-050425,dialysis,2453,4380,
2026-08-17,ccn-050425,echocardiogram,3825,6830,
2026-08-17,ccn-050425,ekg,90,160,
2026-08-17,ccn-050425,endoscopy,3707,6620,
2026-08-17,ccn-050425,epidural-inj,3662,6540,
2026-08-17,ccn-050425,er-level3,1622,2896,
2026-08-17,ccn-050425,er-level4,2713,4844,
2026-08-17,ccn-050425,er-level5,4220,7536,
2026-08-17,ccn-050425,flu-shot,21,37,
2026-08-17,ccn-050425,gallbladder,19219,34320,
2026-08-17,ccn-050425,hearing-test,549,980,
2026-08-17,ccn-050425,hernia-repair,18726,33440,
2026-08-17,ccn-050425,hip-replacement,9162,16360,
2026-08-17,ccn-050425,hysterectomy,23128,41300,
2026-08-17,ccn-050425,iud-insertion,1814,3240,
2026-08-17,ccn-050425,iv-hydration,739,1320,
2026-08-17,ccn-050425,iv-infusion,840,1500,
2026-08-17,ccn-050425,joint-injection,1271,2270,
2026-08-17,ccn-050425,knee-replacement,25760,46000,
2026-08-17,ccn-050425,knee-scope,7325,13080,
2026-08-17,ccn-050425,laceration,801,1430,
2026-08-17,ccn-050425,lithotripsy,14426,25760,
2026-08-17,ccn-050425,mammogram-diag,375,670,
2026-08-17,ccn-050425,mammogram-screen,375,670,
2026-08-17,ccn-050425,mri-brain,3629,6480,
2026-08-17,ccn-050425,mri-knee,3438,6140,
2026-08-17,ccn-050425,mri-spine,3282,5860,
2026-08-17,ccn-050425,pap-smear,92,164,
2026-08-17,ccn-050425,physical-therapy,145,259,
2026-08-17,ccn-050425,shoulder-scope,6300,11250,
2026-08-17,ccn-050425,sleep-study,4889,8730,
2026-08-17,ccn-050425,strep-test,171,306,
2026-08-17,ccn-050425,thyroid-us,907,1620,
2026-08-17,ccn-050425,tonsillectomy,8658,15460,
2026-08-17,ccn-050425,us-abdomen,991,1770,
2026-08-17,ccn-050425,us-pregnancy,946,1690,
2026-08-17,ccn-050425,xray-extremity,633,1130,
2026-08-17,ccn-050425,xray-leg,459,820,
2026-08-17,ccn-050503,appendectomy,13922,55689,
2026-08-17,ccn-050503,biopsy-needle,1462,5847,
2026-08-17,ccn-050503,blood-cbc,28,110,
2026-08-17,ccn-050503,blood-metabolic,98,392,
2026-08-17,ccn-050503,carpal-tunnel,1064,4256,
2026-08-17,ccn-050503,cast-fracture,202,808,
2026-08-17,ccn-050503,cataract,1944,7774,
2026-08-17,ccn-050503,cesarean,13328,53312,
2026-08-17,ccn-050503,chemo-infusion,467,1869,
2026-08-17,ccn-050503,chest-xray,244,975,
2026-08-17,ccn-050503,colonoscopy,749,2998,
2026-08-17,ccn-050503,ct-abd-pelvis,2250,9000,
2026-08-17,ccn-050503,ct-head,864,3458,
2026-08-17,ccn-050503,echocardiogram,392,1567,
2026-08-17,ccn-050503,endoscopy,725,2902,
2026-08-17,ccn-050503,epidural-inj,518,2072,
2026-08-17,ccn-050503,er-level3,604,2415,
2026-08-17,ccn-050503,er-level4,971,3885,
2026-08-17,ccn-050503,er-level5,1969,7874,
2026-08-17,ccn-050503,gallbladder,12439,49755,
2026-08-17,ccn-050503,hearing-test,73,294,
2026-08-17,ccn-050503,hernia-repair,3332,13330,
2026-08-17,ccn-050503,hip-replacement,43402,173610,
2026-08-17,ccn-050503,hysterectomy,14140,56562,
2026-08-17,ccn-050503,iud-insertion,991,3966,
2026-08-17,ccn-050503,iv-hydration,494,1977,
2026-08-17,ccn-050503,iv-infusion,467,1869,
2026-08-17,ccn-050503,joint-injection,956,3823,
2026-08-17,ccn-050503,knee-replacement,43402,173610,
2026-08-17,ccn-050503,knee-scope,2964,11856,
2026-08-17,ccn-050503,laceration,851,3405,
2026-08-17,ccn-050503,lithotripsy,8236,32943,
2026-08-17,ccn-050503,mammogram-diag,168,672,
2026-08-17,ccn-050503,mammogram-screen,181,723,
2026-08-17,ccn-050503,mri-brain,913,3652,
2026-08-17,ccn-050503,mri-knee,945,3781,
2026-08-17,ccn-050503,mri-spine,753,3013,
2026-08-17,ccn-050503,pap-smear,34,135,
2026-08-17,ccn-050503,physical-therapy,43,173,
2026-08-17,ccn-050503,shoulder-scope,3296,13184,
2026-08-17,ccn-050503,sleep-study,578,2313,
2026-08-17,ccn-050503,strep-test,28,111,
2026-08-17,ccn-050503,thyroid-us,522,2089,
2026-08-17,ccn-050503,tonsillectomy,1855,7420,
2026-08-17,ccn-050503,urgent-care,73,294,
2026-08-17,ccn-050503,us-abdomen,342,1369,
2026-08-17,ccn-050503,us-pregnancy,227,909,
2026-08-17,ccn-050503,xray-extremity,242,969,
2026-08-17,ccn-050503,xray-leg,227,907,
2026-08-17,ccn-050512,allergy-test,627,1120,
2026-08-17,ccn-050512,appendectomy,22680,40500,
2026-08-17,ccn-050512,biopsy-needle,4094,7310,
2026-08-17,ccn-050512,blood-cbc,123,220,
2026-08-17,ccn-050512,blood-metabolic,255,456,
2026-08-17,ccn-050512,cardiac-cath,19488,34800,
2026-08-17,ccn-050512,carpal-tunnel,5309,9480,
2026-08-17,ccn-050512,cast-fracture,762,1360,
2026-08-17,ccn-050512,cataract,8624,15400,
2026-08-17,ccn-050512,chemo-infusion,1103,1970,
2026-08-17,ccn-050512,chest-xray,504,900,
2026-08-17,ccn-050512,colonoscopy,3679,6570,
2026-08-17,ccn-050512,ct-abd-pelvis,4754,8490,
2026-08-17,ccn-050512,ct-head,2682,4790,
2026-08-17,ccn-050512,dialysis,2453,4380,
2026-08-17,ccn-050512,echocardiogram,3825,6830,
2026-08-17,ccn-050512,ekg,90,160,
2026-08-17,ccn-050512,endoscopy,3707,6620,
2026-08-17,ccn-050512,epidural-inj,3662,6540,
2026-08-17,ccn-050512,er-level3,1622,2896,
2026-08-17,ccn-050512,er-level4,2713,4844,
2026-08-17,ccn-050512,er-level5,4220,7536,
2026-08-17,ccn-050512,flu-shot,21,37,
2026-08-17,ccn-050512,gallbladder,19219,34320,
2026-08-17,ccn-050512,hearing-test,549,980,
2026-08-17,ccn-050512,hernia-repair,18726,33440,
2026-08-17,ccn-050512,hip-replacement,9162,16360,
2026-08-17,ccn-050512,hysterectomy,23128,41300,
2026-08-17,ccn-050512,iud-insertion,1814,3240,
2026-08-17,ccn-050512,iv-hydration,739,1320,
2026-08-17,ccn-050512,iv-infusion,840,1500,
2026-08-17,ccn-050512,joint-injection,1271,2270,
2026-08-17,ccn-050512,knee-replacement,25760,46000,
2026-08-17,ccn-050512,knee-scope,7325,13080,
2026-08-17,ccn-050512,laceration,801,1430,
2026-08-17,ccn-050512,lithotripsy,14426,25760,
2026-08-17,ccn-050512,mammogram-diag,375,670,
2026-08-17,ccn-050512,mammogram-screen,375,670,
2026-08-17,ccn-050512,mri-brain,3629,6480,
2026-08-17,ccn-050512,mri-knee,3438,6140,
2026-08-17,ccn-050512,mri-spine,3282,5860,
2026-08-17,ccn-050512,pap-smear,92,164,
2026-08-17,ccn-050512,physical-therapy,145,259,
2026-08-17,ccn-050512,shoulder-scope,6300,11250,
2026-08-17,ccn-050512,sleep-study,4889,8730,
2026-08-17,ccn-050512,strep-test,171,306,
2026-08-17,ccn-050512,thyroid-us,907,1620,
2026-08-17,ccn-050512,tonsillectomy,8658,15460,
2026-08-17,ccn-050512,us-abdomen,991,1770,
2026-08-17,ccn-050512,us-pregnancy,946,1690,
2026-08-17,ccn-050512,xray-extremity,633,1130,
2026-08-17,ccn-050512,xray-leg,459,820,
2026-08-17,ccn-050515,allergy-test,566,1089,
2026-08-17,ccn-050515,appendectomy,8008,15400,
2026-08-17,ccn-050515,biopsy-needle,3214,6180,
2026-08-17,ccn-050515,blood-cbc,111,213,
2026-08-17,ccn-050515,blood-metabolic,269,517,
2026-08-17,ccn-050515,cardiac-cath,12927,24860,
2026-08-17,ccn-050515,carpal-tunnel,3609,6940,
2026-08-17,ccn-050515,cast-fracture,499,960,
2026-08-17,ccn-050515,cataract,5044,9700,
2026-08-17,ccn-050515,chemo-infusion,874,1680,
2026-08-17,ccn-050515,chest-xray,385,740,
2026-08-17,ccn-050515,colonoscopy,2080,4000,
2026-08-17,ccn-050515,ct-abd-pelvis,4004,7700,
2026-08-17,ccn-050515,ct-head,2288,4400,
2026-08-17,ccn-050515,dialysis,2340,4500,
2026-08-17,ccn-050515,echocardiogram,2688,5170,
2026-08-17,ccn-050515,endoscopy,1872,3600,
2026-08-17,ccn-050515,epidural-inj,2220,4270,
2026-08-17,ccn-050515,er-level3,1208,2323,
2026-08-17,ccn-050515,er-level4,1953,3756,
2026-08-17,ccn-050515,er-level5,3284,6316,
2026-08-17,ccn-050515,flu-shot,16,30,
2026-08-17,ccn-050515,gallbladder,13208,25400,
2026-08-17,ccn-050515,hernia-repair,7389,14210,
2026-08-17,ccn-050515,hysterectomy,4436,8530,
2026-08-17,ccn-050515,iud-insertion,588,1130,
2026-08-17,ccn-050515,iv-hydration,442,850,
2026-08-17,ccn-050515,iv-infusion,478,920,
2026-08-17,ccn-050515,joint-injection,952,1830,
2026-08-17,ccn-050515,knee-scope,5148,9900,
2026-08-17,ccn-050515,laceration,749,1440,
2026-08-17,ccn-050515,lithotripsy,6510,12520,
2026-08-17,ccn-050515,mammogram-diag,353,679,
2026-08-17,ccn-050515,mammogram-screen,380,731,
2026-08-17,ccn-050515,mri-brain,2600,5000,
2026-08-17,ccn-050515,mri-knee,2392,4600,
2026-08-17,ccn-050515,mri-spine,2496,4800,
2026-08-17,ccn-050515,pap-smear,100,193,
2026-08-17,ccn-050515,physical-therapy,137,264,
2026-08-17,ccn-050515,shoulder-scope,9745,18740,
2026-08-17,ccn-050515,strep-test,111,213,
2026-08-17,ccn-050515,stress-test,270,520,
2026-08-17,ccn-050515,thyroid-us,827,1590,
2026-08-17,ccn-050515,tonsillectomy,1456,2800,
2026-08-17,ccn-050515,us-abdomen,1191,2290,
2026-08-17,ccn-050515,us-pregnancy,728,1400,
2026-08-17,ccn-050515,xray-extremity,432,830,
2026-08-17,ccn-050515,xray-leg,406,780,
2026-08-17,ccn-050541,allergy-test,627,1120,
2026-08-17,ccn-050541,appendectomy,22680,40500,
2026-08-17,ccn-050541,biopsy-needle,4094,7310,
2026-08-17,ccn-050541,blood-cbc,123,220,
2026-08-17,ccn-050541,blood-metabolic,255,456,
2026-08-17,ccn-050541,cardiac-cath,19488,34800,
2026-08-17,ccn-050541,carpal-tunnel,5309,9480,
2026-08-17,ccn-050541,cast-fracture,762,1360,
2026-08-17,ccn-050541,cataract,8624,15400,
2026-08-17,ccn-050541,chemo-infusion,1103,1970,
2026-08-17,ccn-050541,chest-xray,504,900,
2026-08-17,ccn-050541,colonoscopy,3679,6570,
2026-08-17,ccn-050541,ct-abd-pelvis,4754,8490,
2026-08-17,ccn-050541,ct-head,2682,4790,
2026-08-17,ccn-050541,dialysis,2453,4380,
2026-08-17,ccn-050541,echocardiogram,3825,6830,
2026-08-17,ccn-050541,ekg,90,160,
2026-08-17,ccn-050541,endoscopy,3707,6620,
2026-08-17,ccn-050541,epidural-inj,3662,6540,
2026-08-17,ccn-050541,er-level3,1622,2896,
2026-08-17,ccn-050541,er-level4,2713,4844,
2026-08-17,ccn-050541,er-level5,4220,7536,
2026-08-17,ccn-050541,flu-shot,21,37,
2026-08-17,ccn-050541,gallbladder,19219,34320,
2026-08-17,ccn-050541,hearing-test,549,980,
2026-08-17,ccn-050541,hernia-repair,18726,33440,
2026-08-17,ccn-050541,hip-replacement,9162,16360,
2026-08-17,ccn-050541,hysterectomy,23128,41300,
2026-08-17,ccn-050541,iud-insertion,1814,3240,
2026-08-17,ccn-050541,iv-hydration,739,1320,
2026-08-17,ccn-050541,iv-infusion,840,1500,
2026-08-17,ccn-050541,joint-injection,1271,2270,
2026-08-17,ccn-050541,knee-replacement,25760,46000,
2026-08-17,ccn-050541,knee-scope,7325,13080,
2026-08-17,ccn-050541,laceration,801,1430,
2026-08-17,ccn-050541,lithotripsy,14426,25760,
2026-08-17,ccn-050541,mammogram-diag,375,670,
2026-08-17,ccn-050541,mammogram-screen,375,670,
2026-08-17,ccn-050541,mri-brain,3629,6480,
2026-08-17,ccn-050541,mri-knee,3438,6140,
2026-08-17,ccn-050541,mri-spine,3282,5860,
2026-08-17,ccn-050541,pap-smear,92,164,
2026-08-17,ccn-050541,physical-therapy,145,259,
2026-08-17,ccn-050541,shoulder-scope,6300,11250,
2026-08-17,ccn-050541,sleep-study,4889,8730,
2026-08-17,ccn-050541,strep-test,171,306,
2026-08-17,ccn-050541,thyroid-us,907,1620,
2026-08-17,ccn-050541,tonsillectomy,8658,15460,
2026-08-17,ccn-050541,us-abdomen,991,1770,
2026-08-17,ccn-050541,us-pregnancy,946,1690,
2026-08-17,ccn-050541,xray-extremity,633,1130,
2026-08-17,ccn-050541,xray-leg,459,820,
2026-08-17,ccn-050567,biopsy-needle,3090,6438,
2026-08-17,ccn-050567,blood-cbc,2,4,
2026-08-17,ccn-050567,blood-metabolic,14,30,
2026-08-17,ccn-050567,cardiac-cath,7164,14925,
2026-08-17,ccn-050567,carpal-tunnel,1157,2410,
2026-08-17,ccn-050567,cast-fracture,951,1981,
2026-08-17,ccn-050567,chemo-infusion,521,1086,
2026-08-17,ccn-050567,chest-xray,443,923,
2026-08-17,ccn-050567,colonoscopy,1204,2509,
2026-08-17,ccn-050567,ct-abd-pelvis,2328,4850,
2026-08-17,ccn-050567,ct-head,1587,3307,
2026-08-17,ccn-050567,dialysis,1092,2276,
2026-08-17,ccn-050567,echocardiogram,1972,4108,
2026-08-17,ccn-050567,endoscopy,1352,2817,
2026-08-17,ccn-050567,epidural-inj,2510,5229,
2026-08-17,ccn-050567,er-level3,1667,3472,
2026-08-17,ccn-050567,er-level4,332,691,
2026-08-17,ccn-050567,er-level5,3333,6943,
2026-08-17,ccn-050567,hearing-test,154,321,
2026-08-17,ccn-050567,hernia-repair,2280,4751,
2026-08-17,ccn-050567,iud-insertion,141,293,
2026-08-17,ccn-050567,iv-hydration,288,599,
2026-08-17,ccn-050567,iv-infusion,390,812,
2026-08-17,ccn-050567,joint-injection,1105,2303,
2026-08-17,ccn-050567,laceration,1056,2201,
2026-08-17,ccn-050567,mammogram-diag,549,1143,
2026-08-17,ccn-050567,mammogram-screen,580,1208,
2026-08-17,ccn-050567,mri-brain,2491,5190,
2026-08-17,ccn-050567,mri-knee,2653,5527,
2026-08-17,ccn-050567,mri-spine,2634,5488,
2026-08-17,ccn-050567,physical-therapy,94,196,
2026-08-17,ccn-050567,prostate-biopsy,3636,7575,
2026-08-17,ccn-050567,sleep-study,1383,2881,
2026-08-17,ccn-050567,strep-test,76,159,
2026-08-17,ccn-050567,thyroid-us,708,1475,
2026-08-17,ccn-050567,us-abdomen,985,2052,
2026-08-17,ccn-050567,us-pregnancy,635,1322,
2026-08-17,ccn-050567,xray-extremity,384,799,
2026-08-17,ccn-050567,xray-leg,384,799,
2026-08-17,ccn-050573,allergy-test,547,3232,
2026-08-17,ccn-050573,biopsy-needle,888,2690,
2026-08-17,ccn-050573,blood-cbc,4,103,
2026-08-17,ccn-050573,blood-metabolic,5,270,
2026-08-17,ccn-050573,cardiac-cath,2064,26371,
2026-08-17,ccn-050573,carpal-tunnel,1243,10435,
2026-08-17,ccn-050573,cast-fracture,178,809,
2026-08-17,ccn-050573,cesarean,9106,62988,
2026-08-17,ccn-050573,chemo-infusion,210,1538,
2026-08-17,ccn-050573,chest-xray,55,1007,
2026-08-17,ccn-050573,colonoscopy,592,3282,
2026-08-17,ccn-050573,ct-abd-pelvis,222,4660,
2026-08-17,ccn-050573,ct-head,67,3640,
2026-08-17,ccn-050573,echocardiogram,348,5500,
2026-08-17,ccn-050573,endoscopy,577,3644,
2026-08-17,ccn-050573,epidural-inj,449,2004,
2026-08-17,ccn-050573,er-level3,174,2069,
2026-08-17,ccn-050573,er-level4,266,3788,
2026-08-17,ccn-050573,er-level5,379,5346,
2026-08-17,ccn-050573,flu-shot,46,138,
2026-08-17,ccn-050573,hip-replacement,10641,99937,
2026-08-17,ccn-050573,iv-hydration,135,709,
2026-08-17,ccn-050573,iv-infusion,135,820,
2026-08-17,ccn-050573,joint-injection,195,1404,
2026-08-17,ccn-050573,knee-replacement,10641,99937,
2026-08-17,ccn-050573,laceration,128,807,
2026-08-17,ccn-050573,lithotripsy,2244,20180,
2026-08-17,ccn-050573,mammogram-diag,47,1117,
2026-08-17,ccn-050573,mammogram-screen,49,619,
2026-08-17,ccn-050573,mri-brain,152,5266,
2026-08-17,ccn-050573,mri-knee,152,4211,
2026-08-17,ccn-050573,mri-spine,152,5554,
2026-08-17,ccn-050573,pap-smear,13,77,
2026-08-17,ccn-050573,physical-therapy,15,209,
2026-08-17,ccn-050573,sleep-study,547,5598,
2026-08-17,ccn-050573,strep-test,8,62,
2026-08-17,ccn-050573,thyroid-us,67,1381,
2026-08-17,ccn-050573,urgent-care,66,201,
2026-08-17,ccn-050573,us-abdomen,67,2520,
2026-08-17,ccn-050573,us-pregnancy,67,1667,
2026-08-17,ccn-050573,xray-extremity,55,917,
2026-08-17,ccn-050573,xray-leg,55,901,
2026-08-17,ccn-050604,allergy-test,627,1120,
2026-08-17,ccn-050604,appendectomy,22680,40500,
2026-08-17,ccn-050604,biopsy-needle,4094,7310,
2026-08-17,ccn-050604,blood-cbc,123,220,
2026-08-17,ccn-050604,blood-metabolic,255,456,
2026-08-17,ccn-050604,cardiac-cath,19488,34800,
2026-08-17,ccn-050604,carpal-tunnel,5309,9480,
2026-08-17,ccn-050604,cast-fracture,762,1360,
2026-08-17,ccn-050604,cataract,8624,15400,
2026-08-17,ccn-050604,chemo-infusion,1103,1970,
2026-08-17,ccn-050604,chest-xray,504,900,
2026-08-17,ccn-050604,colonoscopy,3679,6570,
2026-08-17,ccn-050604,ct-abd-pelvis,4754,8490,
2026-08-17,ccn-050604,ct-head,2682,4790,
2026-08-17,ccn-050604,dialysis,2453,4380,
2026-08-17,ccn-050604,echocardiogram,3825,6830,
2026-08-17,ccn-050604,ekg,90,160,
2026-08-17,ccn-050604,endoscopy,3707,6620,
2026-08-17,ccn-050604,epidural-inj,3662,6540,
2026-08-17,ccn-050604,er-level3,1622,2896,
2026-08-17,ccn-050604,er-level4,2713,4844,
2026-08-17,ccn-050604,er-level5,4220,7536,
2026-08-17,ccn-050604,flu-shot,21,37,
2026-08-17,ccn-050604,gallbladder,19219,34320,
2026-08-17,ccn-050604,hearing-test,549,980,
2026-08-17,ccn-050604,hernia-repair,18726,33440,
2026-08-17,ccn-050604,hip-replacement,9162,16360,
2026-08-17,ccn-050604,hysterectomy,23128,41300,
2026-08-17,ccn-050604,iud-insertion,1814,3240,
2026-08-17,ccn-050604,iv-hydration,739,1320,
2026-08-17,ccn-050604,iv-infusion,840,1500,
2026-08-17,ccn-050604,joint-injection,1271,2270,
2026-08-17,ccn-050604,knee-replacement,25760,46000,
2026-08-17,ccn-050604,knee-scope,7325,13080,
2026-08-17,ccn-050604,laceration,801,1430,
2026-08-17,ccn-050604,lithotripsy,14426,25760,
2026-08-17,ccn-050604,mammogram-diag,375,670,
2026-08-17,ccn-050604,mammogram-screen,375,670,
2026-08-17,ccn-050604,mri-brain,3629,6480,
2026-08-17,ccn-050604,mri-knee,3438,6140,
2026-08-17,ccn-050604,mri-spine,3282,5860,
2026-08-17,ccn-050604,pap-smear,92,164,
2026-08-17,ccn-050604,physical-therapy,145,259,
2026-08-17,ccn-050604,shoulder-scope,6300,11250,
2026-08-17,ccn-050604,sleep-study,4889,8730,
2026-08-17,ccn-050604,strep-test,171,306,
2026-08-17,ccn-050604,thyroid-us,907,1620,
2026-08-17,ccn-050604,tonsillectomy,8658,15460,
2026-08-17,ccn-050604,us-abdomen,991,1770,
2026-08-17,ccn-050604,us-pregnancy,946,1690,
2026-08-17,ccn-050604,xray-extremity,633,1130,
2026-08-17,ccn-050604,xray-leg,459,820,
2026-08-17,ccn-050609,allergy-test,566,1089,
2026-08-17,ccn-050609,appendectomy,8008,15400,
2026-08-17,ccn-050609,biopsy-needle,3214,6180,
2026-08-17,ccn-050609,blood-cbc,111,213,
2026-08-17,ccn-050609,blood-metabolic,269,517,
2026-08-17,ccn-050609,cardiac-cath,12927,24860,
2026-08-17,ccn-050609,carpal-tunnel,3609,6940,
2026-08-17,ccn-050609,cast-fracture,499,960,
2026-08-17,ccn-050609,cataract,5044,9700,
2026-08-17,ccn-050609,chemo-infusion,874,1680,
2026-08-17,ccn-050609,chest-xray,385,740,
2026-08-17,ccn-050609,colonoscopy,2080,4000,
2026-08-17,ccn-050609,ct-abd-pelvis,4004,7700,
2026-08-17,ccn-050609,ct-head,2288,4400,
2026-08-17,ccn-050609,dialysis,2340,4500,
2026-08-17,ccn-050609,echocardiogram,2688,5170,
2026-08-17,ccn-050609,endoscopy,1872,3600,
2026-08-17,ccn-050609,epidural-inj,2220,4270,
2026-08-17,ccn-050609,er-level3,1208,2323,
2026-08-17,ccn-050609,er-level4,1953,3756,
2026-08-17,ccn-050609,er-level5,3284,6316,
2026-08-17,ccn-050609,flu-shot,16,30,
2026-08-17,ccn-050609,gallbladder,13208,25400,
2026-08-17,ccn-050609,hernia-repair,7389,14210,
2026-08-17,ccn-050609,hysterectomy,4436,8530,
2026-08-17,ccn-050609,iud-insertion,588,1130,
2026-08-17,ccn-050609,iv-hydration,442,850,
2026-08-17,ccn-050609,iv-infusion,478,920,
2026-08-17,ccn-050609,joint-injection,952,1830,
2026-08-17,ccn-050609,knee-scope,5148,9900,
2026-08-17,ccn-050609,laceration,749,1440,
2026-08-17,ccn-050609,lithotripsy,6510,12520,
2026-08-17,ccn-050609,mammogram-diag,353,679,
2026-08-17,ccn-050609,mammogram-screen,380,731,
2026-08-17,ccn-050609,mri-brain,2600,5000,
2026-08-17,ccn-050609,mri-knee,2392,4600,
2026-08-17,ccn-050609,mri-spine,2496,4800,
2026-08-17,ccn-050609,pap-smear,100,193,
2026-08-17,ccn-050609,physical-therapy,137,264,
2026-08-17,ccn-050609,shoulder-scope,9745,18740,
2026-08-17,ccn-050609,strep-test,111,213,
2026-08-17,ccn-050609,stress-test,270,520,
2026-08-17,ccn-050609,thyroid-us,827,1590,
2026-08-17,ccn-050609,tonsillectomy,1456,2800,
2026-08-17,ccn-050609,us-abdomen,1191,2290,
2026-08-17,ccn-050609,us-pregnancy,728,1400,
2026-08-17,ccn-050609,xray-extremity,432,830,
2026-08-17,ccn-050609,xray-leg,406,780,
2026-08-17,ccn-050625,allergy-test,1081,1663,
2026-08-17,ccn-050625,appendectomy,937,1441,
2026-08-17,ccn-050625,biopsy-needle,7458,11474,
2026-08-17,ccn-050625,blood-cbc,591,910,
2026-08-17,ccn-050625,blood-metabolic,629,967,
2026-08-17,ccn-050625,cardiac-cath,24025,36962,
2026-08-17,ccn-050625,carpal-tunnel,24185,37207,
2026-08-17,ccn-050625,cast-fracture,1651,2540,
2026-08-17,ccn-050625,cataract,937,1441,
2026-08-17,ccn-050625,chemo-infusion,3302,5080,
2026-08-17,ccn-050625,chest-xray,899,1383,
2026-08-17,ccn-050625,colonoscopy,3965,6100,
2026-08-17,ccn-050625,ct-abd-pelvis,11088,17058,
2026-08-17,ccn-050625,ct-head,4337,6672,
2026-08-17,ccn-050625,dialysis,6947,10688,
2026-08-17,ccn-050625,echocardiogram,5278,8121,
2026-08-17,ccn-050625,endoscopy,4878,7504,
2026-08-17,ccn-050625,epidural-inj,8174,12576,
2026-08-17,ccn-050625,er-level3,5680,8739,
2026-08-17,ccn-050625,er-level4,8160,12554,
2026-08-17,ccn-050625,er-level5,9016,13871,
2026-08-17,ccn-050625,flu-shot,953,1466,
2026-08-17,ccn-050625,gallbladder,937,1441,
2026-08-17,ccn-050625,hernia-repair,6652,10234,
2026-08-17,ccn-050625,hip-replacement,937,1441,
2026-08-17,ccn-050625,hysterectomy,24185,37207,
2026-08-17,ccn-050625,iud-insertion,350,538,
2026-08-17,ccn-050625,iv-hydration,2146,3302,
2026-08-17,ccn-050625,iv-infusion,2404,3698,
2026-08-17,ccn-050625,joint-injection,1885,2900,
2026-08-17,ccn-050625,knee-replacement,937,1441,
2026-08-17,ccn-050625,knee-scope,24185,37207,
2026-08-17,ccn-050625,laceration,1016,1563,
2026-08-17,ccn-050625,lithotripsy,3965,6100,
2026-08-17,ccn-050625,mammogram-diag,1061,1633,
2026-08-17,ccn-050625,mammogram-screen,1178,1813,
2026-08-17,ccn-050625,mri-brain,3543,5450,
2026-08-17,ccn-050625,mri-knee,4985,7669,
2026-08-17,ccn-050625,mri-spine,5143,7913,
2026-08-17,ccn-050625,physical-therapy,448,689,
2026-08-17,ccn-050625,prostate-biopsy,8356,12855,
2026-08-17,ccn-050625,shoulder-scope,24185,37207,
2026-08-17,ccn-050625,sleep-study,9466,14564,
2026-08-17,ccn-050625,strep-test,299,460,
2026-08-17,ccn-050625,thyroid-us,1985,3054,
2026-08-17,ccn-050625,tonsillectomy,5643,8681,
2026-08-17,ccn-050625,urgent-care,382,588,
2026-08-17,ccn-050625,us-abdomen,2346,3609,
2026-08-17,ccn-050625,us-pregnancy,1894,2914,
2026-08-17,ccn-050625,xray-extremity,1144,1761,
2026-08-17,ccn-050625,xray-leg,1144,1761,
2026-08-17,ccn-050674,allergy-test,627,1120,
2026-08-17,ccn-050674,appendectomy,22680,40500,
2026-08-17,ccn-050674,biopsy-needle,4094,7310,
2026-08-17,ccn-050674,blood-cbc,123,220,
2026-08-17,ccn-050674,blood-metabolic,255,456,
2026-08-17,ccn-050674,cardiac-cath,19488,34800,
2026-08-17,ccn-050674,carpal-tunnel,5309,9480,
2026-08-17,ccn-050674,cast-fracture,762,1360,
2026-08-17,ccn-050674,cataract,8624,15400,
2026-08-17,ccn-050674,chemo-infusion,1103,1970,
2026-08-17,ccn-050674,chest-xray,504,900,
2026-08-17,ccn-050674,colonoscopy,3679,6570,
2026-08-17,ccn-050674,ct-abd-pelvis,4754,8490,
2026-08-17,ccn-050674,ct-head,2682,4790,
2026-08-17,ccn-050674,dialysis,2453,4380,
2026-08-17,ccn-050674,echocardiogram,3825,6830,
2026-08-17,ccn-050674,ekg,90,160,
2026-08-17,ccn-050674,endoscopy,3707,6620,
2026-08-17,ccn-050674,epidural-inj,3662,6540,
2026-08-17,ccn-050674,er-level3,1622,2896,
2026-08-17,ccn-050674,er-level4,2713,4844,
2026-08-17,ccn-050674,er-level5,4220,7536,
2026-08-17,ccn-050674,flu-shot,21,37,
2026-08-17,ccn-050674,gallbladder,19219,34320,
2026-08-17,ccn-050674,hearing-test,549,980,
2026-08-17,ccn-050674,hernia-repair,18726,33440,
2026-08-17,ccn-050674,hip-replacement,9162,16360,
2026-08-17,ccn-050674,hysterectomy,23128,41300,
2026-08-17,ccn-050674,iud-insertion,1814,3240,
2026-08-17,ccn-050674,iv-hydration,739,1320,
2026-08-17,ccn-050674,iv-infusion,840,1500,
2026-08-17,ccn-050674,joint-injection,1271,2270,
2026-08-17,ccn-050674,knee-replacement,25760,46000,
2026-08-17,ccn-050674,knee-scope,7325,13080,
2026-08-17,ccn-050674,laceration,801,1430,
2026-08-17,ccn-050674,lithotripsy,14426,25760,
2026-08-17,ccn-050674,mammogram-diag,375,670,
2026-08-17,ccn-050674,mammogram-screen,375,670,
2026-08-17,ccn-050674,mri-brain,3629,6480,
2026-08-17,ccn-050674,mri-knee,3438,6140,
2026-08-17,ccn-050674,mri-spine,3282,5860,
2026-08-17,ccn-050674,pap-smear,92,164,
2026-08-17,ccn-050674,physical-therapy,145,259,
2026-08-17,ccn-050674,shoulder-scope,6300,11250,
2026-08-17,ccn-050674,sleep-study,4889,8730,
2026-08-17,ccn-050674,strep-test,171,306,
2026-08-17,ccn-050674,thyroid-us,907,1620,
2026-08-17,ccn-050674,tonsillectomy,8658,15460,
2026-08-17,ccn-050674,us-abdomen,991,1770,
2026-08-17,ccn-050674,us-pregnancy,946,1690,
2026-08-17,ccn-050674,xray-extremity,633,1130,
2026-08-17,ccn-050674,xray-leg,459,820,
2026-08-17,ccn-050677,allergy-test,566,1089,
2026-08-17,ccn-050677,appendectomy,8008,15400,
2026-08-17,ccn-050677,biopsy-needle,3214,6180,
2026-08-17,ccn-050677,blood-cbc,111,213,
2026-08-17,ccn-050677,blood-metabolic,269,517,
2026-08-17,ccn-050677,cardiac-cath,12927,24860,
2026-08-17,ccn-050677,carpal-tunnel,3609,6940,
2026-08-17,ccn-050677,cast-fracture,499,960,
2026-08-17,ccn-050677,cataract,5044,9700,
2026-08-17,ccn-050677,chemo-infusion,874,1680,
2026-08-17,ccn-050677,chest-xray,385,740,
2026-08-17,ccn-050677,colonoscopy,2080,4000,
2026-08-17,ccn-050677,ct-abd-pelvis,4004,7700,
2026-08-17,ccn-050677,ct-head,2288,4400,
2026-08-17,ccn-050677,dialysis,2340,4500,
2026-08-17,ccn-050677,echocardiogram,2688,5170,
2026-08-17,ccn-050677,endoscopy,1872,3600,
2026-08-17,ccn-050677,epidural-inj,2220,4270,
2026-08-17,ccn-050677,er-level3,1208,2323,
2026-08-17,ccn-050677,er-level4,1953,3756,
2026-08-17,ccn-050677,er-level5,3284,6316,
2026-08-17,ccn-050677,flu-shot,16,30,
2026-08-17,ccn-050677,gallbladder,13208,25400,
2026-08-17,ccn-050677,hernia-repair,7389,14210,
2026-08-17,ccn-050677,hysterectomy,4436,8530,
2026-08-17,ccn-050677,iud-insertion,588,1130,
2026-08-17,ccn-050677,iv-hydration,442,850,
2026-08-17,ccn-050677,iv-infusion,478,920,
2026-08-17,ccn-050677,joint-injection,952,1830,
2026-08-17,ccn-050677,knee-scope,5148,9900,
2026-08-17,ccn-050677,laceration,749,1440,
2026-08-17,ccn-050677,lithotripsy,6510,12520,
2026-08-17,ccn-050677,mammogram-diag,353,679,
2026-08-17,ccn-050677,mammogram-screen,380,731,
2026-08-17,ccn-050677,mri-brain,2600,5000,
2026-08-17,ccn-050677,mri-knee,2392,4600,
2026-08-17,ccn-050677,mri-spine,2496,4800,
2026-08-17,ccn-050677,pap-smear,100,193,
2026-08-17,ccn-050677,physical-therapy,137,264,
2026-08-17,ccn-050677,shoulder-scope,9745,18740,
2026-08-17,ccn-050677,strep-test,111,213,
2026-08-17,ccn-050677,stress-test,270,520,
2026-08-17,ccn-050677,thyroid-us,827,1590,
2026-08-17,ccn-050677,tonsillectomy,1456,2800,
2026-08-17,ccn-050677,us-abdomen,1191,2290,
2026-08-17,ccn-050677,us-pregnancy,728,1400,
2026-08-17,ccn-050677,xray-extremity,432,830,
2026-08-17,ccn-050677,xray-leg,406,780,
2026-08-17,ccn-050686,allergy-test,566,1089,
2026-08-17,ccn-050686,appendectomy,8008,15400,
2026-08-17,ccn-050686,biopsy-needle,3214,6180,
2026-08-17,ccn-050686,blood-cbc,111,213,
2026-08-17,ccn-050686,blood-metabolic,269,517,
2026-08-17,ccn-050686,cardiac-cath,12927,24860,
2026-08-17,ccn-050686,carpal-tunnel,3609,6940,
2026-08-17,ccn-050686,cast-fracture,499,960,
2026-08-17,ccn-050686,cataract,5044,9700,
2026-08-17,ccn-050686,chemo-infusion,874,1680,
2026-08-17,ccn-050686,chest-xray,385,740,
2026-08-17,ccn-050686,colonoscopy,2080,4000,
2026-08-17,ccn-050686,ct-abd-pelvis,4004,7700,
2026-08-17,ccn-050686,ct-head,2288,4400,
2026-08-17,ccn-050686,dialysis,2340,4500,
2026-08-17,ccn-050686,echocardiogram,2688,5170,
2026-08-17,ccn-050686,endoscopy,1872,3600,
2026-08-17,ccn-050686,epidural-inj,2220,4270,
2026-08-17,ccn-050686,er-level3,1208,2323,
2026-08-17,ccn-050686,er-level4,1953,3756,
2026-08-17,ccn-050686,er-level5,3284,6316,
2026-08-17,ccn-050686,flu-shot,16,30,
2026-08-17,ccn-050686,gallbladder,13208,25400,
2026-08-17,ccn-050686,hernia-repair,7389,14210,
2026-08-17,ccn-050686,hysterectomy,4436,8530,
2026-08-17,ccn-050686,iud-insertion,588,1130,
2026-08-17,ccn-050686,iv-hydration,442,850,
2026-08-17,ccn-050686,iv-infusion,478,920,
2026-08-17,ccn-050686,joint-injection,952,1830,
2026-08-17,ccn-050686,knee-scope,5148,9900,
2026-08-17,ccn-050686,laceration,749,1440,
2026-08-17,ccn-050686,lithotripsy,6510,12520,
2026-08-17,ccn-050686,mammogram-diag,353,679,
2026-08-17,ccn-050686,mammogram-screen,380,731,
2026-08-17,ccn-050686,mri-brain,2600,5000,
2026-08-17,ccn-050686,mri-knee,2392,4600,
2026-08-17,ccn-050686,mri-spine,2496,4800,
2026-08-17,ccn-050686,pap-smear,100,193,
2026-08-17,ccn-050686,physical-therapy,137,264,
2026-08-17,ccn-050686,shoulder-scope,9745,18740,
2026-08-17,ccn-050686,strep-test,111,213,
2026-08-17,ccn-050686,stress-test,270,520,
2026-08-17,ccn-050686,thyroid-us,827,1590,
2026-08-17,ccn-050686,tonsillectomy,1456,2800,
2026-08-17,ccn-050686,us-abdomen,1191,2290,
2026-08-17,ccn-050686,us-pregnancy,728,1400,
2026-08-17,ccn-050686,xray-extremity,432,830,
2026-08-17,ccn-050686,xray-leg,406,780,
2026-08-17,ccn-050690,allergy-test,627,1120,
2026-08-17,ccn-050690,appendectomy,22680,40500,
2026-08-17,ccn-050690,biopsy-needle,4094,7310,
2026-08-17,ccn-050690,blood-cbc,123,220,
2026-08-17,ccn-050690,blood-metabolic,255,456,
2026-08-17,ccn-050690,cardiac-cath,19488,34800,
2026-08-17,ccn-050690,carpal-tunnel,5309,9480,
2026-08-17,ccn-050690,cast-fracture,762,1360,
2026-08-17,ccn-050690,cataract,8624,15400,
2026-08-17,ccn-050690,chemo-infusion,1103,1970,
2026-08-17,ccn-050690,chest-xray,504,900,
2026-08-17,ccn-050690,colonoscopy,3679,6570,
2026-08-17,ccn-050690,ct-abd-pelvis,4754,8490,
2026-08-17,ccn-050690,ct-head,2682,4790,
2026-08-17,ccn-050690,dialysis,2453,4380,
2026-08-17,ccn-050690,echocardiogram,3825,6830,
2026-08-17,ccn-050690,ekg,90,160,
2026-08-17,ccn-050690,endoscopy,3707,6620,
2026-08-17,ccn-050690,epidural-inj,3662,6540,
2026-08-17,ccn-050690,er-level3,1622,2896,
2026-08-17,ccn-050690,er-level4,2713,4844,
2026-08-17,ccn-050690,er-level5,4220,7536,
2026-08-17,ccn-050690,flu-shot,21,37,
2026-08-17,ccn-050690,gallbladder,19219,34320,
2026-08-17,ccn-050690,hearing-test,549,980,
2026-08-17,ccn-050690,hernia-repair,18726,33440,
2026-08-17,ccn-050690,hip-replacement,9162,16360,
2026-08-17,ccn-050690,hysterectomy,23128,41300,
2026-08-17,ccn-050690,iud-insertion,1814,3240,
2026-08-17,ccn-050690,iv-hydration,739,1320,
2026-08-17,ccn-050690,iv-infusion,840,1500,
2026-08-17,ccn-050690,joint-injection,1271,2270,
2026-08-17,ccn-050690,knee-replacement,25760,46000,
2026-08-17,ccn-050690,knee-scope,7325,13080,
2026-08-17,ccn-050690,laceration,801,1430,
2026-08-17,ccn-050690,lithotripsy,14426,25760,
2026-08-17,ccn-050690,mammogram-diag,375,670,
2026-08-17,ccn-050690,mammogram-screen,375,670,
2026-08-17,ccn-050690,mri-brain,3629,6480,
2026-08-17,ccn-050690,mri-knee,3438,6140,
2026-08-17,ccn-050690,mri-spine,3282,5860,
2026-08-17,ccn-050690,pap-smear,92,164,
2026-08-17,ccn-050690,physical-therapy,145,259,
2026-08-17,ccn-050690,shoulder-scope,6300,11250,
2026-08-17,ccn-050690,sleep-study,4889,8730,
2026-08-17,ccn-050690,strep-test,171,306,
2026-08-17,ccn-050690,thyroid-us,907,1620,
2026-08-17,ccn-050690,tonsillectomy,8658,15460,
2026-08-17,ccn-050690,us-abdomen,991,1770,
2026-08-17,ccn-050690,us-pregnancy,946,1690,
2026-08-17,ccn-050690,xray-extremity,633,1130,
2026-08-17,ccn-050690,xray-leg,459,820,
2026-08-17,ccn-050696,allergy-test,2814,2814,
2026-08-17,ccn-050696,biopsy-needle,7716,7716,
2026-08-17,ccn-050696,blood-cbc,84,84,
2026-08-17,ccn-050696,blood-metabolic,467,467,
2026-08-17,ccn-050696,cardiac-cath,17647,17647,
2026-08-17,ccn-050696,cast-fracture,1830,1830,
2026-08-17,ccn-050696,cataract,7774,7774,
2026-08-17,ccn-050696,chemo-infusion,1700,1700,
2026-08-17,ccn-050696,chest-xray,934,934,
2026-08-17,ccn-050696,ct-abd-pelvis,10460,10460,
2026-08-17,ccn-050696,ct-head,4582,4582,
2026-08-17,ccn-050696,echocardiogram,6109,6109,
2026-08-17,ccn-050696,epidural-inj,4291,4291,
2026-08-17,ccn-050696,flu-shot,79,79,
2026-08-17,ccn-050696,hearing-test,864,864,
2026-08-17,ccn-050696,iud-insertion,11330,11330,
2026-08-17,ccn-050696,iv-hydration,1167,1167,
2026-08-17,ccn-050696,iv-infusion,1300,1300,
2026-08-17,ccn-050696,joint-injection,4361,4361,
2026-08-17,ccn-050696,laceration,824,824,
2026-08-17,ccn-050696,mammogram-screen,659,659,
2026-08-17,ccn-050696,mri-brain,7192,7192,
2026-08-17,ccn-050696,mri-knee,6276,6276,
2026-08-17,ccn-050696,mri-spine,5213,5213,
2026-08-17,ccn-050696,physical-therapy,294,294,
2026-08-17,ccn-050696,prostate-biopsy,8214,8214,
2026-08-17,ccn-050696,sleep-study,6214,6214,
2026-08-17,ccn-050696,thyroid-us,1710,1710,
2026-08-17,ccn-050696,us-abdomen,2868,2868,
2026-08-17,ccn-050696,us-pregnancy,1344,1344,
2026-08-17,ccn-050696,xray-extremity,756,756,
2026-08-17,ccn-050696,xray-leg,680,680,
2026-08-17,ccn-050760,allergy-test,627,1120,
2026-08-17,ccn-050760,appendectomy,22680,40500,
2026-08-17,ccn-050760,biopsy-needle,4094,7310,
2026-08-17,ccn-050760,blood-cbc,123,220,
2026-08-17,ccn-050760,blood-metabolic,255,456,
2026-08-17,ccn-050760,cardiac-cath,19488,34800,
2026-08-17,ccn-050760,carpal-tunnel,5309,9480,
2026-08-17,ccn-050760,cast-fracture,762,1360,
2026-08-17,ccn-050760,cataract,8624,15400,
2026-08-17,ccn-050760,chemo-infusion,1103,1970,
2026-08-17,ccn-050760,chest-xray,504,900,
2026-08-17,ccn-050760,colonoscopy,3679,6570,
2026-08-17,ccn-050760,ct-abd-pelvis,4754,8490,
2026-08-17,ccn-050760,ct-head,2682,4790,
2026-08-17,ccn-050760,dialysis,2453,4380,
2026-08-17,ccn-050760,echocardiogram,3825,6830,
2026-08-17,ccn-050760,ekg,90,160,
2026-08-17,ccn-050760,endoscopy,3707,6620,
2026-08-17,ccn-050760,epidural-inj,3662,6540,
2026-08-17,ccn-050760,er-level3,1622,2896,
2026-08-17,ccn-050760,er-level4,2713,4844,
2026-08-17,ccn-050760,er-level5,4220,7536,
2026-08-17,ccn-050760,flu-shot,21,37,
2026-08-17,ccn-050760,gallbladder,19219,34320,
2026-08-17,ccn-050760,hearing-test,549,980,
2026-08-17,ccn-050760,hernia-repair,18726,33440,
2026-08-17,ccn-050760,hip-replacement,9162,16360,
2026-08-17,ccn-050760,hysterectomy,23128,41300,
2026-08-17,ccn-050760,iud-insertion,1814,3240,
2026-08-17,ccn-050760,iv-hydration,739,1320,
2026-08-17,ccn-050760,iv-infusion,840,1500,
2026-08-17,ccn-050760,joint-injection,1271,2270,
2026-08-17,ccn-050760,knee-replacement,25760,46000,
2026-08-17,ccn-050760,knee-scope,7325,13080,
2026-08-17,ccn-050760,laceration,801,1430,
2026-08-17,ccn-050760,lithotripsy,14426,25760,
2026-08-17,ccn-050760,mammogram-diag,375,670,
2026-08-17,ccn-050760,mammogram-screen,375,670,
2026-08-17,ccn-050760,mri-brain,3629,6480,
2026-08-17,ccn-050760,mri-knee,3438,6140,
2026-08-17,ccn-050760,mri-spine,3282,5860,
2026-08-17,ccn-050760,pap-smear,92,164,
2026-08-17,ccn-050760,physical-therapy,145,259,
2026-08-17,ccn-050760,shoulder-scope,6300,11250,
2026-08-17,ccn-050760,sleep-study,4889,8730,
2026-08-17,ccn-050760,strep-test,171,306,
2026-08-17,ccn-050760,thyroid-us,907,1620,
2026-08-17,ccn-050760,tonsillectomy,8658,15460,
2026-08-17,ccn-050760,us-abdomen,991,1770,
2026-08-17,ccn-050760,us-pregnancy,946,1690,
2026-08-17,ccn-050760,xray-extremity,633,1130,
2026-08-17,ccn-050760,xray-leg,459,820,
2026-08-17,ccn-050761,biopsy-needle,4331,12375,
2026-08-17,ccn-050761,blood-cbc,238,681,
2026-08-17,ccn-050761,blood-metabolic,439,1253,
2026-08-17,ccn-050761,cardiac-cath,5217,14906,
2026-08-17,ccn-050761,carpal-tunnel,792,2263,
2026-08-17,ccn-050761,cast-fracture,140,400,
2026-08-17,ccn-050761,chemo-infusion,605,1728,
2026-08-17,ccn-050761,chest-xray,413,1179,
2026-08-17,ccn-050761,colonoscopy,678,1937,
2026-08-17,ccn-050761,ct-abd-pelvis,2311,6602,
2026-08-17,ccn-050761,ct-head,1850,5286,
2026-08-17,ccn-050761,dialysis,1017,2905,
2026-08-17,ccn-050761,echocardiogram,1836,5245,
2026-08-17,ccn-050761,endoscopy,531,1516,
2026-08-17,ccn-050761,epidural-inj,1311,3747,
2026-08-17,ccn-050761,er-level3,784,2239,
2026-08-17,ccn-050761,er-level4,1315,3758,
2026-08-17,ccn-050761,er-level5,1877,5364,
2026-08-17,ccn-050761,hernia-repair,1561,4459,
2026-08-17,ccn-050761,iud-insertion,158,451,
2026-08-17,ccn-050761,iv-hydration,377,1076,
2026-08-17,ccn-050761,iv-infusion,414,1182,
2026-08-17,ccn-050761,joint-injection,503,1436,
2026-08-17,ccn-050761,laceration,160,457,
2026-08-17,ccn-050761,mammogram-diag,366,1046,
2026-08-17,ccn-050761,mammogram-screen,283,808,
2026-08-17,ccn-050761,mri-brain,1953,5579,
2026-08-17,ccn-050761,mri-knee,1520,4342,
2026-08-17,ccn-050761,mri-spine,2238,6395,
2026-08-17,ccn-050761,physical-therapy,78,222,
2026-08-17,ccn-050761,strep-test,100,287,
2026-08-17,ccn-050761,thyroid-us,866,2475,
2026-08-17,ccn-050761,us-abdomen,1149,3284,
2026-08-17,ccn-050761,us-pregnancy,579,1655,
2026-08-17,ccn-050761,xray-extremity,344,982,
2026-08-17,ccn-050761,xray-leg,370,1057,
2026-08-17,ccn-050767,allergy-test,627,1120,
2026-08-17,ccn-050767,appendectomy,22680,40500,
2026-08-17,ccn-050767,biopsy-needle,4094,7310,
2026-08-17,ccn-050767,blood-cbc,123,220,
2026-08-17,ccn-050767,blood-metabolic,255,456,
2026-08-17,ccn-050767,cardiac-cath,19488,34800,
2026-08-17,ccn-050767,carpal-tunnel,5309,9480,
2026-08-17,ccn-050767,cast-fracture,762,1360,
2026-08-17,ccn-050767,cataract,8624,15400,
2026-08-17,ccn-050767,chemo-infusion,1103,1970,
2026-08-17,ccn-050767,chest-xray,504,900,
2026-08-17,ccn-050767,colonoscopy,3679,6570,
2026-08-17,ccn-050767,ct-abd-pelvis,4754,8490,
2026-08-17,ccn-050767,ct-head,2682,4790,
2026-08-17,ccn-050767,dialysis,2453,4380,
2026-08-17,ccn-050767,echocardiogram,3825,6830,
2026-08-17,ccn-050767,ekg,90,160,
2026-08-17,ccn-050767,endoscopy,3707,6620,
2026-08-17,ccn-050767,epidural-inj,3662,6540,
2026-08-17,ccn-050767,er-level3,1622,2896,
2026-08-17,ccn-050767,er-level4,2713,4844,
2026-08-17,ccn-050767,er-level5,4220,7536,
2026-08-17,ccn-050767,flu-shot,21,37,
2026-08-17,ccn-050767,gallbladder,19219,34320,
2026-08-17,ccn-050767,hearing-test,549,980,
2026-08-17,ccn-050767,hernia-repair,18726,33440,
2026-08-17,ccn-050767,hip-replacement,9162,16360,
2026-08-17,ccn-050767,hysterectomy,23128,41300,
2026-08-17,ccn-050767,iud-insertion,1814,3240,
2026-08-17,ccn-050767,iv-hydration,739,1320,
2026-08-17,ccn-050767,iv-infusion,840,1500,
2026-08-17,ccn-050767,joint-injection,1271,2270,
2026-08-17,ccn-050767,knee-replacement,25760,46000,
2026-08-17,ccn-050767,knee-scope,7325,13080,
2026-08-17,ccn-050767,laceration,801,1430,
2026-08-17,ccn-050767,lithotripsy,14426,25760,
2026-08-17,ccn-050767,mammogram-diag,375,670,
2026-08-17,ccn-050767,mammogram-screen,375,670,
2026-08-17,ccn-050767,mri-brain,3629,6480,
2026-08-17,ccn-050767,mri-knee,3438,6140,
2026-08-17,ccn-050767,mri-spine,3282,5860,
2026-08-17,ccn-050767,pap-smear,92,164,
2026-08-17,ccn-050767,physical-therapy,145,259,
2026-08-17,ccn-050767,shoulder-scope,6300,11250,
2026-08-17,ccn-050767,sleep-study,4889,8730,
2026-08-17,ccn-050767,strep-test,171,306,
2026-08-17,ccn-050767,thyroid-us,907,1620,
2026-08-17,ccn-050767,tonsillectomy,8658,15460,
2026-08-17,ccn-050767,us-abdomen,991,1770,
2026-08-17,ccn-050767,us-pregnancy,946,1690,
2026-08-17,ccn-050767,xray-extremity,633,1130,
2026-08-17,ccn-050767,xray-leg,459,820,
2026-08-17,ccn-050770,appendectomy,6571,14603,
2026-08-17,ccn-050770,biopsy-needle,2157,4793,
2026-08-17,ccn-050770,blood-cbc,65,145,
2026-08-17,ccn-050770,blood-metabolic,358,795,
2026-08-17,ccn-050770,cardiac-cath,8600,19110,
2026-08-17,ccn-050770,cast-fracture,308,685,
2026-08-17,ccn-050770,chest-xray,375,833,
2026-08-17,ccn-050770,colonoscopy,1925,4277,
2026-08-17,ccn-050770,ct-abd-pelvis,1444,3208,
2026-08-17,ccn-050770,ct-head,1190,2644,
2026-08-17,ccn-050770,dialysis,891,1979,
2026-08-17,ccn-050770,echocardiogram,1221,2713,
2026-08-17,ccn-050770,endoscopy,2019,4487,
2026-08-17,ccn-050770,epidural-inj,1294,2875,
2026-08-17,ccn-050770,er-level3,1383,3074,
2026-08-17,ccn-050770,er-level4,2025,4500,
2026-08-17,ccn-050770,er-level5,2225,4944,
2026-08-17,ccn-050770,hernia-repair,4385,9745,
2026-08-17,ccn-050770,iud-insertion,434,964,
2026-08-17,ccn-050770,iv-hydration,330,733,
2026-08-17,ccn-050770,iv-infusion,463,1029,
2026-08-17,ccn-050770,joint-injection,327,727,
2026-08-17,ccn-050770,laceration,435,966,
2026-08-17,ccn-050770,mammogram-diag,93,207,
2026-08-17,ccn-050770,mammogram-screen,313,695,
2026-08-17,ccn-050770,physical-therapy,63,140,
2026-08-17,ccn-050770,prostate-biopsy,1390,3088,
2026-08-17,ccn-050770,strep-test,11,25,
2026-08-17,ccn-050770,thyroid-us,636,1414,
2026-08-17,ccn-050770,us-abdomen,1066,2368,
2026-08-17,ccn-050770,xray-extremity,307,683,
2026-08-17,ccn-050770,xray-leg,456,1013,
2026-08-17,ccn-050778,biopsy-needle,2997,6660,
2026-08-17,ccn-050778,blood-cbc,65,145,
2026-08-17,ccn-050778,blood-metabolic,358,795,
2026-08-17,ccn-050778,cardiac-cath,8600,19110,
2026-08-17,ccn-050778,cast-fracture,465,1033,
2026-08-17,ccn-050778,chemo-infusion,795,1766,
2026-08-17,ccn-050778,chest-xray,375,833,
2026-08-17,ccn-050778,colonoscopy,2750,6112,
2026-08-17,ccn-050778,ct-abd-pelvis,3180,7066,
2026-08-17,ccn-050778,ct-head,2035,4522,
2026-08-17,ccn-050778,dialysis,1155,2567,
2026-08-17,ccn-050778,echocardiogram,1769,3932,
2026-08-17,ccn-050778,endoscopy,2019,4487,
2026-08-17,ccn-050778,epidural-inj,2246,4991,
2026-08-17,ccn-050778,er-level3,1486,3303,
2026-08-17,ccn-050778,er-level4,2069,4598,
2026-08-17,ccn-050778,er-level5,3167,7038,
2026-08-17,ccn-050778,iud-insertion,612,1359,
2026-08-17,ccn-050778,iv-hydration,481,1069,
2026-08-17,ccn-050778,iv-infusion,463,1029,
2026-08-17,ccn-050778,joint-injection,1026,2280,
2026-08-17,ccn-050778,laceration,1046,2325,
2026-08-17,ccn-050778,mammogram-diag,384,854,
2026-08-17,ccn-050778,mammogram-screen,359,797,
2026-08-17,ccn-050778,mri-brain,4973,11051,
2026-08-17,ccn-050778,mri-knee,3729,8287,
2026-08-17,ccn-050778,mri-spine,4753,10563,
2026-08-17,ccn-050778,physical-therapy,108,241,
2026-08-17,ccn-050778,prostate-biopsy,2885,6411,
2026-08-17,ccn-050778,sleep-study,2816,6258,
2026-08-17,ccn-050778,strep-test,11,25,
2026-08-17,ccn-050778,thyroid-us,824,1831,
2026-08-17,ccn-050778,urgent-care,306,680,
2026-08-17,ccn-050778,us-abdomen,1307,2904,
2026-08-17,ccn-050778,us-pregnancy,927,2059,
2026-08-17,ccn-050778,xray-extremity,498,1106,
2026-08-17,ccn-050778,xray-leg,456,1013,
2026-08-17,ccn-050855,allergy-test,566,1089,
2026-08-17,ccn-050855,appendectomy,8008,15400,
2026-08-17,ccn-050855,biopsy-needle,3214,6180,
2026-08-17,ccn-050855,blood-cbc,111,213,
2026-08-17,ccn-050855,blood-metabolic,269,517,
2026-08-17,ccn-050855,cardiac-cath,12927,24860,
2026-08-17,ccn-050855,carpal-tunnel,3609,6940,
2026-08-17,ccn-050855,cast-fracture,499,960,
2026-08-17,ccn-050855,cataract,5044,9700,
2026-08-17,ccn-050855,chemo-infusion,874,1680,
2026-08-17,ccn-050855,chest-xray,385,740,
2026-08-17,ccn-050855,colonoscopy,2080,4000,
2026-08-17,ccn-050855,ct-abd-pelvis,4004,7700,
2026-08-17,ccn-050855,ct-head,2288,4400,
2026-08-17,ccn-050855,dialysis,2340,4500,
2026-08-17,ccn-050855,echocardiogram,2688,5170,
2026-08-17,ccn-050855,endoscopy,1872,3600,
2026-08-17,ccn-050855,epidural-inj,2220,4270,
2026-08-17,ccn-050855,er-level3,1208,2323,
2026-08-17,ccn-050855,er-level4,1953,3756,
2026-08-17,ccn-050855,er-level5,3284,6316,
2026-08-17,ccn-050855,flu-shot,16,30,
2026-08-17,ccn-050855,gallbladder,13208,25400,
2026-08-17,ccn-050855,hernia-repair,7389,14210,
2026-08-17,ccn-050855,hysterectomy,4436,8530,
2026-08-17,ccn-050855,iud-insertion,588,1130,
2026-08-17,ccn-050855,iv-hydration,442,850,
2026-08-17,ccn-050855,iv-infusion,478,920,
2026-08-17,ccn-050855,joint-injection,952,1830,
2026-08-17,ccn-050855,knee-scope,5148,9900,
2026-08-17,ccn-050855,laceration,749,1440,
2026-08-17,ccn-050855,lithotripsy,6510,12520,
2026-08-17,ccn-050855,mammogram-diag,353,679,
2026-08-17,ccn-050855,mammogram-screen,380,731,
2026-08-17,ccn-050855,mri-brain,2600,5000,
2026-08-17,ccn-050855,mri-knee,2392,4600,
2026-08-17,ccn-050855,mri-spine,2496,4800,
2026-08-17,ccn-050855,pap-smear,100,193,
2026-08-17,ccn-050855,physical-therapy,137,264,
2026-08-17,ccn-050855,shoulder-scope,9745,18740,
2026-08-17,ccn-050855,strep-test,111,213,
2026-08-17,ccn-050855,stress-test,270,520,
2026-08-17,ccn-050855,thyroid-us,827,1590,
2026-08-17,ccn-050855,tonsillectomy,1456,2800,
2026-08-17,ccn-050855,us-abdomen,1191,2290,
2026-08-17,ccn-050855,us-pregnancy,728,1400,
2026-08-17,ccn-050855,xray-extremity,432,830,
2026-08-17,ccn-050855,xray-leg,406,780,
2026-08-17,ccn-051318,biopsy-needle,2082,4083,
2026-08-17,ccn-051318,blood-cbc,2,4,
2026-08-17,ccn-051318,blood-metabolic,15,30,
2026-08-17,ccn-051318,carpal-tunnel,2404,4714,
2026-08-17,ccn-051318,cast-fracture,1017,1994,
2026-08-17,ccn-051318,chest-xray,729,1430,
2026-08-17,ccn-051318,colonoscopy,1272,2494,
2026-08-17,ccn-051318,ct-abd-pelvis,5733,11242,
2026-08-17,ccn-051318,ct-head,1879,3685,
2026-08-17,ccn-051318,dialysis,1188,2330,
2026-08-17,ccn-051318,echocardiogram,1508,2957,
2026-08-17,ccn-051318,ekg,36,70,
2026-08-17,ccn-051318,endoscopy,1263,2477,
2026-08-17,ccn-051318,epidural-inj,925,1813,
2026-08-17,ccn-051318,er-level3,1764,3459,
2026-08-17,ccn-051318,er-level4,631,1237,
2026-08-17,ccn-051318,er-level5,4646,9110,
2026-08-17,ccn-051318,flu-shot,18,35,
2026-08-17,ccn-051318,hearing-test,253,496,
2026-08-17,ccn-051318,hernia-repair,4737,9288,
2026-08-17,ccn-051318,iud-insertion,5590,10960,
2026-08-17,ccn-051318,iv-hydration,901,1766,
2026-08-17,ccn-051318,iv-infusion,1095,2148,
2026-08-17,ccn-051318,joint-injection,1390,2725,
2026-08-17,ccn-051318,laceration,1316,2581,
2026-08-17,ccn-051318,mammogram-diag,413,809,
2026-08-17,ccn-051318,mammogram-screen,394,773,
2026-08-17,ccn-051318,mri-brain,1977,3877,
2026-08-17,ccn-051318,mri-spine,2192,4298,
2026-08-17,ccn-051318,physical-therapy,105,206,
2026-08-17,ccn-051318,sleep-study,1779,3488,
2026-08-17,ccn-051318,strep-test,17,33,
2026-08-17,ccn-051318,thyroid-us,1169,2292,
2026-08-17,ccn-051318,urgent-care,83,162,
2026-08-17,ccn-051318,us-abdomen,1960,3844,
2026-08-17,ccn-051318,us-pregnancy,2029,3979,
2026-08-17,ccn-051318,xray-extremity,906,1776,
2026-08-17,ccn-051318,xray-leg,785,1539,
2026-08-17,ccn-053303,allergy-test,15,20,
2026-08-17,ccn-053303,blood-cbc,158,210,
2026-08-17,ccn-053303,blood-metabolic,364,485,
2026-08-17,ccn-053303,cardiac-cath,18524,24698,
2026-08-17,ccn-053303,cast-fracture,71,95,
2026-08-17,ccn-053303,chemo-infusion,1064,1419,
2026-08-17,ccn-053303,chest-xray,575,767,
2026-08-17,ccn-053303,ct-abd-pelvis,6248,8331,
2026-08-17,ccn-053303,ct-head,2625,3500,
2026-08-17,ccn-053303,echocardiogram,3904,5206,
2026-08-17,ccn-053303,ekg,294,392,
2026-08-17,ccn-053303,endoscopy,527,703,
2026-08-17,ccn-053303,epidural-inj,568,757,
2026-08-17,ccn-053303,er-level3,1500,2000,
2026-08-17,ccn-053303,er-level4,2550,3400,
2026-08-17,ccn-053303,er-level5,4050,5400,
2026-08-17,ccn-053303,flu-shot,98,130,
2026-08-17,ccn-053303,hearing-test,267,356,
2026-08-17,ccn-053303,iud-insertion,504,672,
2026-08-17,ccn-053303,iv-hydration,640,854,
2026-08-17,ccn-053303,iv-infusion,838,1117,
2026-08-17,ccn-053303,joint-injection,1002,1336,
2026-08-17,ccn-053303,laceration,563,751,
2026-08-17,ccn-053303,mri-brain,3465,4620,
2026-08-17,ccn-053303,mri-knee,4478,5970,
2026-08-17,ccn-053303,mri-spine,5064,6752,
2026-08-17,ccn-053303,physical-therapy,158,211,
2026-08-17,ccn-053303,prostate-biopsy,2156,2875,
2026-08-17,ccn-053303,sleep-study,5423,7231,
2026-08-17,ccn-053303,strep-test,166,222,
2026-08-17,ccn-053303,stress-test,1148,1531,
2026-08-17,ccn-053303,thyroid-us,1040,1386,
2026-08-17,ccn-053303,urgent-care,262,350,
2026-08-17,ccn-053303,us-abdomen,1200,1600,
2026-08-17,ccn-053303,xray-extremity,700,933,
2026-08-17,ccn-053303,xray-leg,668,891,
2026-09-22,ccn-050283,allergy-test,51,128,
2026-09-22,ccn-050283,appendectomy,1283,2566,
2026-09-22,ccn-050283,biopsy-needle,4793,11983,
2026-09-22,ccn-050283,blood-cbc,178,445,
2026-09-22,ccn-050283,blood-metabolic,497,1243,
2026-09-22,ccn-050283,cardiac-cath,26708,66769,
2026-09-22,ccn-050283,carpal-tunnel,3333,8333,
2026-09-22,ccn-050283,cast-fracture,966,2414,
2026-09-22,ccn-050283,chemo-infusion,1673,4183,
2026-09-22,ccn-050283,chest-xray,540,1351,
2026-09-22,ccn-050283,colonoscopy,3432,8581,
2026-09-22,ccn-050283,ct-abd-pelvis,6879,17197,
2026-09-22,ccn-050283,ct-head,3111,7777,
2026-09-22,ccn-050283,dialysis,236,471,
2026-09-22,ccn-050283,echocardiogram,4826,12065,
2026-09-22,ccn-050283,ekg,62,124,
2026-09-22,ccn-050283,endoscopy,3788,9471,
2026-09-22,ccn-050283,epidural-inj,4110,10275,
2026-09-22,ccn-050283,er-level3,1995,4988,
2026-09-22,ccn-050283,er-level4,4744,11859,
2026-09-22,ccn-050283,er-level5,6108,15270,
2026-09-22,ccn-050283,flu-shot,78,195,
2026-09-22,ccn-050283,gallbladder,1890,3781,
2026-09-22,ccn-050283,hearing-test,581,1452,
2026-09-22,ccn-050283,hernia-repair,1142,2285,
2026-09-22,ccn-050283,hip-replacement,3461,6922,
2026-09-22,ccn-050283,hysterectomy,2110,4220,
2026-09-22,ccn-050283,iud-insertion,454,1135,
2026-09-22,ccn-050283,iv-hydration,1152,2879,
2026-09-22,ccn-050283,iv-infusion,1276,3191,
2026-09-22,ccn-050283,joint-injection,1218,3046,
2026-09-22,ccn-050283,knee-replacement,3744,7489,
2026-09-22,ccn-050283,laceration,1324,3311,
2026-09-22,ccn-050283,mammogram-diag,478,1195,
2026-09-22,ccn-050283,mammogram-screen,287,717,
2026-09-22,ccn-050283,mri-brain,4698,11744,
2026-09-22,ccn-050283,mri-knee,4156,10390,
2026-09-22,ccn-050283,mri-spine,4408,11019,
2026-09-22,ccn-050283,physical-therapy,268,671,
2026-09-22,ccn-050283,prostate-biopsy,5496,13741,
2026-09-22,ccn-050283,shoulder-scope,2468,4935,
2026-09-22,ccn-050283,sleep-study,4320,10799,
2026-09-22,ccn-050283,strep-test,214,536,
2026-09-22,ccn-050283,thyroid-us,1119,2798,
2026-09-22,ccn-050283,urgent-care,341,682,
2026-09-22,ccn-050283,us-abdomen,1309,3272,
2026-09-22,ccn-050283,us-pregnancy,879,2197,
2026-09-22,ccn-050283,xray-extremity,731,1828,
2026-09-22,ccn-050283,xray-leg,774,1936,
2026-09-22,ccn-050295,appendectomy,28217,47029,
2026-09-22,ccn-050295,biopsy-needle,3932,6553,
2026-09-22,ccn-050295,blood-cbc,23,38,
2026-09-22,ccn-050295,blood-metabolic,30,50,
2026-09-22,ccn-050295,carpal-tunnel,7828,13047,
2026-09-22,ccn-050295,chemo-infusion,514,856,
2026-09-22,ccn-050295,chest-xray,218,364,
2026-09-22,ccn-050295,colonoscopy,6934,11557,
2026-09-22,ccn-050295,ct-abd-pelvis,1675,2791,
2026-09-22,ccn-050295,ct-head,801,1335,
2026-09-22,ccn-050295,endoscopy,5877,9795,
2026-09-22,ccn-050295,epidural-inj,2250,3750,
2026-09-22,ccn-050295,gallbladder,25293,42154,
2026-09-22,ccn-050295,hernia-repair,24042,40071,
2026-09-22,ccn-050295,hip-replacement,46824,78041,
2026-09-22,ccn-050295,hysterectomy,36016,60026,
2026-09-22,ccn-050295,iud-insertion,1161,1935,
2026-09-22,ccn-050295,iv-hydration,479,798,
2026-09-22,ccn-050295,iv-infusion,242,403,
2026-09-22,ccn-050295,joint-injection,751,1251,
2026-09-22,ccn-050295,knee-replacement,44879,74798,
2026-09-22,ccn-050295,knee-scope,16244,27074,
2026-09-22,ccn-050295,laceration,941,1569,
2026-09-22,ccn-050295,mammogram-diag,335,559,
2026-09-22,ccn-050295,mammogram-screen,192,320,
2026-09-22,ccn-050295,pap-smear,104,173,
2026-09-22,ccn-050295,physical-therapy,61,101,
2026-09-22,ccn-050295,prostate-biopsy,8614,14356,
2026-09-22,ccn-050295,shoulder-scope,38822,64704,
2026-09-22,ccn-050295,strep-test,73,122,
2026-09-22,ccn-050295,thyroid-us,660,1100,
2026-09-22,ccn-050295,tonsillectomy,12588,20980,
2026-09-22,ccn-050295,us-abdomen,295,492,
2026-09-22,ccn-050295,us-pregnancy,874,1457,
2026-09-22,ccn-050295,xray-extremity,329,549,
2026-09-22,ccn-050295,xray-leg,242,404,
2026-09-22,ccn-050441,allergy-test,51,128,
2026-09-22,ccn-050441,appendectomy,1283,2566,
2026-09-22,ccn-050441,biopsy-needle,4793,11983,
2026-09-22,ccn-050441,blood-cbc,178,445,
2026-09-22,ccn-050441,blood-metabolic,497,1243,
2026-09-22,ccn-050441,cardiac-cath,26708,66769,
2026-09-22,ccn-050441,carpal-tunnel,3333,8333,
2026-09-22,ccn-050441,cast-fracture,966,2414,
2026-09-22,ccn-050441,chemo-infusion,1673,4183,
2026-09-22,ccn-050441,chest-xray,540,1351,
2026-09-22,ccn-050441,colonoscopy,3432,8581,
2026-09-22,ccn-050441,ct-abd-pelvis,6879,17197,
2026-09-22,ccn-050441,ct-head,3111,7777,
2026-09-22,ccn-050441,dialysis,236,471,
2026-09-22,ccn-050441,echocardiogram,4826,12065,
2026-09-22,ccn-050441,ekg,62,124,
2026-09-22,ccn-050441,endoscopy,3788,9471,
2026-09-22,ccn-050441,epidural-inj,4110,10275,
2026-09-22,ccn-050441,er-level3,1995,4988,
2026-09-22,ccn-050441,er-level4,4744,11859,
2026-09-22,ccn-050441,er-level5,6108,15270,
2026-09-22,ccn-050441,flu-shot,78,195,
2026-09-22,ccn-050441,gallbladder,1890,3781,
2026-09-22,ccn-050441,hearing-test,581,1452,
2026-09-22,ccn-050441,hernia-repair,1142,2285,
2026-09-22,ccn-050441,hip-replacement,3461,6922,
2026-09-22,ccn-050441,hysterectomy,2110,4220,
2026-09-22,ccn-050441,iud-insertion,454,1135,
2026-09-22,ccn-050441,iv-hydration,1152,2879,
2026-09-22,ccn-050441,iv-infusion,1276,3191,
2026-09-22,ccn-050441,joint-injection,1218,3046,
2026-09-22,ccn-050441,knee-replacement,3744,7489,
2026-09-22,ccn-050441,laceration,1324,3311,
2026-09-22,ccn-050441,mammogram-diag,478,1195,
2026-09-22,ccn-050441,mammogram-screen,287,717,
2026-09-22,ccn-050441,mri-brain,4698,11744,
2026-09-22,ccn-050441,mri-knee,4156,10390,
2026-09-22,ccn-050441,mri-spine,4408,11019,
2026-09-22,ccn-050441,physical-therapy,268,671,
2026-09-22,ccn-050441,prostate-biopsy,5496,13741,
2026-09-22,ccn-050441,shoulder-scope,2468,4935,
2026-09-22,ccn-050441,sleep-study,4320,10799,
2026-09-22,ccn-050441,strep-test,214,536,
2026-09-22,ccn-050441,thyroid-us,1119,2798,
2026-09-22,ccn-050441,urgent-care,341,682,
2026-09-22,ccn-050441,us-abdomen,1309,3272,
2026-09-22,ccn-050441,us-pregnancy,879,2197,
2026-09-22,ccn-050441,xray-extremity,731,1828,
2026-09-22,ccn-050441,xray-leg,774,1936,
2026-09-22,ccn-050485,allergy-test,2585,2585,
2026-09-22,ccn-050485,biopsy-needle,3972,3972,
2026-09-22,ccn-050485,blood-cbc,32,32,
2026-09-22,ccn-050485,blood-metabolic,883,883,
2026-09-22,ccn-050485,cardiac-cath,30656,30656,
2026-09-22,ccn-050485,cast-fracture,1222,1222,
2026-09-22,ccn-050485,chemo-infusion,2253,2253,
2026-09-22,ccn-050485,chest-xray,1166,1166,
2026-09-22,ccn-050485,colonoscopy,6134,6134,
2026-09-22,ccn-050485,ct-abd-pelvis,10055,10055,
2026-09-22,ccn-050485,ct-head,5215,5215,
2026-09-22,ccn-050485,dialysis,2638,2638,
2026-09-22,ccn-050485,echocardiogram,6685,6685,
2026-09-22,ccn-050485,endoscopy,4707,4707,
2026-09-22,ccn-050485,epidural-inj,8754,8754,
2026-09-22,ccn-050485,er-level3,2498,2498,
2026-09-22,ccn-050485,er-level4,4035,4035,
2026-09-22,ccn-050485,er-level5,5867,5867,
2026-09-22,ccn-050485,hearing-test,839,839,
2026-09-22,ccn-050485,iud-insertion,4589,4589,
2026-09-22,ccn-050485,iv-hydration,975,975,
2026-09-22,ccn-050485,iv-infusion,1183,1183,
2026-09-22,ccn-050485,joint-injection,6625,6625,
2026-09-22,ccn-050485,laceration,1474,1474,
2026-09-22,ccn-050485,mammogram-diag,895,895,
2026-09-22,ccn-050485,mammogram-screen,1170,1170,
2026-09-22,ccn-050485,mri-brain,7384,7384,
2026-09-22,ccn-050485,mri-knee,12808,12808,
2026-09-22,ccn-050485,mri-spine,7633,7633,
2026-09-22,ccn-050485,physical-therapy,212,212,
2026-09-22,ccn-050485,prostate-biopsy,10234,10234,
2026-09-22,ccn-050485,sleep-study,7807,7807,
2026-09-22,ccn-050485,strep-test,100,100,
2026-09-22,ccn-050485,thyroid-us,1862,1862,
2026-09-22,ccn-050485,urgent-care,347,347,
2026-09-22,ccn-050485,us-abdomen,2503,2503,
2026-09-22,ccn-050485,us-pregnancy,2350,2350,
2026-09-22,ccn-050485,xray-extremity,1782,1782,
2026-09-22,ccn-050485,xray-leg,1885,1885,
2026-09-22,ccn-050603,allergy-test,2585,2585,
2026-09-22,ccn-050603,biopsy-needle,3972,3972,
2026-09-22,ccn-050603,blood-cbc,32,32,
2026-09-22,ccn-050603,blood-metabolic,883,883,
2026-09-22,ccn-050603,cardiac-cath,30656,30656,
2026-09-22,ccn-050603,cast-fracture,1222,1222,
2026-09-22,ccn-050603,chemo-infusion,2253,2253,
2026-09-22,ccn-050603,chest-xray,1166,1166,
2026-09-22,ccn-050603,colonoscopy,6134,6134,
2026-09-22,ccn-050603,ct-abd-pelvis,10055,10055,
2026-09-22,ccn-050603,ct-head,5215,5215,
2026-09-22,ccn-050603,dialysis,2638,2638,
2026-09-22,ccn-050603,echocardiogram,6685,6685,
2026-09-22,ccn-050603,endoscopy,4707,4707,
2026-09-22,ccn-050603,epidural-inj,8754,8754,
2026-09-22,ccn-050603,er-level3,2498,2498,
2026-09-22,ccn-050603,er-level4,4035,4035,
2026-09-22,ccn-050603,er-level5,5867,5867,
2026-09-22,ccn-050603,hearing-test,839,839,
2026-09-22,ccn-050603,iud-insertion,4589,4589,
2026-09-22,ccn-050603,iv-hydration,975,975,
2026-09-22,ccn-050603,iv-infusion,1183,1183,
2026-09-22,ccn-050603,joint-injection,6625,6625,
2026-09-22,ccn-050603,laceration,1474,1474,
2026-09-22,ccn-050603,mammogram-diag,895,895,
2026-09-22,ccn-050603,mammogram-screen,1170,1170,
2026-09-22,ccn-050603,mri-brain,7384,7384,
2026-09-22,ccn-050603,mri-knee,12808,12808,
2026-09-22,ccn-050603,mri-spine,7633,7633,
2026-09-22,ccn-050603,physical-therapy,212,212,
2026-09-22,ccn-050603,prostate-biopsy,10234,10234,
2026-09-22,ccn-050603,sleep-study,7807,7807,
2026-09-22,ccn-050603,strep-test,100,100,
2026-09-22,ccn-050603,thyroid-us,1862,1862,
2026-09-22,ccn-050603,urgent-care,347,347,
2026-09-22,ccn-050603,us-abdomen,2503,2503,
2026-09-22,ccn-050603,us-pregnancy,2350,2350,
2026-09-22,ccn-050603,xray-extremity,1782,1782,
2026-09-22,ccn-050603,xray-leg,1885,1885,
2026-09-22,ccn-050678,allergy-test,2585,2585,
2026-09-22,ccn-050678,biopsy-needle,3972,3972,
2026-09-22,ccn-050678,blood-cbc,32,32,
2026-09-22,ccn-050678,blood-metabolic,883,883,
2026-09-22,ccn-050678,cardiac-cath,30656,30656,
2026-09-22,ccn-050678,cast-fracture,1222,1222,
2026-09-22,ccn-050678,chemo-infusion,2253,2253,
2026-09-22,ccn-050678,chest-xray,1166,1166,
2026-09-22,ccn-050678,colonoscopy,6134,6134,
2026-09-22,ccn-050678,ct-abd-pelvis,10055,10055,
2026-09-22,ccn-050678,ct-head,5215,5215,
2026-09-22,ccn-050678,dialysis,2638,2638,
2026-09-22,ccn-050678,echocardiogram,6685,6685,
2026-09-22,ccn-050678,endoscopy,4707,4707,
2026-09-22,ccn-050678,epidural-inj,8754,8754,
2026-09-22,ccn-050678,er-level3,2498,2498,
2026-09-22,ccn-050678,er-level4,4035,4035,
2026-09-22,ccn-050678,er-level5,5867,5867,
2026-09-22,ccn-050678,hearing-test,839,839,
2026-09-22,ccn-050678,iud-insertion,4589,4589,
2026-09-22,ccn-050678,iv-hydration,975,975,
2026-09-22,ccn-050678,iv-infusion,1183,1183,
2026-09-22,ccn-050678,joint-injection,6625,6625,
2026-09-22,ccn-050678,laceration,1474,1474,
2026-09-22,ccn-050678,mammogram-diag,895,895,
2026-09-22,ccn-050678,mammogram-screen,1170,1170,
2026-09-22,ccn-050678,mri-brain,7384,7384,
2026-09-22,ccn-050678,mri-knee,12808,12808,
2026-09-22,ccn-050678,mri-spine,7633,7633,
2026-09-22,ccn-050678,physical-therapy,212,212,
2026-09-22,ccn-050678,prostate-biopsy,10234,10234,
2026-09-22,ccn-050678,sleep-study,7807,7807,
2026-09-22,ccn-050678,strep-test,100,100,
2026-09-22,ccn-050678,thyroid-us,1862,1862,
2026-09-22,ccn-050678,urgent-care,347,347,
2026-09-22,ccn-050678,us-abdomen,2503,2503,
2026-09-22,ccn-050678,us-pregnancy,2350,2350,
2026-09-22,ccn-050678,xray-extremity,1782,1782,
2026-09-22,ccn-050678,xray-leg,1885,1885,
2026-09-22,ccn-050710,allergy-test,627,1120,
2026-09-22,ccn-050710,appendectomy,22680,40500,
2026-09-22,ccn-050710,biopsy-needle,4094,7310,
2026-09-22,ccn-050710,blood-cbc,123,220,
2026-09-22,ccn-050710,blood-metabolic,255,456,
2026-09-22,ccn-050710,cardiac-cath,19488,34800,
2026-09-22,ccn-050710,carpal-tunnel,5309,9480,
2026-09-22,ccn-050710,cast-fracture,762,1360,
2026-09-22,ccn-050710,cataract,8624,15400,
2026-09-22,ccn-050710,chemo-infusion,1103,1970,
2026-09-22,ccn-050710,chest-xray,504,900,
2026-09-22,ccn-050710,colonoscopy,3679,6570,
2026-09-22,ccn-050710,ct-abd-pelvis,4754,8490,
2026-09-22,ccn-050710,ct-head,2682,4790,
2026-09-22,ccn-050710,dialysis,2453,4380,
2026-09-22,ccn-050710,echocardiogram,3825,6830,
2026-09-22,ccn-050710,ekg,90,160,
2026-09-22,ccn-050710,endoscopy,3707,6620,
2026-09-22,ccn-050710,epidural-inj,3662,6540,
2026-09-22,ccn-050710,er-level3,1622,2896,
2026-09-22,ccn-050710,er-level4,2713,4844,
2026-09-22,ccn-050710,er-level5,4220,7536,
2026-09-22,ccn-050710,flu-shot,21,37,
2026-09-22,ccn-050710,gallbladder,19219,34320,
2026-09-22,ccn-050710,hearing-test,549,980,
2026-09-22,ccn-050710,hernia-repair,18726,33440,
2026-09-22,ccn-050710,hip-replacement,9162,16360,
2026-09-22,ccn-050710,hysterectomy,23128,41300,
2026-09-22,ccn-050710,iud-insertion,1814,3240,
2026-09-22,ccn-050710,iv-hydration,739,1320,
2026-09-22,ccn-050710,iv-infusion,840,1500,
2026-09-22,ccn-050710,joint-injection,1271,2270,
2026-09-22,ccn-050710,knee-replacement,25760,46000,
2026-09-22,ccn-050710,knee-scope,7325,13080,
2026-09-22,ccn-050710,laceration,801,1430,
2026-09-22,ccn-050710,lithotripsy,14426,25760,
2026-09-22,ccn-050710,mammogram-diag,375,670,
2026-09-22,ccn-050710,mammogram-screen,375,670,
2026-09-22,ccn-050710,mri-brain,3629,6480,
2026-09-22,ccn-050710,mri-knee,3438,6140,
2026-09-22,ccn-050710,mri-spine,3282,5860,
2026-09-22,ccn-050710,pap-smear,92,164,
2026-09-22,ccn-050710,physical-therapy,145,259,
2026-09-22,ccn-050710,shoulder-scope,6300,11250,
2026-09-22,ccn-050710,sleep-study,4889,8730,
2026-09-22,ccn-050710,strep-test,171,306,
2026-09-22,ccn-050710,thyroid-us,907,1620,
2026-09-22,ccn-050710,tonsillectomy,8658,15460,
2026-09-22,ccn-050710,us-abdomen,991,1770,
2026-09-22,ccn-050710,us-pregnancy,946,1690,
2026-09-22,ccn-050710,xray-extremity,633,1130,
2026-09-22,ccn-050710,xray-leg,459,820,
2026-09-22,ccn-050723,allergy-test,566,1089,
2026-09-22,ccn-050723,appendectomy,8008,15400,
2026-09-22,ccn-050723,biopsy-needle,3214,6180,
2026-09-22,ccn-050723,blood-cbc,111,213,
2026-09-22,ccn-050723,blood-metabolic,269,517,
2026-09-22,ccn-050723,cardiac-cath,12927,24860,
2026-09-22,ccn-050723,carpal-tunnel,3609,6940,
2026-09-22,ccn-050723,cast-fracture,499,960,
2026-09-22,ccn-050723,cataract,5044,9700,
2026-09-22,ccn-050723,chemo-infusion,874,1680,
2026-09-22,ccn-050723,chest-xray,385,740,
2026-09-22,ccn-050723,colonoscopy,2080,4000,
2026-09-22,ccn-050723,ct-abd-pelvis,4004,7700,
2026-09-22,ccn-050723,ct-head,2288,4400,
2026-09-22,ccn-050723,dialysis,2340,4500,
2026-09-22,ccn-050723,echocardiogram,2688,5170,
2026-09-22,ccn-050723,endoscopy,1872,3600,
2026-09-22,ccn-050723,epidural-inj,2220,4270,
2026-09-22,ccn-050723,er-level3,1208,2323,
2026-09-22,ccn-050723,er-level4,1953,3756,
2026-09-22,ccn-050723,er-level5,3284,6316,
2026-09-22,ccn-050723,flu-shot,16,30,
2026-09-22,ccn-050723,gallbladder,13208,25400,
2026-09-22,ccn-050723,hernia-repair,7389,14210,
2026-09-22,ccn-050723,hysterectomy,4436,8530,
2026-09-22,ccn-050723,iud-insertion,588,1130,
2026-09-22,ccn-050723,iv-hydration,442,850,
2026-09-22,ccn-050723,iv-infusion,478,920,
2026-09-22,ccn-050723,joint-injection,952,1830,
2026-09-22,ccn-050723,knee-scope,5148,9900,
2026-09-22,ccn-050723,laceration,749,1440,
2026-09-22,ccn-050723,lithotripsy,6510,12520,
2026-09-22,ccn-050723,mammogram-diag,353,679,
2026-09-22,ccn-050723,mammogram-screen,380,731,
2026-09-22,ccn-050723,mri-brain,2600,5000,
2026-09-22,ccn-050723,mri-knee,2392,4600,
2026-09-22,ccn-050723,mri-spine,2496,4800,
2026-09-22,ccn-050723,pap-smear,100,193,
2026-09-22,ccn-050723,physical-therapy,137,264,
2026-09-22,ccn-050723,shoulder-scope,9745,18740,
2026-09-22,ccn-050723,strep-test,111,213,
2026-09-22,ccn-050723,stress-test,270,520,
2026-09-22,ccn-050723,thyroid-us,827,1590,
2026-09-22,ccn-050723,tonsillectomy,1456,2800,
2026-09-22,ccn-050723,us-abdomen,1191,2290,
2026-09-22,ccn-050723,us-pregnancy,728,1400,
2026-09-22,ccn-050723,xray-extremity,432,830,
2026-09-22,ccn-050723,xray-leg,406,780,
2026-09-22,ccn-050748,allergy-test,627,1120,
2026-09-22,ccn-050748,appendectomy,22680,40500,
2026-09-22,ccn-050748,biopsy-needle,4094,7310,
2026-09-22,ccn-050748,blood-cbc,123,220,
2026-09-22,ccn-050748,blood-metabolic,255,456,
2026-09-22,ccn-050748,cardiac-cath,19488,34800,
2026-09-22,ccn-050748,carpal-tunnel,5309,9480,
2026-09-22,ccn-050748,cast-fracture,762,1360,
2026-09-22,ccn-050748,cataract,8624,15400,
2026-09-22,ccn-050748,chemo-infusion,1103,1970,
2026-09-22,ccn-050748,chest-xray,504,900,
2026-09-22,ccn-050748,colonoscopy,3679,6570,
2026-09-22,ccn-050748,ct-abd-pelvis,4754,8490,
2026-09-22,ccn-050748,ct-head,2682,4790,
2026-09-22,ccn-050748,dialysis,2453,4380,
2026-09-22,ccn-050748,echocardiogram,3825,6830,
2026-09-22,ccn-050748,ekg,90,160,
2026-09-22,ccn-050748,endoscopy,3707,6620,
2026-09-22,ccn-050748,epidural-inj,3662,6540,
2026-09-22,ccn-050748,er-level3,1622,2896,
2026-09-22,ccn-050748,er-level4,2713,4844,
2026-09-22,ccn-050748,er-level5,4220,7536,
2026-09-22,ccn-050748,flu-shot,21,37,
2026-09-22,ccn-050748,gallbladder,19219,34320,
2026-09-22,ccn-050748,hearing-test,549,980,
2026-09-22,ccn-050748,hernia-repair,18726,33440,
2026-09-22,ccn-050748,hip-replacement,9162,16360,
2026-09-22,ccn-050748,hysterectomy,23128,41300,
2026-09-22,ccn-050748,iud-insertion,1814,3240,
2026-09-22,ccn-050748,iv-hydration,739,1320,
2026-09-22,ccn-050748,iv-infusion,840,1500,
2026-09-22,ccn-050748,joint-injection,1271,2270,
2026-09-22,ccn-050748,knee-replacement,25760,46000,
2026-09-22,ccn-050748,knee-scope,7325,13080,
2026-09-22,ccn-050748,laceration,801,1430,
2026-09-22,ccn-050748,lithotripsy,14426,25760,
2026-09-22,ccn-050748,mammogram-diag,375,670,
2026-09-22,ccn-050748,mammogram-screen,375,670,
2026-09-22,ccn-050748,mri-brain,3629,6480,
2026-09-22,ccn-050748,mri-knee,3438,6140,
2026-09-22,ccn-050748,mri-spine,3282,5860,
2026-09-22,ccn-050748,pap-smear,92,164,
2026-09-22,ccn-050748,physical-therapy,145,259,
2026-09-22,ccn-050748,shoulder-scope,6300,11250,
2026-09-22,ccn-050748,sleep-study,4889,8730,
2026-09-22,ccn-050748,strep-test,171,306,
2026-09-22,ccn-050748,thyroid-us,907,1620,
2026-09-22,ccn-050748,tonsillectomy,8658,15460,
2026-09-22,ccn-050748,us-abdomen,991,1770,
2026-09-22,ccn-050748,us-pregnancy,946,1690,
2026-09-22,ccn-050748,xray-extremity,633,1130,
2026-09-22,ccn-050748,xray-leg,459,820,
2026-09-22,ccn-050765,allergy-test,566,1089,
2026-09-22,ccn-050765,appendectomy,8008,15400,
2026-09-22,ccn-050765,biopsy-needle,3214,6180,
2026-09-22,ccn-050765,blood-cbc,111,213,
2026-09-22,ccn-050765,blood-metabolic,269,517,
2026-09-22,ccn-050765,cardiac-cath,12927,24860,
2026-09-22,ccn-050765,carpal-tunnel,3609,6940,
2026-09-22,ccn-050765,cast-fracture,499,960,
2026-09-22,ccn-050765,cataract,5044,9700,
2026-09-22,ccn-050765,chemo-infusion,874,1680,
2026-09-22,ccn-050765,chest-xray,385,740,
2026-09-22,ccn-050765,colonoscopy,2080,4000,
2026-09-22,ccn-050765,ct-abd-pelvis,4004,7700,
2026-09-22,ccn-050765,ct-head,2288,4400,
2026-09-22,ccn-050765,dialysis,2340,4500,
2026-09-22,ccn-050765,echocardiogram,2688,5170,
2026-09-22,ccn-050765,endoscopy,1872,3600,
2026-09-22,ccn-050765,epidural-inj,2220,4270,
2026-09-22,ccn-050765,er-level3,1208,2323,
2026-09-22,ccn-050765,er-level4,1953,3756,
2026-09-22,ccn-050765,er-level5,3284,6316,
2026-09-22,ccn-050765,flu-shot,16,30,
2026-09-22,ccn-050765,gallbladder,13208,25400,
2026-09-22,ccn-050765,hernia-repair,7389,14210,
2026-09-22,ccn-050765,hysterectomy,4436,8530,
2026-09-22,ccn-050765,iud-insertion,588,1130,
2026-09-22,ccn-050765,iv-hydration,442,850,
2026-09-22,ccn-050765,iv-infusion,478,920,
2026-09-22,ccn-050765,joint-injection,952,1830,
2026-09-22,ccn-050765,knee-scope,5148,9900,
2026-09-22,ccn-050765,laceration,749,1440,
2026-09-22,ccn-050765,lithotripsy,6510,12520,
2026-09-22,ccn-050765,mammogram-diag,353,679,
2026-09-22,ccn-050765,mammogram-screen,380,731,
2026-09-22,ccn-050765,mri-brain,2600,5000,
2026-09-22,ccn-050765,mri-knee,2392,4600,
2026-09-22,ccn-050765,mri-spine,2496,4800,
2026-09-22,ccn-050765,pap-smear,100,193,
2026-09-22,ccn-050765,physical-therapy,137,264,
2026-09-22,ccn-050765,shoulder-scope,9745,18740,
2026-09-22,ccn-050765,strep-test,111,213,
2026-09-22,ccn-050765,stress-test,270,520,
2026-09-22,ccn-050765,thyroid-us,827,1590,
2026-09-22,ccn-050765,tonsillectomy,1456,2800,
2026-09-22,ccn-050765,us-abdomen,1191,2290,
2026-09-22,ccn-050765,us-pregnancy,728,1400,
2026-09-22,ccn-050765,xray-extremity,432,830,
2026-09-22,ccn-050765,xray-leg,406,780,
2026-09-22,ccn-050772,allergy-test,627,1120,
2026-09-22,ccn-050772,appendectomy,22680,40500,
2026-09-22,ccn-050772,biopsy-needle,4094,7310,
2026-09-22,ccn-050772,blood-cbc,123,220,
2026-09-22,ccn-050772,blood-metabolic,255,456,
2026-09-22,ccn-050772,cardiac-cath,19488,34800,
2026-09-22,ccn-050772,carpal-tunnel,5309,9480,
2026-09-22,ccn-050772,cast-fracture,762,1360,
2026-09-22,ccn-050772,cataract,8624,15400,
2026-09-22,ccn-050772,chemo-infusion,1103,1970,
2026-09-22,ccn-050772,chest-xray,504,900,
2026-09-22,ccn-050772,colonoscopy,3679,6570,
2026-09-22,ccn-050772,ct-abd-pelvis,4754,8490,
2026-09-22,ccn-050772,ct-head,2682,4790,
2026-09-22,ccn-050772,dialysis,2453,4380,
2026-09-22,ccn-050772,echocardiogram,3825,6830,
2026-09-22,ccn-050772,ekg,90,160,
2026-09-22,ccn-050772,endoscopy,3707,6620,
2026-09-22,ccn-050772,epidural-inj,3662,6540,
2026-09-22,ccn-050772,er-level3,1622,2896,
2026-09-22,ccn-050772,er-level4,2713,4844,
2026-09-22,ccn-050772,er-level5,4220,7536,
2026-09-22,ccn-050772,flu-shot,21,37,
2026-09-22,ccn-050772,gallbladder,19219,34320,
2026-09-22,ccn-050772,hearing-test,549,980,
2026-09-22,ccn-050772,hernia-repair,18726,33440,
2026-09-22,ccn-050772,hip-replacement,9162,16360,
2026-09-22,ccn-050772,hysterectomy,23128,41300,
2026-09-22,ccn-050772,iud-insertion,1814,3240,
2026-09-22,ccn-050772,iv-hydration,739,1320,
2026-09-22,ccn-050772,iv-infusion,840,1500,
2026-09-22,ccn-050772,joint-injection,1271,2270,
2026-09-22,ccn-050772,knee-replacement,25760,46000,
2026-09-22,ccn-050772,knee-scope,7325,13080,
2026-09-22,ccn-050772,laceration,801,1430,
2026-09-22,ccn-050772,lithotripsy,14426,25760,
2026-09-22,ccn-050772,mammogram-diag,375,670,
2026-09-22,ccn-050772,mammogram-screen,375,670,
2026-09-22,ccn-050772,mri-brain,3629,6480,
2026-09-22,ccn-050772,mri-knee,3438,6140,
2026-09-22,ccn-050772,mri-spine,3282,5860,
2026-09-22,ccn-050772,pap-smear,92,164,
2026-09-22,ccn-050772,physical-therapy,145,259,
2026-09-22,ccn-050772,shoulder-scope,6300,11250,
2026-09-22,ccn-050772,sleep-study,4889,8730,
2026-09-22,ccn-050772,strep-test,171,306,
2026-09-22,ccn-050772,thyroid-us,907,1620,
2026-09-22,ccn-050772,tonsillectomy,8658,15460,
2026-09-22,ccn-050772,us-abdomen,991,1770,
2026-09-22,ccn-050772,us-pregnancy,946,1690,
2026-09-22,ccn-050772,xray-extremity,633,1130,
2026-09-22,ccn-050772,xray-leg,459,820,
2026-09-22,ccn-050777,allergy-test,627,1120,
2026-09-22,ccn-050777,appendectomy,22680,40500,
2026-09-22,ccn-050777,biopsy-needle,4094,7310,
2026-09-22,ccn-050777,blood-cbc,123,220,
2026-09-22,ccn-050777,blood-metabolic,255,456,
2026-09-22,ccn-050777,cardiac-cath,19488,34800,
2026-09-22,ccn-050777,carpal-tunnel,5309,9480,
2026-09-22,ccn-050777,cast-fracture,762,1360,
2026-09-22,ccn-050777,cataract,8624,15400,
2026-09-22,ccn-050777,chemo-infusion,1103,1970,
2026-09-22,ccn-050777,chest-xray,504,900,
2026-09-22,ccn-050777,colonoscopy,3679,6570,
2026-09-22,ccn-050777,ct-abd-pelvis,4754,8490,
2026-09-22,ccn-050777,ct-head,2682,4790,
2026-09-22,ccn-050777,dialysis,2453,4380,
2026-09-22,ccn-050777,echocardiogram,3825,6830,
2026-09-22,ccn-050777,ekg,90,160,
2026-09-22,ccn-050777,endoscopy,3707,6620,
2026-09-22,ccn-050777,epidural-inj,3662,6540,
2026-09-22,ccn-050777,er-level3,1622,2896,
2026-09-22,ccn-050777,er-level4,2713,4844,
2026-09-22,ccn-050777,er-level5,4220,7536,
2026-09-22,ccn-050777,flu-shot,21,37,
2026-09-22,ccn-050777,gallbladder,19219,34320,
2026-09-22,ccn-050777,hearing-test,549,980,
2026-09-22,ccn-050777,hernia-repair,18726,33440,
2026-09-22,ccn-050777,hip-replacement,9162,16360,
2026-09-22,ccn-050777,hysterectomy,23128,41300,
2026-09-22,ccn-050777,iud-insertion,1814,3240,
2026-09-22,ccn-050777,iv-hydration,739,1320,
2026-09-22,ccn-050777,iv-infusion,840,1500,
2026-09-22,ccn-050777,joint-injection,1271,2270,
2026-09-22,ccn-050777,knee-replacement,25760,46000,
2026-09-22,ccn-050777,knee-scope,7325,13080,
2026-09-22,ccn-050777,laceration,801,1430,
2026-09-22,ccn-050777,lithotripsy,14426,25760,
2026-09-22,ccn-050777,mammogram-diag,375,670,
2026-09-22,ccn-050777,mammogram-screen,375,670,
2026-09-22,ccn-050777,mri-brain,3629,6480,
2026-09-22,ccn-050777,mri-knee,3438,6140,
2026-09-22,ccn-050777,mri-spine,3282,5860,
2026-09-22,ccn-050777,pap-smear,92,164,
2026-09-22,ccn-050777,physical-therapy,145,259,
2026-09-22,ccn-050777,shoulder-scope,6300,11250,
2026-09-22,ccn-050777,sleep-study,4889,8730,
2026-09-22,ccn-050777,strep-test,171,306,
2026-09-22,ccn-050777,thyroid-us,907,1620,
2026-09-22,ccn-050777,tonsillectomy,8658,15460,
2026-09-22,ccn-050777,us-abdomen,991,1770,
2026-09-22,ccn-050777,us-pregnancy,946,1690,
2026-09-22,ccn-050777,xray-extremity,633,1130,
2026-09-22,ccn-050777,xray-leg,459,820,
2026-09-22,ccn-053305,allergy-test,51,128,
2026-09-22,ccn-053305,appendectomy,1283,2566,
2026-09-22,ccn-053305,biopsy-needle,4793,11983,
2026-09-22,ccn-053305,blood-cbc,178,445,
2026-09-22,ccn-053305,blood-metabolic,497,1243,
2026-09-22,ccn-053305,cardiac-cath,26708,66769,
2026-09-22,ccn-053305,carpal-tunnel,3333,8333,
2026-09-22,ccn-053305,cast-fracture,966,2414,
2026-09-22,ccn-053305,chemo-infusion,1673,4183,
2026-09-22,ccn-053305,chest-xray,540,1351,
2026-09-22,ccn-053305,colonoscopy,3432,8581,
2026-09-22,ccn-053305,ct-abd-pelvis,6879,17197,
2026-09-22,ccn-053305,ct-head,3111,7777,
2026-09-22,ccn-053305,dialysis,236,471,
2026-09-22,ccn-053305,echocardiogram,4826,12065,
2026-09-22,ccn-053305,ekg,62,124,
2026-09-22,ccn-053305,endoscopy,3788,9471,
2026-09-22,ccn-053305,epidural-inj,4110,10275,
2026-09-22,ccn-053305,er-level3,1995,4988,
2026-09-22,ccn-053305,er-level4,4744,11859,
2026-09-22,ccn-053305,er-level5,6108,15270,
2026-09-22,ccn-053305,flu-shot,78,195,
2026-09-22,ccn-053305,gallbladder,1890,3781,
2026-09-22,ccn-053305,hearing-test,581,1452,
2026-09-22,ccn-053305,hernia-repair,1142,2285,
2026-09-22,ccn-053305,hip-replacement,3461,6922,
2026-09-22,ccn-053305,hysterectomy,2110,4220,
2026-09-22,ccn-053305,iud-insertion,454,1135,
2026-09-22,ccn-053305,iv-hydration,1152,2879,
2026-09-22,ccn-053305,iv-infusion,1276,3191,
2026-09-22,ccn-053305,joint-injection,1218,3046,
2026-09-22,ccn-053305,knee-replacement,3744,7489,
2026-09-22,ccn-053305,laceration,1324,3311,
2026-09-22,ccn-053305,mammogram-diag,478,1195,
2026-09-22,ccn-053305,mammogram-screen,287,717,
2026-09-22,ccn-053305,mri-brain,4698,11744,
2026-09-22,ccn-053305,mri-knee,4156,10390,
2026-09-22,ccn-053305,mri-spine,4408,11019,
2026-09-22,ccn-053305,physical-therapy,268,671,
2026-09-22,ccn-053305,prostate-biopsy,5496,13741,
2026-09-22,ccn-053305,shoulder-scope,2468,4935,
2026-09-22,ccn-053305,sleep-study,4320,10799,
2026-09-22,ccn-053305,strep-test,214,536,
2026-09-22,ccn-053305,thyroid-us,1119,2798,
2026-09-22,ccn-053305,urgent-care,341,682,
2026-09-22,ccn-053305,us-abdomen,1309,3272,
2026-09-22,ccn-053305,us-pregnancy,879,2197,
2026-09-22,ccn-053305,xray-extremity,731,1828,
2026-09-22,ccn-053305,xray-leg,774,1936,
2026-09-22,ccn-053309,allergy-test,2585,2585,
2026-09-22,ccn-053309,biopsy-needle,3972,3972,
2026-09-22,ccn-053309,blood-cbc,32,32,
2026-09-22,ccn-053309,blood-metabolic,883,883,
2026-09-22,ccn-053309,cardiac-cath,30656,30656,
2026-09-22,ccn-053309,cast-fracture,1222,1222,
2026-09-22,ccn-053309,chemo-infusion,2253,2253,
2026-09-22,ccn-053309,chest-xray,1166,1166,
2026-09-22,ccn-053309,colonoscopy,6134,6134,
2026-09-22,ccn-053309,ct-abd-pelvis,10055,10055,
2026-09-22,ccn-053309,ct-head,5215,5215,
2026-09-22,ccn-053309,dialysis,2638,2638,
2026-09-22,ccn-053309,echocardiogram,6685,6685,
2026-09-22,ccn-053309,endoscopy,4707,4707,
2026-09-22,ccn-053309,epidural-inj,8754,8754,
2026-09-22,ccn-053309,er-level3,2498,2498,
2026-09-22,ccn-053309,er-level4,4035,4035,
2026-09-22,ccn-053309,er-level5,5867,5867,
2026-09-22,ccn-053309,hearing-test,839,839,
2026-09-22,ccn-053309,iud-insertion,4589,4589,
2026-09-22,ccn-053309,iv-hydration,975,975,
2026-09-22,ccn-053309,iv-infusion,1183,1183,
2026-09-22,ccn-053309,joint-injection,6625,6625,
2026-09-22,ccn-053309,laceration,1474,1474,
2026-09-22,ccn-053309,mammogram-diag,895,895,
2026-09-22,ccn-053309,mammogram-screen,1170,1170,
2026-09-22,ccn-053309,mri-brain,7384,7384,
2026-09-22,ccn-053309,mri-knee,12808,12808,
2026-09-22,ccn-053309,mri-spine,7633,7633,
2026-09-22,ccn-053309,physical-therapy,212,212,
2026-09-22,ccn-053309,prostate-biopsy,10234,10234,
2026-09-22,ccn-053309,sleep-study,7807,7807,
2026-09-22,ccn-053309,strep-test,100,100,
2026-09-22,ccn-053309,thyroid-us,1862,1862,
2026-09-22,ccn-053309,urgent-care,347,347,
2026-09-22,ccn-053309,us-abdomen,2503,2503,
2026-09-22,ccn-053309,us-pregnancy,2350,2350,
2026-09-22,ccn-053309,xray-extremity,1782,1782,
2026-09-22,ccn-053309,xray-leg,1885,1885,
2026-09-25,ccn-050327,cardiac-cath,7310,16244,-15.0
2026-09-25,ccn-050770,cardiac-cath,7221,16046,-16.0
2026-09-25,ccn-050778,cardiac-cath,7310,16244,-15.0
