date,hospital_id,procedure,cash,gross,pct_change
2026-09-27,ccn-100001,appendectomy,7901,14366,
2026-09-27,ccn-100001,biopsy-needle,2660,4837,
2026-09-27,ccn-100001,blood-cbc,98,178,
2026-09-27,ccn-100001,blood-metabolic,155,282,
2026-09-27,ccn-100001,cast-fracture,613,1114,
2026-09-27,ccn-100001,chemo-infusion,663,1205,
2026-09-27,ccn-100001,chest-xray,459,835,
2026-09-27,ccn-100001,colonoscopy,3176,5774,
2026-09-27,ccn-100001,ct-abd-pelvis,5307,9650,
2026-09-27,ccn-100001,ct-head,2321,4220,
2026-09-27,ccn-100001,dialysis,956,1738,
2026-09-27,ccn-100001,echocardiogram,2263,4114,
2026-09-27,ccn-100001,endoscopy,2629,4779,
2026-09-27,ccn-100001,epidural-inj,2165,3936,
2026-09-27,ccn-100001,er-level3,1097,1994,
2026-09-27,ccn-100001,er-level4,1843,3351,
2026-09-27,ccn-100001,er-level5,4605,8373,
2026-09-27,ccn-100001,flu-shot,64,117,
2026-09-27,ccn-100001,hernia-repair,5924,10771,
2026-09-27,ccn-100001,iud-insertion,116,212,
2026-09-27,ccn-100001,iv-hydration,419,761,
2026-09-27,ccn-100001,iv-infusion,495,899,
2026-09-27,ccn-100001,joint-injection,1032,1875,
2026-09-27,ccn-100001,laceration,538,979,
2026-09-27,ccn-100001,mammogram-diag,381,692,
2026-09-27,ccn-100001,mammogram-screen,381,692,
2026-09-27,ccn-100001,mri-brain,2459,4471,
2026-09-27,ccn-100001,mri-knee,3565,6482,
2026-09-27,ccn-100001,mri-spine,2692,4895,
2026-09-27,ccn-100001,pap-smear,15,28,
2026-09-27,ccn-100001,physical-therapy,197,358,
2026-09-27,ccn-100001,prostate-biopsy,3615,6574,
2026-09-27,ccn-100001,sleep-study,3999,7272,
2026-09-27,ccn-100001,strep-test,64,116,
2026-09-27,ccn-100001,thyroid-us,563,1023,
2026-09-27,ccn-100001,urgent-care,111,201,
2026-09-27,ccn-100001,us-abdomen,1776,3230,
2026-09-27,ccn-100001,us-pregnancy,487,886,
2026-09-27,ccn-100001,xray-extremity,483,879,
2026-09-27,ccn-100001,xray-leg,473,861,
2026-09-27,ccn-100002,biopsy-needle,3514,5406,
2026-09-27,ccn-100002,blood-cbc,253,389,
2026-09-27,ccn-100002,blood-metabolic,766,1178,
2026-09-27,ccn-100002,cardiac-cath,24403,37543,
2026-09-27,ccn-100002,cast-fracture,625,962,
2026-09-27,ccn-100002,chemo-infusion,848,1305,
2026-09-27,ccn-100002,chest-xray,497,765,
2026-09-27,ccn-100002,ct-abd-pelvis,5964,9176,
2026-09-27,ccn-100002,ct-head,3054,4699,
2026-09-27,ccn-100002,dialysis,2859,4398,
2026-09-27,ccn-100002,echocardiogram,4109,6321,
2026-09-27,ccn-100002,epidural-inj,3464,5329,
2026-09-27,ccn-100002,er-level3,1179,1814,
2026-09-27,ccn-100002,er-level4,1589,2444,
2026-09-27,ccn-100002,er-level5,1893,2912,
2026-09-27,ccn-100002,hearing-test,410,631,
2026-09-27,ccn-100002,iv-hydration,318,490,
2026-09-27,ccn-100002,iv-infusion,461,709,
2026-09-27,ccn-100002,joint-injection,1072,1650,
2026-09-27,ccn-100002,laceration,576,886,
2026-09-27,ccn-100002,mri-brain,3469,5337,
2026-09-27,ccn-100002,mri-knee,3592,5526,
2026-09-27,ccn-100002,mri-spine,3775,5808,
2026-09-27,ccn-100002,pap-smear,49,76,
2026-09-27,ccn-100002,physical-therapy,161,248,
2026-09-27,ccn-100002,prostate-biopsy,1929,2968,
2026-09-27,ccn-100002,sleep-study,4228,6505,
2026-09-27,ccn-100002,thyroid-us,718,1105,
2026-09-27,ccn-100002,urgent-care,547,841,
2026-09-27,ccn-100002,us-abdomen,1479,2276,
2026-09-27,ccn-100002,us-pregnancy,818,1259,
2026-09-27,ccn-100002,xray-extremity,640,985,
2026-09-27,ccn-100002,xray-leg,563,866,
2026-09-27,ccn-100006,biopsy-needle,3558,8895,
2026-09-27,ccn-100006,blood-cbc,6,16,
2026-09-27,ccn-100006,blood-metabolic,9,22,
2026-09-27,ccn-100006,cardiac-cath,7455,18637,
2026-09-27,ccn-100006,carpal-tunnel,2874,7185,
2026-09-27,ccn-100006,cast-fracture,735,1838,
2026-09-27,ccn-100006,chemo-infusion,1004,2510,
2026-09-27,ccn-100006,chest-xray,298,746,
2026-09-27,ccn-100006,colonoscopy,3344,8360,
2026-09-27,ccn-100006,ct-abd-pelvis,2582,6454,
2026-09-27,ccn-100006,ct-head,1095,2738,
2026-09-27,ccn-100006,dialysis,735,1837,
2026-09-27,ccn-100006,echocardiogram,1755,4387,
2026-09-27,ccn-100006,endoscopy,2294,5735,
2026-09-27,ccn-100006,epidural-inj,4186,10466,
2026-09-27,ccn-100006,er-level3,1277,3192,
2026-09-27,ccn-100006,er-level4,2126,5314,
2026-09-27,ccn-100006,er-level5,3124,7811,
2026-09-27,ccn-100006,hearing-test,286,715,
2026-09-27,ccn-100006,iud-insertion,875,2187,
2026-09-27,ccn-100006,iv-hydration,359,898,
2026-09-27,ccn-100006,iv-infusion,520,1300,
2026-09-27,ccn-100006,joint-injection,1185,2963,
2026-09-27,ccn-100006,laceration,503,1257,
2026-09-27,ccn-100006,lithotripsy,5707,14268,
2026-09-27,ccn-100006,mammogram-diag,397,993,
2026-09-27,ccn-100006,mammogram-screen,93,232,
2026-09-27,ccn-100006,mri-brain,1360,3400,
2026-09-27,ccn-100006,mri-knee,1360,3400,
2026-09-27,ccn-100006,mri-spine,1360,3400,
2026-09-27,ccn-100006,physical-therapy,96,239,
2026-09-27,ccn-100006,prostate-biopsy,5788,14471,
2026-09-27,ccn-100006,sleep-study,2488,6219,
2026-09-27,ccn-100006,strep-test,14,34,
2026-09-27,ccn-100006,thyroid-us,755,1887,
2026-09-27,ccn-100006,urgent-care,102,256,
2026-09-27,ccn-100006,us-abdomen,804,2010,
2026-09-27,ccn-100006,us-pregnancy,807,2018,
2026-09-27,ccn-100006,xray-extremity,300,751,
2026-09-27,ccn-100006,xray-leg,322,804,
2026-09-27,ccn-100007,biopsy-needle,11720,11720,
2026-09-27,ccn-100007,blood-cbc,51,51,
2026-09-27,ccn-100007,blood-metabolic,70,70,
2026-09-27,ccn-100007,cardiac-cath,25771,25771,
2026-09-27,ccn-100007,carpal-tunnel,12087,12087,
2026-09-27,ccn-100007,cast-fracture,910,910,
2026-09-27,ccn-100007,cataract,9892,9892,
2026-09-27,ccn-100007,chemo-infusion,1346,1346,
2026-09-27,ccn-100007,chest-xray,777,777,
2026-09-27,ccn-100007,colonoscopy,2996,2996,
2026-09-27,ccn-100007,ct-abd-pelvis,9216,9216,
2026-09-27,ccn-100007,ct-head,3168,3168,
2026-09-27,ccn-100007,dialysis,5894,5894,
2026-09-27,ccn-100007,echocardiogram,5002,5002,
2026-09-27,ccn-100007,endoscopy,3055,3055,
2026-09-27,ccn-100007,epidural-inj,2632,2632,
2026-09-27,ccn-100007,er-level3,1455,1455,
2026-09-27,ccn-100007,er-level4,3392,3392,
2026-09-27,ccn-100007,er-level5,6054,6054,
2026-09-27,ccn-100007,flu-shot,29,29,
2026-09-27,ccn-100007,gallbladder,19100,19100,
2026-09-27,ccn-100007,hearing-test,465,465,
2026-09-27,ccn-100007,hernia-repair,22786,22786,
2026-09-27,ccn-100007,hysterectomy,40638,40638,
2026-09-27,ccn-100007,iud-insertion,6221,6221,
2026-09-27,ccn-100007,iv-hydration,476,476,
2026-09-27,ccn-100007,iv-infusion,773,773,
2026-09-27,ccn-100007,joint-injection,1242,1242,
2026-09-27,ccn-100007,knee-scope,18284,18284,
2026-09-27,ccn-100007,laceration,800,800,
2026-09-27,ccn-100007,lithotripsy,22747,22747,
2026-09-27,ccn-100007,mammogram-diag,1303,1303,
2026-09-27,ccn-100007,mammogram-screen,784,784,
2026-09-27,ccn-100007,mri-brain,4971,4971,
2026-09-27,ccn-100007,mri-knee,5676,5676,
2026-09-27,ccn-100007,mri-spine,6184,6184,
2026-09-27,ccn-100007,pap-smear,537,537,
2026-09-27,ccn-100007,physical-therapy,198,198,
2026-09-27,ccn-100007,prostate-biopsy,10241,10241,
2026-09-27,ccn-100007,shoulder-scope,16817,16817,
2026-09-27,ccn-100007,sleep-study,8626,8626,
2026-09-27,ccn-100007,strep-test,285,285,
2026-09-27,ccn-100007,thyroid-us,1126,1126,
2026-09-27,ccn-100007,tonsillectomy,11581,11581,
2026-09-27,ccn-100007,urgent-care,87,87,
2026-09-27,ccn-100007,us-abdomen,2465,2465,
2026-09-27,ccn-100007,us-pregnancy,1257,1257,
2026-09-27,ccn-100007,xray-extremity,730,730,
2026-09-27,ccn-100007,xray-leg,769,769,
2026-09-27,ccn-100008,biopsy-needle,3514,5406,
2026-09-27,ccn-100008,blood-cbc,18,27,
2026-09-27,ccn-100008,blood-metabolic,766,1178,
2026-09-27,ccn-100008,cardiac-cath,24403,37543,
2026-09-27,ccn-100008,cast-fracture,1251,1925,
2026-09-27,ccn-100008,chemo-infusion,848,1305,
2026-09-27,ccn-100008,chest-xray,497,765,
2026-09-27,ccn-100008,ct-abd-pelvis,6700,10307,
2026-09-27,ccn-100008,ct-head,3257,5011,
2026-09-27,ccn-100008,dialysis,2859,4398,
2026-09-27,ccn-100008,echocardiogram,4109,6321,
2026-09-27,ccn-100008,epidural-inj,3464,5329,
2026-09-27,ccn-100008,er-level3,1179,1814,
2026-09-27,ccn-100008,er-level4,1589,2444,
2026-09-27,ccn-100008,er-level5,1893,2912,
2026-09-27,ccn-100008,iud-insertion,900,1384,
2026-09-27,ccn-100008,iv-hydration,318,490,
2026-09-27,ccn-100008,iv-infusion,461,709,
2026-09-27,ccn-100008,joint-injection,2146,3301,
2026-09-27,ccn-100008,laceration,576,886,
2026-09-27,ccn-100008,mammogram-diag,432,665,
2026-09-27,ccn-100008,mammogram-screen,475,731,
2026-09-27,ccn-100008,mri-brain,3469,5337,
2026-09-27,ccn-100008,mri-knee,3592,5526,
2026-09-27,ccn-100008,mri-spine,3775,5808,
2026-09-27,ccn-100008,pap-smear,41,63,
2026-09-27,ccn-100008,physical-therapy,161,248,
2026-09-27,ccn-100008,prostate-biopsy,1929,2968,
2026-09-27,ccn-100008,thyroid-us,718,1105,
2026-09-27,ccn-100008,urgent-care,37,57,
2026-09-27,ccn-100008,us-abdomen,1358,2090,
2026-09-27,ccn-100008,us-pregnancy,751,1155,
2026-09-27,ccn-100008,xray-extremity,522,803,
2026-09-27,ccn-100008,xray-leg,563,866,
2026-09-27,ccn-100012,allergy-test,476,2381,
2026-09-27,ccn-100012,appendectomy,11046,55231,
2026-09-27,ccn-100012,biopsy-needle,1737,8683,
2026-09-27,ccn-100012,blood-cbc,14,69,
2026-09-27,ccn-100012,blood-metabolic,24,118,
2026-09-27,ccn-100012,cardiac-cath,5571,27856,
2026-09-27,ccn-100012,carpal-tunnel,4075,20374,
2026-09-27,ccn-100012,cataract,4294,21468,
2026-09-27,ccn-100012,cesarean,8074,40371,
2026-09-27,ccn-100012,chemo-infusion,475,2377,
2026-09-27,ccn-100012,chest-xray,186,930,
2026-09-27,ccn-100012,colonoscopy,2245,11225,
2026-09-27,ccn-100012,ct-abd-pelvis,3305,16525,
2026-09-27,ccn-100012,ct-head,1168,5840,
2026-09-27,ccn-100012,dialysis,794,3970,
2026-09-27,ccn-100012,echocardiogram,918,4592,
2026-09-27,ccn-100012,ekg,47,63,
2026-09-27,ccn-100012,endoscopy,2214,11068,
2026-09-27,ccn-100012,epidural-inj,975,4875,
2026-09-27,ccn-100012,er-level3,484,2418,
2026-09-27,ccn-100012,er-level4,913,4567,
2026-09-27,ccn-100012,er-level5,1342,6712,
2026-09-27,ccn-100012,gallbladder,12257,61287,
2026-09-27,ccn-100012,hearing-test,89,445,
2026-09-27,ccn-100012,hernia-repair,8151,40755,
2026-09-27,ccn-100012,hip-replacement,21599,107994,
2026-09-27,ccn-100012,hysterectomy,16312,81558,
2026-09-27,ccn-100012,iud-insertion,1787,8935,
2026-09-27,ccn-100012,iv-hydration,149,747,
2026-09-27,ccn-100012,iv-infusion,260,1300,
2026-09-27,ccn-100012,joint-injection,2528,12639,
2026-09-27,ccn-100012,knee-replacement,21505,107525,
2026-09-27,ccn-100012,knee-scope,6822,34112,
2026-09-27,ccn-100012,laceration,725,3626,
2026-09-27,ccn-100012,lithotripsy,9247,46236,
2026-09-27,ccn-100012,mammogram-diag,100,498,
2026-09-27,ccn-100012,mammogram-screen,95,473,
2026-09-27,ccn-100012,mri-brain,1026,5131,
2026-09-27,ccn-100012,mri-knee,964,4819,
2026-09-27,ccn-100012,mri-spine,1375,6877,
2026-09-27,ccn-100012,physical-therapy,56,280,
2026-09-27,ccn-100012,prostate-biopsy,8354,41769,
2026-09-27,ccn-100012,shoulder-scope,17194,85970,
2026-09-27,ccn-100012,sleep-study,1602,8008,
2026-09-27,ccn-100012,strep-test,16,82,
2026-09-27,ccn-100012,thyroid-us,301,1506,
2026-09-27,ccn-100012,tonsillectomy,4403,22017,
2026-09-27,ccn-100012,urgent-care,99,495,
2026-09-27,ccn-100012,us-abdomen,430,2148,
2026-09-27,ccn-100012,us-pregnancy,248,1242,
2026-09-27,ccn-100012,xray-extremity,276,1379,
2026-09-27,ccn-100012,xray-leg,277,1386,
2026-09-27,ccn-100014,biopsy-needle,5410,5410,
2026-09-27,ccn-100014,blood-cbc,338,338,
2026-09-27,ccn-100014,blood-metabolic,461,461,
2026-09-27,ccn-100014,cardiac-cath,12571,12571,
2026-09-27,ccn-100014,cast-fracture,241,241,
2026-09-27,ccn-100014,chemo-infusion,995,995,
2026-09-27,ccn-100014,chest-xray,595,595,
2026-09-27,ccn-100014,ct-abd-pelvis,5477,5477,
2026-09-27,ccn-100014,ct-head,2113,2113,
2026-09-27,ccn-100014,dialysis,1289,1289,
2026-09-27,ccn-100014,echocardiogram,3524,3524,
2026-09-27,ccn-100014,epidural-inj,2284,2284,
2026-09-27,ccn-100014,er-level3,1428,1428,
2026-09-27,ccn-100014,er-level4,2469,2469,
2026-09-27,ccn-100014,er-level5,4868,4868,
2026-09-27,ccn-100014,iv-hydration,654,654,
2026-09-27,ccn-100014,iv-infusion,793,793,
2026-09-27,ccn-100014,joint-injection,906,906,
2026-09-27,ccn-100014,laceration,576,576,
2026-09-27,ccn-100014,lithotripsy,24987,24987,
2026-09-27,ccn-100014,mammogram-diag,448,448,
2026-09-27,ccn-100014,mammogram-screen,435,435,
2026-09-27,ccn-100014,mri-brain,4291,4291,
2026-09-27,ccn-100014,mri-knee,2620,2620,
2026-09-27,ccn-100014,mri-spine,5702,5702,
2026-09-27,ccn-100014,pap-smear,73,73,
2026-09-27,ccn-100014,physical-therapy,159,159,
2026-09-27,ccn-100014,thyroid-us,951,951,
2026-09-27,ccn-100014,urgent-care,401,401,
2026-09-27,ccn-100014,us-abdomen,1958,1958,
2026-09-27,ccn-100014,xray-extremity,691,691,
2026-09-27,ccn-100014,xray-leg,729,729,
2026-09-27,ccn-100017,blood-cbc,186,232,
2026-09-27,ccn-100017,blood-metabolic,222,277,
2026-09-27,ccn-100017,cardiac-cath,16064,20080,
2026-09-27,ccn-100017,cast-fracture,640,800,
2026-09-27,ccn-100017,chemo-infusion,1204,1505,
2026-09-27,ccn-100017,chest-xray,744,930,
2026-09-27,ccn-100017,ct-abd-pelvis,8168,10210,
2026-09-27,ccn-100017,ct-head,3120,3900,
2026-09-27,ccn-100017,dialysis,287,359,
2026-09-27,ccn-100017,echocardiogram,3176,3970,
2026-09-27,ccn-100017,epidural-inj,1668,2085,
2026-09-27,ccn-100017,er-level3,1360,1700,
2026-09-27,ccn-100017,er-level4,2468,3085,
2026-09-27,ccn-100017,er-level5,4256,5320,
2026-09-27,ccn-100017,flu-shot,35,44,
2026-09-27,ccn-100017,iv-hydration,696,870,
2026-09-27,ccn-100017,iv-infusion,772,965,
2026-09-27,ccn-100017,joint-injection,672,840,
2026-09-27,ccn-100017,laceration,624,780,
2026-09-27,ccn-100017,lithotripsy,22308,27885,
2026-09-27,ccn-100017,mri-brain,4532,5665,
2026-09-27,ccn-100017,mri-knee,4424,5530,
2026-09-27,ccn-100017,mri-spine,4472,5590,
2026-09-27,ccn-100017,physical-therapy,158,197,
2026-09-27,ccn-100017,prostate-biopsy,1488,1860,
2026-09-27,ccn-100017,strep-test,154,193,
2026-09-27,ccn-100017,thyroid-us,1064,1330,
2026-09-27,ccn-100017,urgent-care,177,221,
2026-09-27,ccn-100017,us-abdomen,1888,2360,
2026-09-27,ccn-100017,us-pregnancy,1152,1440,
2026-09-27,ccn-100017,xray-extremity,572,715,
2026-09-27,ccn-100017,xray-leg,628,785,
2026-09-27,ccn-100018,biopsy-needle,1402,3505,
2026-09-27,ccn-100018,blood-cbc,32,80,
2026-09-27,ccn-100018,blood-metabolic,49,123,
2026-09-27,ccn-100018,cardiac-cath,7287,18217,
2026-09-27,ccn-100018,chemo-infusion,813,2032,
2026-09-27,ccn-100018,chest-xray,157,393,
2026-09-27,ccn-100018,ct-abd-pelvis,4613,11533,
2026-09-27,ccn-100018,ct-head,1604,4009,
2026-09-27,ccn-100018,dialysis,380,949,
2026-09-27,ccn-100018,echocardiogram,1191,2977,
2026-09-27,ccn-100018,epidural-inj,1232,3079,
2026-09-27,ccn-100018,er-level3,895,2237,
2026-09-27,ccn-100018,er-level4,1466,3666,
2026-09-27,ccn-100018,er-level5,1702,4254,
2026-09-27,ccn-100018,iv-hydration,391,977,
2026-09-27,ccn-100018,iv-infusion,478,1195,
2026-09-27,ccn-100018,joint-injection,450,1126,
2026-09-27,ccn-100018,laceration,264,661,
2026-09-27,ccn-100018,mri-brain,1466,3665,
2026-09-27,ccn-100018,mri-knee,1633,4082,
2026-09-27,ccn-100018,mri-spine,1723,4308,
2026-09-27,ccn-100018,physical-therapy,88,221,
2026-09-27,ccn-100018,prostate-biopsy,661,1653,
2026-09-27,ccn-100018,strep-test,58,146,
2026-09-27,ccn-100018,thyroid-us,801,2002,
2026-09-27,ccn-100018,urgent-care,271,677,
2026-09-27,ccn-100018,us-abdomen,965,2413,
2026-09-27,ccn-100018,us-pregnancy,626,1564,
2026-09-27,ccn-100018,xray-extremity,520,1300,
2026-09-27,ccn-100018,xray-leg,449,1123,
2026-09-27,ccn-100019,blood-cbc,24,98,
2026-09-27,ccn-100019,blood-metabolic,29,116,
2026-09-27,ccn-100019,cardiac-cath,2888,11550,
2026-09-27,ccn-100019,chemo-infusion,151,604,
2026-09-27,ccn-100019,chest-xray,140,562,
2026-09-27,ccn-100019,ct-abd-pelvis,1410,5640,
2026-09-27,ccn-100019,ct-head,590,2361,
2026-09-27,ccn-100019,dialysis,1174,4698,
2026-09-27,ccn-100019,echocardiogram,682,2727,
2026-09-27,ccn-100019,er-level3,550,2199,
2026-09-27,ccn-100019,er-level4,839,3354,
2026-09-27,ccn-100019,er-level5,1061,4245,
2026-09-27,ccn-100019,iv-hydration,114,455,
2026-09-27,ccn-100019,iv-infusion,113,452,
2026-09-27,ccn-100019,joint-injection,575,2300,
2026-09-27,ccn-100019,laceration,130,520,
2026-09-27,ccn-100019,mri-brain,854,3416,
2026-09-27,ccn-100019,mri-knee,742,2968,
2026-09-27,ccn-100019,mri-spine,742,2967,
2026-09-27,ccn-100019,physical-therapy,56,224,
2026-09-27,ccn-100019,sleep-study,766,3064,
2026-09-27,ccn-100019,strep-test,12,50,
2026-09-27,ccn-100019,thyroid-us,207,827,
2026-09-27,ccn-100019,urgent-care,70,281,
2026-09-27,ccn-100019,us-abdomen,334,1336,
2026-09-27,ccn-100019,us-pregnancy,179,715,
2026-09-27,ccn-100019,xray-extremity,98,390,
2026-09-27,ccn-100019,xray-leg,115,459,
2026-09-27,ccn-100023,blood-metabolic,4487,4487,
2026-09-27,ccn-100023,chemo-infusion,1750,1750,
2026-09-27,ccn-100023,chest-xray,2859,2859,
2026-09-27,ccn-100023,ct-abd-pelvis,26992,26992,
2026-09-27,ccn-100023,ct-head,23134,23134,
2026-09-27,ccn-100023,echocardiogram,7824,7824,
2026-09-27,ccn-100023,er-level3,4780,4780,
2026-09-27,ccn-100023,er-level4,5157,5157,
2026-09-27,ccn-100023,er-level5,6001,6001,
2026-09-27,ccn-100023,flu-shot,124,124,
2026-09-27,ccn-100023,iv-hydration,1991,1991,
2026-09-27,ccn-100023,iv-infusion,1991,1991,
2026-09-27,ccn-100023,mammogram-diag,1328,1328,
2026-09-27,ccn-100023,mammogram-screen,592,592,
2026-09-27,ccn-100023,mri-brain,7141,7141,
2026-09-27,ccn-100023,mri-knee,7141,7141,
2026-09-27,ccn-100023,mri-spine,7141,7141,
2026-09-27,ccn-100023,physical-therapy,426,426,
2026-09-27,ccn-100023,thyroid-us,5136,5136,
2026-09-27,ccn-100023,urgent-care,795,795,
2026-09-27,ccn-100023,us-abdomen,9035,9035,
2026-09-27,ccn-100023,us-pregnancy,4600,4600,
2026-09-27,ccn-100023,xray-extremity,3418,3418,
2026-09-27,ccn-100023,xray-leg,4474,4474,
2026-09-27,ccn-100025,blood-cbc,77,193,
2026-09-27,ccn-100025,blood-metabolic,55,138,
2026-09-27,ccn-100025,chemo-infusion,167,418,
2026-09-27,ccn-100025,chest-xray,260,649,
2026-09-27,ccn-100025,ct-abd-pelvis,1729,4322,
2026-09-27,ccn-100025,ct-head,856,2139,
2026-09-27,ccn-100025,dialysis,528,1320,
2026-09-27,ccn-100025,echocardiogram,1785,4463,
2026-09-27,ccn-100025,er-level3,813,2032,
2026-09-27,ccn-100025,er-level4,1362,3406,
2026-09-27,ccn-100025,er-level5,1773,4432,
2026-09-27,ccn-100025,flu-shot,29,72,
2026-09-27,ccn-100025,iv-hydration,452,1130,
2026-09-27,ccn-100025,mammogram-diag,402,1004,
2026-09-27,ccn-100025,mammogram-screen,494,1236,
2026-09-27,ccn-100025,mri-brain,1080,2700,
2026-09-27,ccn-100025,mri-knee,1405,3513,
2026-09-27,ccn-100025,mri-spine,1499,3748,
2026-09-27,ccn-100025,pap-smear,63,157,
2026-09-27,ccn-100025,physical-therapy,85,213,
2026-09-27,ccn-100025,sleep-study,3304,8261,
2026-09-27,ccn-100025,strep-test,46,116,
2026-09-27,ccn-100025,thyroid-us,916,2291,
2026-09-27,ccn-100025,urgent-care,46,114,
2026-09-27,ccn-100025,us-abdomen,1738,4345,
2026-09-27,ccn-100025,us-pregnancy,339,847,
2026-09-27,ccn-100025,xray-extremity,446,1114,
2026-09-27,ccn-100025,xray-leg,408,1019,
2026-09-27,ccn-100026,blood-cbc,72,179,
2026-09-27,ccn-100026,blood-metabolic,107,266,
2026-09-27,ccn-100026,chest-xray,449,1122,
2026-09-27,ccn-100026,ct-abd-pelvis,3692,9230,
2026-09-27,ccn-100026,ct-head,1550,3876,
2026-09-27,ccn-100026,dialysis,528,1320,
2026-09-27,ccn-100026,echocardiogram,2373,5932,
2026-09-27,ccn-100026,er-level3,493,1233,
2026-09-27,ccn-100026,er-level4,997,2492,
2026-09-27,ccn-100026,er-level5,1240,3099,
2026-09-27,ccn-100026,flu-shot,29,72,
2026-09-27,ccn-100026,iv-hydration,450,1125,
2026-09-27,ccn-100026,mammogram-diag,454,1135,
2026-09-27,ccn-100026,mammogram-screen,360,899,
2026-09-27,ccn-100026,mri-brain,900,2250,
2026-09-27,ccn-100026,mri-knee,972,2430,
2026-09-27,ccn-100026,mri-spine,1087,2718,
2026-09-27,ccn-100026,pap-smear,50,124,
2026-09-27,ccn-100026,physical-therapy,69,173,
2026-09-27,ccn-100026,strep-test,87,218,
2026-09-27,ccn-100026,stress-test,1033,2582,
2026-09-27,ccn-100026,thyroid-us,736,1840,
2026-09-27,ccn-100026,us-abdomen,1672,4179,
2026-09-27,ccn-100026,us-pregnancy,990,2474,
2026-09-27,ccn-100026,xray-extremity,1095,2737,
2026-09-27,ccn-100026,xray-leg,1032,2580,
2026-09-27,ccn-100029,appendectomy,6212,,
2026-09-27,ccn-100029,biopsy-needle,2985,19612,
2026-09-27,ccn-100029,blood-cbc,8,613,
2026-09-27,ccn-100029,blood-metabolic,10,2420,
2026-09-27,ccn-100029,cardiac-cath,3335,49470,
2026-09-27,ccn-100029,carpal-tunnel,2007,,
2026-09-27,ccn-100029,cast-fracture,287,3188,
2026-09-27,ccn-100029,cataract,2371,,
2026-09-27,ccn-100029,cesarean,16128,,
2026-09-27,ccn-100029,chemo-infusion,339,938,
2026-09-27,ccn-100029,chest-xray,89,2705,
2026-09-27,ccn-100029,colonoscopy,956,,
2026-09-27,ccn-100029,ct-abd-pelvis,358,19424,
2026-09-27,ccn-100029,ct-head,107,9883,
2026-09-27,ccn-100029,dialysis,705,3088,
2026-09-27,ccn-100029,echocardiogram,561,7092,
2026-09-27,ccn-100029,endoscopy,932,,
2026-09-27,ccn-100029,epidural-inj,725,2034,
2026-09-27,ccn-100029,er-level3,280,2809,
2026-09-27,ccn-100029,er-level4,429,5546,
2026-09-27,ccn-100029,er-level5,612,7149,
2026-09-27,ccn-100029,flu-shot,12,171,
2026-09-27,ccn-100029,gallbladder,6212,,
2026-09-27,ccn-100029,hernia-repair,3679,,
2026-09-27,ccn-100029,hip-replacement,18343,,
2026-09-27,ccn-100029,hysterectomy,10913,,
2026-09-27,ccn-100029,iv-hydration,219,933,
2026-09-27,ccn-100029,iv-infusion,219,1188,
2026-09-27,ccn-100029,joint-injection,315,1136,
2026-09-27,ccn-100029,knee-replacement,18343,,
2026-09-27,ccn-100029,knee-scope,3362,,
2026-09-27,ccn-100029,laceration,206,1412,
2026-09-27,ccn-100029,lithotripsy,3622,14294,
2026-09-27,ccn-100029,mammogram-diag,89,754,
2026-09-27,ccn-100029,mammogram-screen,94,782,
2026-09-27,ccn-100029,mri-brain,245,8466,
2026-09-27,ccn-100029,mri-knee,541,13250,
2026-09-27,ccn-100029,mri-spine,245,11129,
2026-09-27,ccn-100029,pap-smear,26,30,
2026-09-27,ccn-100029,physical-therapy,30,388,
2026-09-27,ccn-100029,shoulder-scope,7456,,
2026-09-27,ccn-100029,sleep-study,882,16581,
2026-09-27,ccn-100029,spinal-fusion,32049,,
2026-09-27,ccn-100029,strep-test,16,362,
2026-09-27,ccn-100029,thyroid-us,107,3176,
2026-09-27,ccn-100029,tonsillectomy,3407,,
2026-09-27,ccn-100029,us-abdomen,107,6605,
2026-09-27,ccn-100029,us-pregnancy,107,2170,
2026-09-27,ccn-100029,xray-extremity,89,3321,
2026-09-27,ccn-100029,xray-leg,89,2246,
2026-09-27,ccn-100030,biopsy-needle,3558,8895,
2026-09-27,ccn-100030,blood-cbc,6,16,
2026-09-27,ccn-100030,blood-metabolic,9,22,
2026-09-27,ccn-100030,cardiac-cath,7455,18637,
2026-09-27,ccn-100030,carpal-tunnel,2874,7185,
2026-09-27,ccn-100030,cast-fracture,735,1838,
2026-09-27,ccn-100030,chemo-infusion,1004,2510,
2026-09-27,ccn-100030,chest-xray,298,746,
2026-09-27,ccn-100030,colonoscopy,3344,8360,
2026-09-27,ccn-100030,ct-abd-pelvis,2582,6454,
2026-09-27,ccn-100030,ct-head,1095,2738,
2026-09-27,ccn-100030,dialysis,735,1837,
2026-09-27,ccn-100030,echocardiogram,1755,4387,
2026-09-27,ccn-100030,endoscopy,2294,5735,
2026-09-27,ccn-100030,epidural-inj,4186,10466,
2026-09-27,ccn-100030,er-level3,1277,3192,
2026-09-27,ccn-100030,er-level4,2126,5314,
2026-09-27,ccn-100030,er-level5,3124,7811,
2026-09-27,ccn-100030,hearing-test,286,715,
2026-09-27,ccn-100030,iud-insertion,875,2187,
2026-09-27,ccn-100030,iv-hydration,359,898,
2026-09-27,ccn-100030,iv-infusion,520,1300,
2026-09-27,ccn-100030,joint-injection,1185,2963,
2026-09-27,ccn-100030,laceration,503,1257,
2026-09-27,ccn-100030,lithotripsy,5707,14268,
2026-09-27,ccn-100030,mammogram-diag,397,993,
2026-09-27,ccn-100030,mammogram-screen,93,232,
2026-09-27,ccn-100030,mri-brain,1360,3400,
2026-09-27,ccn-100030,mri-knee,1360,3400,
2026-09-27,ccn-100030,mri-spine,1360,3400,
2026-09-27,ccn-100030,physical-therapy,96,239,
2026-09-27,ccn-100030,prostate-biopsy,5788,14471,
2026-09-27,ccn-100030,sleep-study,2488,6219,
2026-09-27,ccn-100030,strep-test,14,34,
2026-09-27,ccn-100030,thyroid-us,755,1887,
2026-09-27,ccn-100030,urgent-care,102,256,
2026-09-27,ccn-100030,us-abdomen,804,2010,
2026-09-27,ccn-100030,us-pregnancy,807,2018,
2026-09-27,ccn-100030,xray-extremity,300,751,
2026-09-27,ccn-100030,xray-leg,322,804,
2026-09-27,ccn-100032,biopsy-needle,3558,8895,
2026-09-27,ccn-100032,blood-cbc,6,16,
2026-09-27,ccn-100032,blood-metabolic,9,22,
2026-09-27,ccn-100032,cardiac-cath,7455,18637,
2026-09-27,ccn-100032,carpal-tunnel,2874,7185,
2026-09-27,ccn-100032,cast-fracture,735,1838,
2026-09-27,ccn-100032,chemo-infusion,1004,2510,
2026-09-27,ccn-100032,chest-xray,298,746,
2026-09-27,ccn-100032,colonoscopy,3344,8360,
2026-09-27,ccn-100032,ct-abd-pelvis,2582,6454,
2026-09-27,ccn-100032,ct-head,1095,2738,
2026-09-27,ccn-100032,dialysis,735,1837,
2026-09-27,ccn-100032,echocardiogram,1755,4387,
2026-09-27,ccn-100032,endoscopy,2294,5735,
2026-09-27,ccn-100032,epidural-inj,4186,10466,
2026-09-27,ccn-100032,er-level3,1277,3192,
2026-09-27,ccn-100032,er-level4,2126,5314,
2026-09-27,ccn-100032,er-level5,3124,7811,
2026-09-27,ccn-100032,hearing-test,286,715,
2026-09-27,ccn-100032,iud-insertion,875,2187,
2026-09-27,ccn-100032,iv-hydration,359,898,
2026-09-27,ccn-100032,iv-infusion,520,1300,
2026-09-27,ccn-100032,joint-injection,1185,2963,
2026-09-27,ccn-100032,laceration,503,1257,
2026-09-27,ccn-100032,lithotripsy,5707,14268,
2026-09-27,ccn-100032,mammogram-diag,397,993,
2026-09-27,ccn-100032,mammogram-screen,93,232,
2026-09-27,ccn-100032,mri-brain,1360,3400,
2026-09-27,ccn-100032,mri-knee,1360,3400,
2026-09-27,ccn-100032,mri-spine,1360,3400,
2026-09-27,ccn-100032,physical-therapy,96,239,
2026-09-27,ccn-100032,prostate-biopsy,5788,14471,
2026-09-27,ccn-100032,sleep-study,2488,6219,
2026-09-27,ccn-100032,strep-test,14,34,
2026-09-27,ccn-100032,thyroid-us,755,1887,
2026-09-27,ccn-100032,urgent-care,102,256,
2026-09-27,ccn-100032,us-abdomen,804,2010,
2026-09-27,ccn-100032,us-pregnancy,807,2018,
2026-09-27,ccn-100032,xray-extremity,300,751,
2026-09-27,ccn-100032,xray-leg,322,804,
2026-09-27,ccn-100038,biopsy-needle,2415,3715,
2026-09-27,ccn-100038,blood-cbc,74,114,
2026-09-27,ccn-100038,blood-metabolic,106,163,
2026-09-27,ccn-100038,chemo-infusion,858,1321,
2026-09-27,ccn-100038,chest-xray,247,380,
2026-09-27,ccn-100038,ct-abd-pelvis,2663,4097,
2026-09-27,ccn-100038,ct-head,885,1361,
2026-09-27,ccn-100038,echocardiogram,2065,3176,
2026-09-27,ccn-100038,er-level3,763,1174,
2026-09-27,ccn-100038,er-level4,1183,1820,
2026-09-27,ccn-100038,er-level5,1670,2569,
2026-09-27,ccn-100038,flu-shot,80,80,
2026-09-27,ccn-100038,iv-hydration,224,344,
2026-09-27,ccn-100038,iv-infusion,399,613,
2026-09-27,ccn-100038,joint-injection,746,1148,
2026-09-27,ccn-100038,mammogram-diag,239,367,
2026-09-27,ccn-100038,mammogram-screen,291,448,
2026-09-27,ccn-100038,mri-brain,1035,1593,
2026-09-27,ccn-100038,mri-knee,1024,1575,
2026-09-27,ccn-100038,mri-spine,1277,1965,
2026-09-27,ccn-100038,pap-smear,110,169,
2026-09-27,ccn-100038,physical-therapy,92,142,
2026-09-27,ccn-100038,sleep-study,3354,5161,
2026-09-27,ccn-100038,strep-test,66,102,
2026-09-27,ccn-100038,thyroid-us,474,729,
2026-09-27,ccn-100038,urgent-care,131,202,
2026-09-27,ccn-100038,us-abdomen,487,750,
2026-09-27,ccn-100038,us-pregnancy,558,858,
2026-09-27,ccn-100038,xray-extremity,241,371,
2026-09-27,ccn-100038,xray-leg,279,430,
2026-09-27,ccn-100039,blood-cbc,280,280,
2026-09-27,ccn-100039,blood-metabolic,1136,1136,
2026-09-27,ccn-100039,cardiac-cath,19886,19886,
2026-09-27,ccn-100039,cast-fracture,394,394,
2026-09-27,ccn-100039,chemo-infusion,996,996,
2026-09-27,ccn-100039,chest-xray,527,527,
2026-09-27,ccn-100039,ct-abd-pelvis,9209,9209,
2026-09-27,ccn-100039,ct-head,3822,3822,
2026-09-27,ccn-100039,echocardiogram,3642,3642,
2026-09-27,ccn-100039,epidural-inj,2353,2353,
2026-09-27,ccn-100039,er-level3,2629,2629,
2026-09-27,ccn-100039,er-level4,2928,2928,
2026-09-27,ccn-100039,er-level5,3279,3279,
2026-09-27,ccn-100039,iv-hydration,705,705,
2026-09-27,ccn-100039,iv-infusion,481,481,
2026-09-27,ccn-100039,mammogram-diag,353,353,
2026-09-27,ccn-100039,mammogram-screen,427,427,
2026-09-27,ccn-100039,mri-brain,5942,5942,
2026-09-27,ccn-100039,mri-knee,6473,6473,
2026-09-27,ccn-100039,mri-spine,4552,4552,
2026-09-27,ccn-100039,physical-therapy,216,216,
2026-09-27,ccn-100039,prostate-biopsy,758,758,
2026-09-27,ccn-100039,sleep-study,8836,8836,
2026-09-27,ccn-100039,thyroid-us,1115,1115,
2026-09-27,ccn-100039,urgent-care,284,284,
2026-09-27,ccn-100039,us-abdomen,3249,3249,
2026-09-27,ccn-100039,us-pregnancy,1256,1256,
2026-09-27,ccn-100039,xray-extremity,774,774,
2026-09-27,ccn-100039,xray-leg,1258,1258,
2026-09-27,ccn-100040,allergy-test,127,344,
2026-09-27,ccn-100040,blood-cbc,51,138,
2026-09-27,ccn-100040,blood-metabolic,122,331,
2026-09-27,ccn-100040,chemo-infusion,978,2643,
2026-09-27,ccn-100040,chest-xray,142,384,
2026-09-27,ccn-100040,ct-abd-pelvis,693,1873,
2026-09-27,ccn-100040,ct-head,677,1828,
2026-09-27,ccn-100040,dialysis,182,491,
2026-09-27,ccn-100040,echocardiogram,2144,5795,
2026-09-27,ccn-100040,er-level3,1319,3565,
2026-09-27,ccn-100040,er-level4,1328,3588,
2026-09-27,ccn-100040,er-level5,1395,3772,
2026-09-27,ccn-100040,flu-shot,48,130,
2026-09-27,ccn-100040,iv-hydration,602,1628,
2026-09-27,ccn-100040,iv-infusion,755,2040,
2026-09-27,ccn-100040,mammogram-diag,302,815,
2026-09-27,ccn-100040,mammogram-screen,287,776,
2026-09-27,ccn-100040,mri-brain,1127,3046,
2026-09-27,ccn-100040,mri-knee,590,1595,
2026-09-27,ccn-100040,mri-spine,1136,3071,
2026-09-27,ccn-100040,physical-therapy,32,87,
2026-09-27,ccn-100040,sleep-study,5161,13948,
2026-09-27,ccn-100040,strep-test,28,76,
2026-09-27,ccn-100040,thyroid-us,656,1773,
2026-09-27,ccn-100040,urgent-care,116,314,
2026-09-27,ccn-100040,us-abdomen,897,2424,
2026-09-27,ccn-100040,us-pregnancy,341,922,
2026-09-27,ccn-100040,xray-extremity,220,595,
2026-09-27,ccn-100040,xray-leg,236,636,
2026-09-27,ccn-100043,biopsy-needle,995,1658,
2026-09-27,ccn-100043,blood-cbc,16,27,
2026-09-27,ccn-100043,blood-metabolic,19,31,
2026-09-27,ccn-100043,cardiac-cath,12321,20535,
2026-09-27,ccn-100043,cast-fracture,250,417,
2026-09-27,ccn-100043,chemo-infusion,844,1407,
2026-09-27,ccn-100043,chest-xray,455,759,
2026-09-27,ccn-100043,ct-abd-pelvis,4532,7553,
2026-09-27,ccn-100043,ct-head,2655,4425,
2026-09-27,ccn-100043,dialysis,806,1343,
2026-09-27,ccn-100043,echocardiogram,1957,3262,
2026-09-27,ccn-100043,endoscopy,2288,3813,
2026-09-27,ccn-100043,epidural-inj,1391,2319,
2026-09-27,ccn-100043,er-level3,1666,2776,
2026-09-27,ccn-100043,er-level4,2737,4561,
2026-09-27,ccn-100043,er-level5,3966,6610,
2026-09-27,ccn-100043,hernia-repair,8497,14161,
2026-09-27,ccn-100043,iv-hydration,512,853,
2026-09-27,ccn-100043,iv-infusion,635,1058,
2026-09-27,ccn-100043,joint-injection,656,1093,
2026-09-27,ccn-100043,laceration,757,1262,
2026-09-27,ccn-100043,mammogram-diag,197,328,
2026-09-27,ccn-100043,mammogram-screen,273,455,
2026-09-27,ccn-100043,mri-brain,2672,4453,
2026-09-27,ccn-100043,mri-knee,2923,4871,
2026-09-27,ccn-100043,mri-spine,2511,4185,
2026-09-27,ccn-100043,physical-therapy,104,174,
2026-09-27,ccn-100043,prostate-biopsy,5368,8947,
2026-09-27,ccn-100043,sleep-study,707,1179,
2026-09-27,ccn-100043,stress-test,2505,4175,
2026-09-27,ccn-100043,thyroid-us,1206,2010,
2026-09-27,ccn-100043,us-abdomen,1218,2030,
2026-09-27,ccn-100043,us-pregnancy,644,1073,
2026-09-27,ccn-100043,xray-extremity,709,1182,
2026-09-27,ccn-100043,xray-leg,695,1159,
2026-09-27,ccn-100044,allergy-test,110,169,
2026-09-27,ccn-100044,appendectomy,21806,33548,
2026-09-27,ccn-100044,biopsy-needle,9084,13975,
2026-09-27,ccn-100044,blood-cbc,114,176,
2026-09-27,ccn-100044,blood-metabolic,334,514,
2026-09-27,ccn-100044,cardiac-cath,15027,23118,
2026-09-27,ccn-100044,carpal-tunnel,10948,16843,
2026-09-27,ccn-100044,cast-fracture,993,1528,
2026-09-27,ccn-100044,cataract,2102,3234,
2026-09-27,ccn-100044,chemo-infusion,1860,2861,
2026-09-27,ccn-100044,chest-xray,494,760,
2026-09-27,ccn-100044,colonoscopy,3408,5243,
2026-09-27,ccn-100044,ct-abd-pelvis,2002,3080,
2026-09-27,ccn-100044,ct-head,597,918,
2026-09-27,ccn-100044,dialysis,3923,6035,
2026-09-27,ccn-100044,echocardiogram,2562,3941,
2026-09-27,ccn-100044,ekg,337,519,
2026-09-27,ccn-100044,endoscopy,3504,5391,
2026-09-27,ccn-100044,epidural-inj,3882,5973,
2026-09-27,ccn-100044,er-level3,1553,2389,
2026-09-27,ccn-100044,er-level4,2387,3673,
2026-09-27,ccn-100044,er-level5,3437,5288,
2026-09-27,ccn-100044,flu-shot,46,70,
2026-09-27,ccn-100044,gallbladder,21806,33548,
2026-09-27,ccn-100044,hearing-test,509,783,
2026-09-27,ccn-100044,hernia-repair,13190,20293,
2026-09-27,ccn-100044,hip-replacement,5606,8624,
2026-09-27,ccn-100044,hysterectomy,4290,6600,
2026-09-27,ccn-100044,iud-insertion,408,628,
2026-09-27,ccn-100044,iv-hydration,1182,1818,
2026-09-27,ccn-100044,iv-infusion,1182,1818,
2026-09-27,ccn-100044,joint-injection,1104,1698,
2026-09-27,ccn-100044,knee-replacement,5096,7840,
2026-09-27,ccn-100044,knee-scope,2010,3093,
2026-09-27,ccn-100044,laceration,484,745,
2026-09-27,ccn-100044,lithotripsy,12890,19831,
2026-09-27,ccn-100044,mammogram-diag,458,704,
2026-09-27,ccn-100044,mammogram-screen,495,761,
2026-09-27,ccn-100044,mri-brain,1355,2085,
2026-09-27,ccn-100044,mri-knee,1355,2085,
2026-09-27,ccn-100044,mri-spine,1355,2085,
2026-09-27,ccn-100044,pap-smear,124,191,
2026-09-27,ccn-100044,physical-therapy,210,323,
2026-09-27,ccn-100044,shoulder-scope,4053,6236,
2026-09-27,ccn-100044,sleep-study,5704,8775,
2026-09-27,ccn-100044,strep-test,114,176,
2026-09-27,ccn-100044,stress-test,214,330,
2026-09-27,ccn-100044,thyroid-us,597,918,
2026-09-27,ccn-100044,tonsillectomy,897,1380,
2026-09-27,ccn-100044,urgent-care,122,188,
2026-09-27,ccn-100044,us-abdomen,597,918,
2026-09-27,ccn-100044,us-pregnancy,597,918,
2026-09-27,ccn-100044,xray-extremity,494,760,
2026-09-27,ccn-100044,xray-leg,494,760,
2026-09-27,ccn-100045,biopsy-needle,3900,3900,
2026-09-27,ccn-100045,blood-cbc,338,338,
2026-09-27,ccn-100045,blood-metabolic,484,484,
2026-09-27,ccn-100045,cardiac-cath,15263,15263,
2026-09-27,ccn-100045,cast-fracture,260,260,
2026-09-27,ccn-100045,chemo-infusion,1133,1133,
2026-09-27,ccn-100045,chest-xray,1258,1258,
2026-09-27,ccn-100045,ct-abd-pelvis,11911,11911,
2026-09-27,ccn-100045,ct-head,4076,4076,
2026-09-27,ccn-100045,dialysis,1483,1483,
2026-09-27,ccn-100045,echocardiogram,3828,3828,
2026-09-27,ccn-100045,epidural-inj,2165,2165,
2026-09-27,ccn-100045,er-level3,1287,1287,
2026-09-27,ccn-100045,er-level4,1963,1963,
2026-09-27,ccn-100045,er-level5,3902,3902,
2026-09-27,ccn-100045,iv-hydration,834,834,
2026-09-27,ccn-100045,iv-infusion,992,992,
2026-09-27,ccn-100045,joint-injection,427,427,
2026-09-27,ccn-100045,laceration,607,607,
2026-09-27,ccn-100045,mammogram-diag,436,436,
2026-09-27,ccn-100045,mammogram-screen,349,349,
2026-09-27,ccn-100045,mri-brain,6014,6014,
2026-09-27,ccn-100045,mri-knee,5303,5303,
2026-09-27,ccn-100045,mri-spine,6313,6313,
2026-09-27,ccn-100045,physical-therapy,155,155,
2026-09-27,ccn-100045,sleep-study,3239,3239,
2026-09-27,ccn-100045,thyroid-us,1319,1319,
2026-09-27,ccn-100045,urgent-care,361,361,
2026-09-27,ccn-100045,us-abdomen,2457,2457,
2026-09-27,ccn-100045,us-pregnancy,1742,1742,
2026-09-27,ccn-100045,xray-extremity,839,839,
2026-09-27,ccn-100045,xray-leg,994,994,
2026-09-27,ccn-100046,biopsy-needle,5341,5341,
2026-09-27,ccn-100046,blood-cbc,443,443,
2026-09-27,ccn-100046,blood-metabolic,808,808,
2026-09-27,ccn-100046,cardiac-cath,23279,23279,
2026-09-27,ccn-100046,carpal-tunnel,20663,20663,
2026-09-27,ccn-100046,cast-fracture,2976,2976,
2026-09-27,ccn-100046,cataract,18704,18704,
2026-09-27,ccn-100046,chest-xray,1158,1158,
2026-09-27,ccn-100046,ct-abd-pelvis,14186,14186,
2026-09-27,ccn-100046,ct-head,7113,7113,
2026-09-27,ccn-100046,dialysis,2063,2063,
2026-09-27,ccn-100046,echocardiogram,3965,3965,
2026-09-27,ccn-100046,endoscopy,8175,8175,
2026-09-27,ccn-100046,epidural-inj,2270,2270,
2026-09-27,ccn-100046,er-level3,1908,1908,
2026-09-27,ccn-100046,er-level4,2960,2960,
2026-09-27,ccn-100046,er-level5,5580,5580,
2026-09-27,ccn-100046,gallbladder,59775,59775,
2026-09-27,ccn-100046,hernia-repair,32065,32065,
2026-09-27,ccn-100046,iv-hydration,782,782,
2026-09-27,ccn-100046,iv-infusion,965,965,
2026-09-27,ccn-100046,joint-injection,1313,1313,
2026-09-27,ccn-100046,knee-scope,31046,31046,
2026-09-27,ccn-100046,laceration,1759,1759,
2026-09-27,ccn-100046,lithotripsy,38036,38036,
2026-09-27,ccn-100046,mammogram-diag,560,560,
2026-09-27,ccn-100046,mammogram-screen,525,525,
2026-09-27,ccn-100046,mri-brain,5841,5841,
2026-09-27,ccn-100046,mri-knee,6388,6388,
2026-09-27,ccn-100046,mri-spine,4694,4694,
2026-09-27,ccn-100046,physical-therapy,220,220,
2026-09-27,ccn-100046,prostate-biopsy,5560,5560,
2026-09-27,ccn-100046,shoulder-scope,54655,54655,
2026-09-27,ccn-100046,sleep-study,11386,11386,
2026-09-27,ccn-100046,thyroid-us,2443,2443,
2026-09-27,ccn-100046,tonsillectomy,33427,33427,
2026-09-27,ccn-100046,urgent-care,549,549,
2026-09-27,ccn-100046,us-abdomen,5248,5248,
2026-09-27,ccn-100046,us-pregnancy,3208,3208,
2026-09-27,ccn-100046,xray-extremity,1597,1597,
2026-09-27,ccn-100046,xray-leg,1479,1479,
2026-09-27,ccn-100049,blood-metabolic,424,424,
2026-09-27,ccn-100049,chest-xray,705,705,
2026-09-27,ccn-100049,ct-abd-pelvis,13836,13836,
2026-09-27,ccn-100049,ct-head,6499,6499,
2026-09-27,ccn-100049,dialysis,3353,3353,
2026-09-27,ccn-100049,echocardiogram,5737,5737,
2026-09-27,ccn-100049,er-level3,3044,3044,
2026-09-27,ccn-100049,er-level4,4058,4058,
2026-09-27,ccn-100049,er-level5,4319,4319,
2026-09-27,ccn-100049,flu-shot,49,49,
2026-09-27,ccn-100049,iv-hydration,1608,1608,
2026-09-27,ccn-100049,iv-infusion,1402,1402,
2026-09-27,ccn-100049,mammogram-diag,1476,1476,
2026-09-27,ccn-100049,mammogram-screen,1496,1496,
2026-09-27,ccn-100049,mri-brain,4887,4887,
2026-09-27,ccn-100049,mri-knee,9125,9125,
2026-09-27,ccn-100049,mri-spine,9454,9454,
2026-09-27,ccn-100049,physical-therapy,269,269,
2026-09-27,ccn-100049,thyroid-us,1787,1787,
2026-09-27,ccn-100049,urgent-care,865,865,
2026-09-27,ccn-100049,us-abdomen,1599,1599,
2026-09-27,ccn-100049,us-pregnancy,3816,3816,
2026-09-27,ccn-100049,xray-extremity,2213,2213,
2026-09-27,ccn-100049,xray-leg,4147,4147,
2026-09-27,ccn-100051,biopsy-needle,3558,8895,
2026-09-27,ccn-100051,blood-cbc,6,16,
2026-09-27,ccn-100051,blood-metabolic,9,22,
2026-09-27,ccn-100051,cardiac-cath,7455,18637,
2026-09-27,ccn-100051,carpal-tunnel,2874,7185,
2026-09-27,ccn-100051,cast-fracture,735,1838,
2026-09-27,ccn-100051,chemo-infusion,1004,2510,
2026-09-27,ccn-100051,chest-xray,298,746,
2026-09-27,ccn-100051,colonoscopy,3344,8360,
2026-09-27,ccn-100051,ct-abd-pelvis,2582,6454,
2026-09-27,ccn-100051,ct-head,1095,2738,
2026-09-27,ccn-100051,dialysis,735,1837,
2026-09-27,ccn-100051,echocardiogram,1755,4387,
2026-09-27,ccn-100051,endoscopy,2294,5735,
2026-09-27,ccn-100051,epidural-inj,4186,10466,
2026-09-27,ccn-100051,er-level3,1277,3192,
2026-09-27,ccn-100051,er-level4,2126,5314,
2026-09-27,ccn-100051,er-level5,3124,7811,
2026-09-27,ccn-100051,hearing-test,286,715,
2026-09-27,ccn-100051,iud-insertion,875,2187,
2026-09-27,ccn-100051,iv-hydration,359,898,
2026-09-27,ccn-100051,iv-infusion,520,1300,
2026-09-27,ccn-100051,joint-injection,1185,2963,
2026-09-27,ccn-100051,laceration,503,1257,
2026-09-27,ccn-100051,lithotripsy,5707,14268,
2026-09-27,ccn-100051,mammogram-diag,397,993,
2026-09-27,ccn-100051,mammogram-screen,93,232,
2026-09-27,ccn-100051,mri-brain,1360,3400,
2026-09-27,ccn-100051,mri-knee,1360,3400,
2026-09-27,ccn-100051,mri-spine,1360,3400,
2026-09-27,ccn-100051,physical-therapy,96,239,
2026-09-27,ccn-100051,prostate-biopsy,5788,14471,
2026-09-27,ccn-100051,sleep-study,2488,6219,
2026-09-27,ccn-100051,strep-test,14,34,
2026-09-27,ccn-100051,thyroid-us,755,1887,
2026-09-27,ccn-100051,urgent-care,102,256,
2026-09-27,ccn-100051,us-abdomen,804,2010,
2026-09-27,ccn-100051,us-pregnancy,807,2018,
2026-09-27,ccn-100051,xray-extremity,300,751,
2026-09-27,ccn-100051,xray-leg,322,804,
2026-09-27,ccn-100052,biopsy-needle,995,1658,
2026-09-27,ccn-100052,blood-cbc,16,27,
2026-09-27,ccn-100052,blood-metabolic,27,45,
2026-09-27,ccn-100052,cardiac-cath,12321,20535,
2026-09-27,ccn-100052,cast-fracture,250,417,
2026-09-27,ccn-100052,chemo-infusion,844,1407,
2026-09-27,ccn-100052,chest-xray,455,759,
2026-09-27,ccn-100052,ct-abd-pelvis,4532,7553,
2026-09-27,ccn-100052,ct-head,2655,4425,
2026-09-27,ccn-100052,dialysis,806,1343,
2026-09-27,ccn-100052,echocardiogram,1957,3262,
2026-09-27,ccn-100052,endoscopy,2288,3813,
2026-09-27,ccn-100052,epidural-inj,1391,2319,
2026-09-27,ccn-100052,er-level3,1666,2776,
2026-09-27,ccn-100052,er-level4,2737,4561,
2026-09-27,ccn-100052,er-level5,3966,6610,
2026-09-27,ccn-100052,hernia-repair,8497,14161,
2026-09-27,ccn-100052,iv-hydration,512,853,
2026-09-27,ccn-100052,iv-infusion,635,1058,
2026-09-27,ccn-100052,joint-injection,656,1093,
2026-09-27,ccn-100052,laceration,757,1262,
2026-09-27,ccn-100052,mammogram-diag,197,328,
2026-09-27,ccn-100052,mammogram-screen,273,455,
2026-09-27,ccn-100052,mri-brain,2672,4453,
2026-09-27,ccn-100052,mri-knee,2923,4871,
2026-09-27,ccn-100052,mri-spine,2511,4185,
2026-09-27,ccn-100052,physical-therapy,104,174,
2026-09-27,ccn-100052,prostate-biopsy,5368,8947,
2026-09-27,ccn-100052,sleep-study,4517,7528,
2026-09-27,ccn-100052,stress-test,2505,4175,
2026-09-27,ccn-100052,thyroid-us,1206,2010,
2026-09-27,ccn-100052,urgent-care,94,157,
2026-09-27,ccn-100052,us-abdomen,1218,2030,
2026-09-27,ccn-100052,us-pregnancy,644,1073,
2026-09-27,ccn-100052,xray-extremity,709,1182,
2026-09-27,ccn-100052,xray-leg,695,1159,
2026-09-27,ccn-100053,appendectomy,6212,,
2026-09-27,ccn-100053,biopsy-needle,2985,10817,
2026-09-27,ccn-100053,blood-cbc,8,1197,
2026-09-27,ccn-100053,blood-metabolic,10,4563,
2026-09-27,ccn-100053,carpal-tunnel,2007,,
2026-09-27,ccn-100053,cast-fracture,287,2438,
2026-09-27,ccn-100053,cataract,2371,,
2026-09-27,ccn-100053,cesarean,16702,,
2026-09-27,ccn-100053,chest-xray,89,1407,
2026-09-27,ccn-100053,colonoscopy,956,,
2026-09-27,ccn-100053,ct-abd-pelvis,358,19424,
2026-09-27,ccn-100053,ct-head,107,9883,
2026-09-27,ccn-100053,dialysis,705,1588,
2026-09-27,ccn-100053,echocardiogram,561,8258,
2026-09-27,ccn-100053,endoscopy,932,,
2026-09-27,ccn-100053,epidural-inj,725,3859,
2026-09-27,ccn-100053,er-level3,280,2787,
2026-09-27,ccn-100053,er-level4,429,4104,
2026-09-27,ccn-100053,er-level5,612,4822,
2026-09-27,ccn-100053,flu-shot,10,171,
2026-09-27,ccn-100053,gallbladder,6212,,
2026-09-27,ccn-100053,hernia-repair,3679,,
2026-09-27,ccn-100053,hip-replacement,18962,,
2026-09-27,ccn-100053,hysterectomy,10913,,
2026-09-27,ccn-100053,iv-hydration,219,351,
2026-09-27,ccn-100053,iv-infusion,219,181,
2026-09-27,ccn-100053,joint-injection,315,2435,
2026-09-27,ccn-100053,knee-replacement,18962,,
2026-09-27,ccn-100053,knee-scope,3362,,
2026-09-27,ccn-100053,laceration,206,814,
2026-09-27,ccn-100053,lithotripsy,3622,16293,
2026-09-27,ccn-100053,mammogram-diag,89,955,
2026-09-27,ccn-100053,mammogram-screen,94,1199,
2026-09-27,ccn-100053,mri-brain,245,5344,
2026-09-27,ccn-100053,mri-knee,541,7091,
2026-09-27,ccn-100053,mri-spine,245,7024,
2026-09-27,ccn-100053,physical-therapy,30,590,
2026-09-27,ccn-100053,shoulder-scope,7456,,
2026-09-27,ccn-100053,sleep-study,882,13085,
2026-09-27,ccn-100053,spinal-fusion,32949,,
2026-09-27,ccn-100053,strep-test,16,379,
2026-09-27,ccn-100053,thyroid-us,107,1240,
2026-09-27,ccn-100053,tonsillectomy,3407,,
2026-09-27,ccn-100053,us-abdomen,107,3560,
2026-09-27,ccn-100053,us-pregnancy,107,1053,
2026-09-27,ccn-100053,xray-extremity,89,2101,
2026-09-27,ccn-100053,xray-leg,89,1807,
2026-09-27,ccn-100054,blood-metabolic,3104,3104,
2026-09-27,ccn-100054,chemo-infusion,1838,1838,
2026-09-27,ccn-100054,chest-xray,3212,3212,
2026-09-27,ccn-100054,ct-abd-pelvis,35875,35875,
2026-09-27,ccn-100054,ct-head,15006,15006,
2026-09-27,ccn-100054,echocardiogram,12943,12943,
2026-09-27,ccn-100054,er-level3,6178,6178,
2026-09-27,ccn-100054,er-level4,8736,8736,
2026-09-27,ccn-100054,er-level5,10837,10837,
2026-09-27,ccn-100054,iv-hydration,779,779,
2026-09-27,ccn-100054,iv-infusion,784,784,
2026-09-27,ccn-100054,mammogram-diag,1224,1224,
2026-09-27,ccn-100054,mammogram-screen,908,908,
2026-09-27,ccn-100054,mri-brain,3354,3354,
2026-09-27,ccn-100054,mri-knee,3354,3354,
2026-09-27,ccn-100054,mri-spine,3354,3354,
2026-09-27,ccn-100054,physical-therapy,1024,1024,
2026-09-27,ccn-100054,thyroid-us,6870,6870,
2026-09-27,ccn-100054,us-abdomen,8669,8669,
2026-09-27,ccn-100054,us-pregnancy,3840,3840,
2026-09-27,ccn-100054,xray-extremity,3624,3624,
2026-09-27,ccn-100054,xray-leg,3722,3722,
2026-09-27,ccn-100055,biopsy-needle,5146,5146,
2026-09-27,ccn-100055,blood-cbc,186,186,
2026-09-27,ccn-100055,blood-metabolic,390,390,
2026-09-27,ccn-100055,cardiac-cath,16823,16823,
2026-09-27,ccn-100055,cast-fracture,3414,3414,
2026-09-27,ccn-100055,chest-xray,1134,1134,
2026-09-27,ccn-100055,ct-abd-pelvis,15167,15167,
2026-09-27,ccn-100055,ct-head,7679,7679,
2026-09-27,ccn-100055,dialysis,2237,2237,
2026-09-27,ccn-100055,echocardiogram,2555,2555,
2026-09-27,ccn-100055,er-level3,2631,2631,
2026-09-27,ccn-100055,er-level4,4248,4248,
2026-09-27,ccn-100055,er-level5,6209,6209,
2026-09-27,ccn-100055,iv-hydration,973,973,
2026-09-27,ccn-100055,iv-infusion,973,973,
2026-09-27,ccn-100055,joint-injection,1269,1269,
2026-09-27,ccn-100055,laceration,1223,1223,
2026-09-27,ccn-100055,lithotripsy,42631,42631,
2026-09-27,ccn-100055,mammogram-diag,585,585,
2026-09-27,ccn-100055,mammogram-screen,299,299,
2026-09-27,ccn-100055,mri-brain,5884,5884,
2026-09-27,ccn-100055,mri-knee,7146,7146,
2026-09-27,ccn-100055,mri-spine,7572,7572,
2026-09-27,ccn-100055,physical-therapy,210,210,
2026-09-27,ccn-100055,sleep-study,13060,13060,
2026-09-27,ccn-100055,strep-test,177,177,
2026-09-27,ccn-100055,thyroid-us,2076,2076,
2026-09-27,ccn-100055,urgent-care,621,621,
2026-09-27,ccn-100055,us-abdomen,2984,2984,
2026-09-27,ccn-100055,us-pregnancy,2381,2381,
2026-09-27,ccn-100055,xray-extremity,1651,1651,
2026-09-27,ccn-100055,xray-leg,1801,1801,
2026-09-27,ccn-100057,biopsy-needle,7311,7311,
2026-09-27,ccn-100057,blood-cbc,355,355,
2026-09-27,ccn-100057,blood-metabolic,484,484,
2026-09-27,ccn-100057,cardiac-cath,15707,15707,
2026-09-27,ccn-100057,cast-fracture,297,297,
2026-09-27,ccn-100057,chemo-infusion,1179,1179,
2026-09-27,ccn-100057,chest-xray,1418,1418,
2026-09-27,ccn-100057,ct-abd-pelvis,12620,12620,
2026-09-27,ccn-100057,ct-head,6061,6061,
2026-09-27,ccn-100057,dialysis,2044,2044,
2026-09-27,ccn-100057,echocardiogram,3036,3036,
2026-09-27,ccn-100057,epidural-inj,2197,2197,
2026-09-27,ccn-100057,er-level3,1906,1906,
2026-09-27,ccn-100057,er-level4,3994,3994,
2026-09-27,ccn-100057,er-level5,5597,5597,
2026-09-27,ccn-100057,iv-hydration,1399,1399,
2026-09-27,ccn-100057,iv-infusion,1284,1284,
2026-09-27,ccn-100057,joint-injection,1058,1058,
2026-09-27,ccn-100057,laceration,637,637,
2026-09-27,ccn-100057,lithotripsy,53276,53276,
2026-09-27,ccn-100057,mammogram-diag,1094,1094,
2026-09-27,ccn-100057,mammogram-screen,1169,1169,
2026-09-27,ccn-100057,mri-brain,6942,6942,
2026-09-27,ccn-100057,mri-knee,5714,5714,
2026-09-27,ccn-100057,mri-spine,6361,6361,
2026-09-27,ccn-100057,physical-therapy,277,277,
2026-09-27,ccn-100057,sleep-study,6418,6418,
2026-09-27,ccn-100057,strep-test,268,268,
2026-09-27,ccn-100057,thyroid-us,1812,1812,
2026-09-27,ccn-100057,urgent-care,621,621,
2026-09-27,ccn-100057,us-abdomen,2542,2542,
2026-09-27,ccn-100057,us-pregnancy,1657,1657,
2026-09-27,ccn-100057,xray-extremity,1146,1146,
2026-09-27,ccn-100057,xray-leg,1212,1212,
2026-09-27,ccn-100062,blood-cbc,325,325,
2026-09-27,ccn-100062,blood-metabolic,1230,1230,
2026-09-27,ccn-100062,cardiac-cath,24826,24826,
2026-09-27,ccn-100062,carpal-tunnel,15028,15028,
2026-09-27,ccn-100062,cast-fracture,2165,2165,
2026-09-27,ccn-100062,cataract,15643,15643,
2026-09-27,ccn-100062,chest-xray,531,531,
2026-09-27,ccn-100062,ct-abd-pelvis,4703,4703,
2026-09-27,ccn-100062,ct-head,2507,2507,
2026-09-27,ccn-100062,dialysis,2675,2675,
2026-09-27,ccn-100062,echocardiogram,4312,4312,
2026-09-27,ccn-100062,endoscopy,5945,5945,
2026-09-27,ccn-100062,epidural-inj,5978,5978,
2026-09-27,ccn-100062,er-level3,1505,1505,
2026-09-27,ccn-100062,er-level4,2586,2586,
2026-09-27,ccn-100062,er-level5,3034,3034,
2026-09-27,ccn-100062,gallbladder,39986,39986,
2026-09-27,ccn-100062,hernia-repair,23320,23320,
2026-09-27,ccn-100062,iv-hydration,1006,1006,
2026-09-27,ccn-100062,iv-infusion,1191,1191,
2026-09-27,ccn-100062,joint-injection,1202,1202,
2026-09-27,ccn-100062,knee-scope,22579,22579,
2026-09-27,ccn-100062,laceration,782,782,
2026-09-27,ccn-100062,lithotripsy,55090,55090,
2026-09-27,ccn-100062,mammogram-diag,699,699,
2026-09-27,ccn-100062,mammogram-screen,535,535,
2026-09-27,ccn-100062,mri-brain,2779,2779,
2026-09-27,ccn-100062,mri-knee,2050,2050,
2026-09-27,ccn-100062,mri-spine,2483,2483,
2026-09-27,ccn-100062,physical-therapy,164,164,
2026-09-27,ccn-100062,prostate-biopsy,5072,5072,
2026-09-27,ccn-100062,shoulder-scope,39749,39749,
2026-09-27,ccn-100062,sleep-study,8281,8281,
2026-09-27,ccn-100062,strep-test,60,60,
2026-09-27,ccn-100062,thyroid-us,1060,1060,
2026-09-27,ccn-100062,tonsillectomy,22361,22361,
2026-09-27,ccn-100062,urgent-care,622,622,
2026-09-27,ccn-100062,us-abdomen,1199,1199,
2026-09-27,ccn-100062,us-pregnancy,1027,1027,
2026-09-27,ccn-100062,xray-extremity,633,633,
2026-09-27,ccn-100062,xray-leg,816,816,
2026-09-27,ccn-100063,biopsy-needle,995,1658,
2026-09-27,ccn-100063,blood-cbc,16,27,
2026-09-27,ccn-100063,blood-metabolic,27,45,
2026-09-27,ccn-100063,cardiac-cath,12321,20535,
2026-09-27,ccn-100063,cast-fracture,250,417,
2026-09-27,ccn-100063,chemo-infusion,844,1407,
2026-09-27,ccn-100063,chest-xray,455,759,
2026-09-27,ccn-100063,ct-abd-pelvis,4532,7553,
2026-09-27,ccn-100063,ct-head,2655,4425,
2026-09-27,ccn-100063,dialysis,806,1343,
2026-09-27,ccn-100063,echocardiogram,1957,3262,
2026-09-27,ccn-100063,endoscopy,2288,3813,
2026-09-27,ccn-100063,epidural-inj,1391,2319,
2026-09-27,ccn-100063,er-level3,1666,2776,
2026-09-27,ccn-100063,er-level4,2737,4561,
2026-09-27,ccn-100063,er-level5,3966,6610,
2026-09-27,ccn-100063,hernia-repair,8497,14161,
2026-09-27,ccn-100063,iv-hydration,512,853,
2026-09-27,ccn-100063,iv-infusion,635,1058,
2026-09-27,ccn-100063,joint-injection,656,1093,
2026-09-27,ccn-100063,laceration,757,1262,
2026-09-27,ccn-100063,mammogram-diag,197,328,
2026-09-27,ccn-100063,mammogram-screen,273,455,
2026-09-27,ccn-100063,mri-brain,2672,4453,
2026-09-27,ccn-100063,mri-knee,2923,4871,
2026-09-27,ccn-100063,mri-spine,2511,4185,
2026-09-27,ccn-100063,physical-therapy,45,75,
2026-09-27,ccn-100063,prostate-biopsy,5368,8947,
2026-09-27,ccn-100063,sleep-study,4517,7528,
2026-09-27,ccn-100063,stress-test,2505,4175,
2026-09-27,ccn-100063,thyroid-us,1206,2010,
2026-09-27,ccn-100063,us-abdomen,1218,2030,
2026-09-27,ccn-100063,us-pregnancy,644,1073,
2026-09-27,ccn-100063,xray-extremity,709,1182,
2026-09-27,ccn-100063,xray-leg,695,1159,
2026-09-27,ccn-100067,biopsy-needle,995,1658,
2026-09-27,ccn-100067,blood-cbc,16,27,
2026-09-27,ccn-100067,blood-metabolic,27,45,
2026-09-27,ccn-100067,cardiac-cath,12321,20535,
2026-09-27,ccn-100067,cast-fracture,250,417,
2026-09-27,ccn-100067,chemo-infusion,844,1407,
2026-09-27,ccn-100067,chest-xray,455,759,
2026-09-27,ccn-100067,ct-abd-pelvis,4532,7553,
2026-09-27,ccn-100067,ct-head,2655,4425,
2026-09-27,ccn-100067,dialysis,806,1343,
2026-09-27,ccn-100067,echocardiogram,1957,3262,
2026-09-27,ccn-100067,endoscopy,2288,3813,
2026-09-27,ccn-100067,epidural-inj,1391,2319,
2026-09-27,ccn-100067,er-level3,1666,2776,
2026-09-27,ccn-100067,er-level4,2737,4561,
2026-09-27,ccn-100067,er-level5,3966,6610,
2026-09-27,ccn-100067,hernia-repair,8497,14161,
2026-09-27,ccn-100067,iv-hydration,512,853,
2026-09-27,ccn-100067,iv-infusion,635,1058,
2026-09-27,ccn-100067,joint-injection,656,1093,
2026-09-27,ccn-100067,laceration,757,1262,
2026-09-27,ccn-100067,mammogram-diag,197,328,
2026-09-27,ccn-100067,mammogram-screen,273,455,
2026-09-27,ccn-100067,mri-brain,2672,4453,
2026-09-27,ccn-100067,mri-knee,2923,4871,
2026-09-27,ccn-100067,mri-spine,2511,4185,
2026-09-27,ccn-100067,physical-therapy,45,75,
2026-09-27,ccn-100067,prostate-biopsy,5368,8947,
2026-09-27,ccn-100067,sleep-study,4517,7528,
2026-09-27,ccn-100067,stress-test,2505,4175,
2026-09-27,ccn-100067,thyroid-us,1206,2010,
2026-09-27,ccn-100067,us-abdomen,1218,2030,
2026-09-27,ccn-100067,us-pregnancy,644,1073,
2026-09-27,ccn-100067,xray-extremity,709,1182,
2026-09-27,ccn-100067,xray-leg,695,1159,
2026-09-27,ccn-100068,biopsy-needle,3206,3206,
2026-09-27,ccn-100068,blood-cbc,355,355,
2026-09-27,ccn-100068,blood-metabolic,537,537,
2026-09-27,ccn-100068,cardiac-cath,18508,18508,
2026-09-27,ccn-100068,cast-fracture,295,295,
2026-09-27,ccn-100068,chemo-infusion,669,669,
2026-09-27,ccn-100068,chest-xray,1474,1474,
2026-09-27,ccn-100068,ct-abd-pelvis,8872,8872,
2026-09-27,ccn-100068,ct-head,3757,3757,
2026-09-27,ccn-100068,dialysis,1745,1745,
2026-09-27,ccn-100068,echocardiogram,1962,1962,
2026-09-27,ccn-100068,epidural-inj,2898,2898,
2026-09-27,ccn-100068,er-level3,1471,1471,
2026-09-27,ccn-100068,er-level4,2233,2233,
2026-09-27,ccn-100068,er-level5,3419,3419,
2026-09-27,ccn-100068,iv-hydration,966,966,
2026-09-27,ccn-100068,iv-infusion,966,966,
2026-09-27,ccn-100068,joint-injection,812,812,
2026-09-27,ccn-100068,laceration,637,637,
2026-09-27,ccn-100068,lithotripsy,36428,36428,
2026-09-27,ccn-100068,mammogram-diag,433,433,
2026-09-27,ccn-100068,mammogram-screen,496,496,
2026-09-27,ccn-100068,mri-brain,5131,5131,
2026-09-27,ccn-100068,mri-knee,7925,7925,
2026-09-27,ccn-100068,mri-spine,6159,6159,
2026-09-27,ccn-100068,physical-therapy,141,141,
2026-09-27,ccn-100068,strep-test,268,268,
2026-09-27,ccn-100068,thyroid-us,804,804,
2026-09-27,ccn-100068,urgent-care,382,382,
2026-09-27,ccn-100068,us-abdomen,2742,2742,
2026-09-27,ccn-100068,us-pregnancy,1538,1538,
2026-09-27,ccn-100068,xray-extremity,765,765,
2026-09-27,ccn-100068,xray-leg,874,874,
2026-09-27,ccn-100069,biopsy-needle,5341,5341,
2026-09-27,ccn-100069,blood-cbc,443,443,
2026-09-27,ccn-100069,blood-metabolic,808,808,
2026-09-27,ccn-100069,cardiac-cath,23279,23279,
2026-09-27,ccn-100069,carpal-tunnel,20663,20663,
2026-09-27,ccn-100069,cast-fracture,2976,2976,
2026-09-27,ccn-100069,cataract,18704,18704,
2026-09-27,ccn-100069,chemo-infusion,1436,1436,
2026-09-27,ccn-100069,chest-xray,1158,1158,
2026-09-27,ccn-100069,ct-abd-pelvis,5542,5542,
2026-09-27,ccn-100069,ct-head,7113,7113,
2026-09-27,ccn-100069,dialysis,2063,2063,
2026-09-27,ccn-100069,echocardiogram,3965,3965,
2026-09-27,ccn-100069,endoscopy,8175,8175,
2026-09-27,ccn-100069,epidural-inj,2270,2270,
2026-09-27,ccn-100069,er-level3,1908,1908,
2026-09-27,ccn-100069,er-level4,2960,2960,
2026-09-27,ccn-100069,er-level5,5580,5580,
2026-09-27,ccn-100069,gallbladder,59775,59775,
2026-09-27,ccn-100069,hearing-test,1708,1708,
2026-09-27,ccn-100069,hernia-repair,32065,32065,
2026-09-27,ccn-100069,hysterectomy,101345,101345,
2026-09-27,ccn-100069,iud-insertion,2442,2442,
2026-09-27,ccn-100069,iv-hydration,782,782,
2026-09-27,ccn-100069,iv-infusion,965,965,
2026-09-27,ccn-100069,joint-injection,1313,1313,
2026-09-27,ccn-100069,knee-scope,31046,31046,
2026-09-27,ccn-100069,laceration,1759,1759,
2026-09-27,ccn-100069,lithotripsy,38036,38036,
2026-09-27,ccn-100069,mammogram-diag,560,560,
2026-09-27,ccn-100069,mammogram-screen,525,525,
2026-09-27,ccn-100069,mri-brain,5841,5841,
2026-09-27,ccn-100069,mri-knee,3343,3343,
2026-09-27,ccn-100069,mri-spine,3343,3343,
2026-09-27,ccn-100069,pap-smear,411,411,
2026-09-27,ccn-100069,physical-therapy,220,220,
2026-09-27,ccn-100069,prostate-biopsy,5560,5560,
2026-09-27,ccn-100069,shoulder-scope,54655,54655,
2026-09-27,ccn-100069,sleep-study,11386,11386,
2026-09-27,ccn-100069,strep-test,274,274,
2026-09-27,ccn-100069,thyroid-us,2443,2443,
2026-09-27,ccn-100069,tonsillectomy,33427,33427,
2026-09-27,ccn-100069,urgent-care,549,549,
2026-09-27,ccn-100069,us-abdomen,5248,5248,
2026-09-27,ccn-100069,us-pregnancy,3208,3208,
2026-09-27,ccn-100069,xray-extremity,1597,1597,
2026-09-27,ccn-100069,xray-leg,1479,1479,
2026-09-27,ccn-100072,biopsy-needle,3900,3900,
2026-09-27,ccn-100072,blood-cbc,355,355,
2026-09-27,ccn-100072,blood-metabolic,484,484,
2026-09-27,ccn-100072,cardiac-cath,17852,17852,
2026-09-27,ccn-100072,cast-fracture,273,273,
2026-09-27,ccn-100072,chest-xray,999,999,
2026-09-27,ccn-100072,ct-abd-pelvis,10249,10249,
2026-09-27,ccn-100072,ct-head,3879,3879,
2026-09-27,ccn-100072,dialysis,1779,1779,
2026-09-27,ccn-100072,echocardiogram,2981,2981,
2026-09-27,ccn-100072,epidural-inj,2643,2643,
2026-09-27,ccn-100072,er-level3,1642,1642,
2026-09-27,ccn-100072,er-level4,2165,2165,
2026-09-27,ccn-100072,er-level5,2993,2993,
2026-09-27,ccn-100072,iv-hydration,1129,1129,
2026-09-27,ccn-100072,iv-infusion,1343,1343,
2026-09-27,ccn-100072,joint-injection,1011,1011,
2026-09-27,ccn-100072,laceration,637,637,
2026-09-27,ccn-100072,lithotripsy,30252,30252,
2026-09-27,ccn-100072,mammogram-diag,581,581,
2026-09-27,ccn-100072,mammogram-screen,461,461,
2026-09-27,ccn-100072,mri-brain,6198,6198,
2026-09-27,ccn-100072,mri-knee,7001,7001,
2026-09-27,ccn-100072,mri-spine,6069,6069,
2026-09-27,ccn-100072,physical-therapy,193,193,
2026-09-27,ccn-100072,strep-test,268,268,
2026-09-27,ccn-100072,thyroid-us,1653,1653,
2026-09-27,ccn-100072,urgent-care,301,301,
2026-09-27,ccn-100072,us-abdomen,2233,2233,
2026-09-27,ccn-100072,us-pregnancy,1845,1845,
2026-09-27,ccn-100072,xray-extremity,1132,1132,
2026-09-27,ccn-100072,xray-leg,737,737,
2026-09-27,ccn-100073,appendectomy,42094,212,
2026-09-27,ccn-100073,biopsy-needle,2544,3914,
2026-09-27,ccn-100073,blood-cbc,343,528,
2026-09-27,ccn-100073,blood-metabolic,504,775,
2026-09-27,ccn-100073,cardiac-cath,17776,27348,
2026-09-27,ccn-100073,carpal-tunnel,21813,995,
2026-09-27,ccn-100073,cast-fracture,491,755,
2026-09-27,ccn-100073,chemo-infusion,865,1331,
2026-09-27,ccn-100073,chest-xray,359,553,
2026-09-27,ccn-100073,colonoscopy,4324,698,
2026-09-27,ccn-100073,ct-abd-pelvis,6994,10760,
2026-09-27,ccn-100073,ct-head,2800,4307,
2026-09-27,ccn-100073,dialysis,2031,3125,
2026-09-27,ccn-100073,echocardiogram,3634,5591,
2026-09-27,ccn-100073,ekg,113,174,
2026-09-27,ccn-100073,endoscopy,6807,43,
2026-09-27,ccn-100073,epidural-inj,369,369,
2026-09-27,ccn-100073,er-level3,1055,1623,
2026-09-27,ccn-100073,er-level4,1366,2102,
2026-09-27,ccn-100073,er-level5,269,414,
2026-09-27,ccn-100073,flu-shot,27,42,
2026-09-27,ccn-100073,gallbladder,45193,1451,
2026-09-27,ccn-100073,hearing-test,284,437,
2026-09-27,ccn-100073,hernia-repair,31981,,
2026-09-27,ccn-100073,hip-replacement,28543,43913,
2026-09-27,ccn-100073,hysterectomy,57796,1977,
2026-09-27,ccn-100073,iud-insertion,4307,6626,
2026-09-27,ccn-100073,iv-hydration,439,676,
2026-09-27,ccn-100073,iv-infusion,430,661,
2026-09-27,ccn-100073,joint-injection,668,1028,
2026-09-27,ccn-100073,knee-replacement,54145,451,
2026-09-27,ccn-100073,knee-scope,23438,2440,
2026-09-27,ccn-100073,laceration,142,218,
2026-09-27,ccn-100073,lithotripsy,6007,9241,
2026-09-27,ccn-100073,mammogram-diag,406,624,
2026-09-27,ccn-100073,mammogram-screen,536,824,
2026-09-27,ccn-100073,mri-brain,3082,4741,
2026-09-27,ccn-100073,mri-knee,2774,4268,
2026-09-27,ccn-100073,mri-spine,3335,5131,
2026-09-27,ccn-100073,pap-smear,16,25,
2026-09-27,ccn-100073,physical-therapy,75,116,
2026-09-27,ccn-100073,prostate-biopsy,12836,2261,
2026-09-27,ccn-100073,shoulder-scope,44385,180,
2026-09-27,ccn-100073,sleep-study,5175,7962,
2026-09-27,ccn-100073,strep-test,40,62,
2026-09-27,ccn-100073,stress-test,251,251,
2026-09-27,ccn-100073,thyroid-us,852,1310,
2026-09-27,ccn-100073,tonsillectomy,20515,,
2026-09-27,ccn-100073,urgent-care,17764,241,
2026-09-27,ccn-100073,us-abdomen,444,683,
2026-09-27,ccn-100073,us-pregnancy,799,1229,
2026-09-27,ccn-100073,xray-extremity,527,811,
2026-09-27,ccn-100073,xray-leg,585,900,
2026-09-27,ccn-100075,biopsy-needle,995,1658,
2026-09-27,ccn-100075,blood-cbc,16,27,
2026-09-27,ccn-100075,blood-metabolic,27,45,
2026-09-27,ccn-100075,cardiac-cath,12321,20535,
2026-09-27,ccn-100075,cast-fracture,250,417,
2026-09-27,ccn-100075,chemo-infusion,844,1407,
2026-09-27,ccn-100075,chest-xray,455,759,
2026-09-27,ccn-100075,ct-abd-pelvis,4532,7553,
2026-09-27,ccn-100075,ct-head,2655,4425,
2026-09-27,ccn-100075,dialysis,806,1343,
2026-09-27,ccn-100075,echocardiogram,1957,3262,
2026-09-27,ccn-100075,endoscopy,2288,3813,
2026-09-27,ccn-100075,epidural-inj,1391,2319,
2026-09-27,ccn-100075,er-level3,1666,2776,
2026-09-27,ccn-100075,er-level4,2737,4561,
2026-09-27,ccn-100075,er-level5,3966,6610,
2026-09-27,ccn-100075,hearing-test,251,418,
2026-09-27,ccn-100075,hernia-repair,8497,14161,
2026-09-27,ccn-100075,iv-hydration,512,853,
2026-09-27,ccn-100075,iv-infusion,635,1058,
2026-09-27,ccn-100075,joint-injection,656,1093,
2026-09-27,ccn-100075,laceration,757,1262,
2026-09-27,ccn-100075,mammogram-diag,197,328,
2026-09-27,ccn-100075,mammogram-screen,273,455,
2026-09-27,ccn-100075,mri-brain,2672,4453,
2026-09-27,ccn-100075,mri-knee,2923,4871,
2026-09-27,ccn-100075,mri-spine,2511,4185,
2026-09-27,ccn-100075,physical-therapy,104,174,
2026-09-27,ccn-100075,prostate-biopsy,5368,8947,
2026-09-27,ccn-100075,sleep-study,4517,7528,
2026-09-27,ccn-100075,stress-test,2505,4175,
2026-09-27,ccn-100075,thyroid-us,1206,2010,
2026-09-27,ccn-100075,us-abdomen,1218,2030,
2026-09-27,ccn-100075,us-pregnancy,644,1073,
2026-09-27,ccn-100075,xray-extremity,709,1182,
2026-09-27,ccn-100075,xray-leg,695,1159,
2026-09-27,ccn-100077,biopsy-needle,11704,11704,
2026-09-27,ccn-100077,blood-cbc,58,58,
2026-09-27,ccn-100077,blood-metabolic,78,78,
2026-09-27,ccn-100077,cardiac-cath,22115,22115,
2026-09-27,ccn-100077,cast-fracture,1231,1231,
2026-09-27,ccn-100077,chemo-infusion,1537,1537,
2026-09-27,ccn-100077,chest-xray,1018,1018,
2026-09-27,ccn-100077,ct-abd-pelvis,15681,15681,
2026-09-27,ccn-100077,ct-head,8449,8449,
2026-09-27,ccn-100077,dialysis,5530,5530,
2026-09-27,ccn-100077,echocardiogram,6805,6805,
2026-09-27,ccn-100077,epidural-inj,5631,5631,
2026-09-27,ccn-100077,er-level3,3858,3858,
2026-09-27,ccn-100077,er-level4,5469,5469,
2026-09-27,ccn-100077,er-level5,7103,7103,
2026-09-27,ccn-100077,flu-shot,295,295,
2026-09-27,ccn-100077,iv-hydration,1092,1092,
2026-09-27,ccn-100077,iv-infusion,1390,1390,
2026-09-27,ccn-100077,joint-injection,1231,1231,
2026-09-27,ccn-100077,laceration,1231,1231,
2026-09-27,ccn-100077,lithotripsy,39444,39444,
2026-09-27,ccn-100077,mammogram-diag,1109,1109,
2026-09-27,ccn-100077,mammogram-screen,934,934,
2026-09-27,ccn-100077,mri-brain,7834,7834,
2026-09-27,ccn-100077,mri-knee,9055,9055,
2026-09-27,ccn-100077,mri-spine,9459,9459,
2026-09-27,ccn-100077,pap-smear,178,178,
2026-09-27,ccn-100077,physical-therapy,329,329,
2026-09-27,ccn-100077,sleep-study,10267,10267,
2026-09-27,ccn-100077,strep-test,110,110,
2026-09-27,ccn-100077,thyroid-us,1784,1784,
2026-09-27,ccn-100077,urgent-care,862,862,
2026-09-27,ccn-100077,us-abdomen,2309,2309,
2026-09-27,ccn-100077,us-pregnancy,3816,3816,
2026-09-27,ccn-100077,xray-extremity,1629,1629,
2026-09-27,ccn-100077,xray-leg,1402,1402,
2026-09-27,ccn-100080,blood-metabolic,4206,4206,
2026-09-27,ccn-100080,chest-xray,3616,3616,
2026-09-27,ccn-100080,ct-abd-pelvis,37221,37221,
2026-09-27,ccn-100080,ct-head,15478,15478,
2026-09-27,ccn-100080,echocardiogram,5845,5845,
2026-09-27,ccn-100080,er-level3,3621,3621,
2026-09-27,ccn-100080,er-level4,4856,4856,
2026-09-27,ccn-100080,er-level5,7046,7046,
2026-09-27,ccn-100080,flu-shot,140,140,
2026-09-27,ccn-100080,iv-hydration,796,796,
2026-09-27,ccn-100080,iv-infusion,796,796,
2026-09-27,ccn-100080,mammogram-diag,822,822,
2026-09-27,ccn-100080,mammogram-screen,659,659,
2026-09-27,ccn-100080,mri-brain,6935,6935,
2026-09-27,ccn-100080,mri-knee,6447,6447,
2026-09-27,ccn-100080,mri-spine,7205,7205,
2026-09-27,ccn-100080,physical-therapy,1370,1370,
2026-09-27,ccn-100080,sleep-study,14674,14674,
2026-09-27,ccn-100080,thyroid-us,5238,5238,
2026-09-27,ccn-100080,urgent-care,381,381,
2026-09-27,ccn-100080,us-abdomen,7310,7310,
2026-09-27,ccn-100080,us-pregnancy,1229,1229,
2026-09-27,ccn-100080,xray-extremity,4450,4450,
2026-09-27,ccn-100080,xray-leg,264,264,
2026-09-27,ccn-100084,allergy-test,2120,3854,
2026-09-27,ccn-100084,biopsy-needle,3106,5648,
2026-09-27,ccn-100084,blood-cbc,37,68,
2026-09-27,ccn-100084,blood-metabolic,50,91,
2026-09-27,ccn-100084,cardiac-cath,7094,12899,
2026-09-27,ccn-100084,cast-fracture,622,1130,
2026-09-27,ccn-100084,chemo-infusion,745,1354,
2026-09-27,ccn-100084,chest-xray,198,360,
2026-09-27,ccn-100084,colonoscopy,2483,4515,
2026-09-27,ccn-100084,ct-abd-pelvis,1306,2375,
2026-09-27,ccn-100084,ct-head,1435,2609,
2026-09-27,ccn-100084,dialysis,1431,2601,
2026-09-27,ccn-100084,echocardiogram,1528,2779,
2026-09-27,ccn-100084,endoscopy,2281,4147,
2026-09-27,ccn-100084,epidural-inj,1103,2006,
2026-09-27,ccn-100084,er-level3,1668,3033,
2026-09-27,ccn-100084,er-level4,2110,3837,
2026-09-27,ccn-100084,er-level5,2498,4542,
2026-09-27,ccn-100084,hearing-test,324,589,
2026-09-27,ccn-100084,iud-insertion,893,1624,
2026-09-27,ccn-100084,iv-hydration,371,674,
2026-09-27,ccn-100084,iv-infusion,434,789,
2026-09-27,ccn-100084,joint-injection,664,1208,
2026-09-27,ccn-100084,laceration,464,843,
2026-09-27,ccn-100084,mammogram-diag,240,436,
2026-09-27,ccn-100084,mammogram-screen,475,863,
2026-09-27,ccn-100084,mri-brain,1414,2571,
2026-09-27,ccn-100084,mri-knee,1581,2874,
2026-09-27,ccn-100084,mri-spine,1607,2921,
2026-09-27,ccn-100084,pap-smear,55,100,
2026-09-27,ccn-100084,physical-therapy,95,173,
2026-09-27,ccn-100084,prostate-biopsy,4337,7886,
2026-09-27,ccn-100084,sleep-study,3144,5717,
2026-09-27,ccn-100084,strep-test,58,106,
2026-09-27,ccn-100084,thyroid-us,566,1030,
2026-09-27,ccn-100084,urgent-care,307,559,
2026-09-27,ccn-100084,us-abdomen,566,1030,
2026-09-27,ccn-100084,us-pregnancy,467,849,
2026-09-27,ccn-100084,xray-extremity,204,371,
2026-09-27,ccn-100084,xray-leg,262,477,
2026-09-27,ccn-100086,blood-cbc,283,283,
2026-09-27,ccn-100086,blood-metabolic,619,619,
2026-09-27,ccn-100086,cardiac-cath,19819,19819,
2026-09-27,ccn-100086,cast-fracture,394,394,
2026-09-27,ccn-100086,chemo-infusion,923,923,
2026-09-27,ccn-100086,chest-xray,453,453,
2026-09-27,ccn-100086,ct-abd-pelvis,9118,9118,
2026-09-27,ccn-100086,ct-head,3442,3442,
2026-09-27,ccn-100086,echocardiogram,2508,2508,
2026-09-27,ccn-100086,epidural-inj,2353,2353,
2026-09-27,ccn-100086,er-level3,2782,2782,
2026-09-27,ccn-100086,er-level4,3067,3067,
2026-09-27,ccn-100086,er-level5,3404,3404,
2026-09-27,ccn-100086,iv-hydration,712,712,
2026-09-27,ccn-100086,iv-infusion,517,517,
2026-09-27,ccn-100086,mammogram-diag,335,335,
2026-09-27,ccn-100086,mammogram-screen,427,427,
2026-09-27,ccn-100086,mri-brain,3745,3745,
2026-09-27,ccn-100086,mri-knee,5003,5003,
2026-09-27,ccn-100086,mri-spine,3651,3651,
2026-09-27,ccn-100086,physical-therapy,188,188,
2026-09-27,ccn-100086,prostate-biopsy,817,817,
2026-09-27,ccn-100086,sleep-study,8246,8246,
2026-09-27,ccn-100086,thyroid-us,928,928,
2026-09-27,ccn-100086,urgent-care,161,161,
2026-09-27,ccn-100086,us-abdomen,3128,3128,
2026-09-27,ccn-100086,us-pregnancy,1187,1187,
2026-09-27,ccn-100086,xray-extremity,631,631,
2026-09-27,ccn-100086,xray-leg,1239,1239,
2026-09-27,ccn-100088,biopsy-needle,4315,6959,
2026-09-27,ccn-100088,blood-cbc,75,121,
2026-09-27,ccn-100088,cast-fracture,397,640,
2026-09-27,ccn-100088,chest-xray,512,825,
2026-09-27,ccn-100088,ct-abd-pelvis,2682,4325,
2026-09-27,ccn-100088,ct-head,968,1562,
2026-09-27,ccn-100088,dialysis,623,1005,
2026-09-27,ccn-100088,echocardiogram,3348,5400,
2026-09-27,ccn-100088,epidural-inj,2640,4258,
2026-09-27,ccn-100088,er-level3,1631,2630,
2026-09-27,ccn-100088,er-level4,2858,4610,
2026-09-27,ccn-100088,er-level5,2920,4710,
2026-09-27,ccn-100088,joint-injection,608,980,
2026-09-27,ccn-100088,laceration,1205,1943,
2026-09-27,ccn-100088,lithotripsy,18348,29593,
2026-09-27,ccn-100088,mammogram-diag,516,832,
2026-09-27,ccn-100088,mammogram-screen,543,876,
2026-09-27,ccn-100088,mri-brain,2153,3473,
2026-09-27,ccn-100088,mri-knee,1849,2983,
2026-09-27,ccn-100088,mri-spine,1853,2989,
2026-09-27,ccn-100088,physical-therapy,181,292,
2026-09-27,ccn-100088,sleep-study,5732,9245,
2026-09-27,ccn-100088,thyroid-us,1176,1897,
2026-09-27,ccn-100088,us-abdomen,1541,2485,
2026-09-27,ccn-100088,us-pregnancy,700,1129,
2026-09-27,ccn-100088,xray-extremity,796,1284,
2026-09-27,ccn-100088,xray-leg,684,1104,
2026-09-27,ccn-100093,biopsy-needle,1650,11000,
2026-09-27,ccn-100093,blood-cbc,21,137,
2026-09-27,ccn-100093,blood-metabolic,36,240,
2026-09-27,ccn-100093,cardiac-cath,4500,30000,
2026-09-27,ccn-100093,carpal-tunnel,301,2007,
2026-09-27,ccn-100093,cast-fracture,39,260,
2026-09-27,ccn-100093,chemo-infusion,95,633,
2026-09-27,ccn-100093,chest-xray,178,1185,
2026-09-27,ccn-100093,ct-abd-pelvis,2100,14000,
2026-09-27,ccn-100093,ct-head,696,4640,
2026-09-27,ccn-100093,dialysis,105,700,
2026-09-27,ccn-100093,echocardiogram,1200,8000,
2026-09-27,ccn-100093,er-level3,555,3700,
2026-09-27,ccn-100093,er-level4,825,5500,
2026-09-27,ccn-100093,er-level5,945,6300,
2026-09-27,ccn-100093,hearing-test,23,155,
2026-09-27,ccn-100093,iv-hydration,107,715,
2026-09-27,ccn-100093,iv-infusion,94,626,
2026-09-27,ccn-100093,joint-injection,152,1016,
2026-09-27,ccn-100093,laceration,314,2096,
2026-09-27,ccn-100093,mammogram-diag,104,690,
2026-09-27,ccn-100093,mammogram-screen,108,719,
2026-09-27,ccn-100093,mri-brain,716,4774,
2026-09-27,ccn-100093,mri-knee,1193,7956,
2026-09-27,ccn-100093,mri-spine,918,6120,
2026-09-27,ccn-100093,physical-therapy,27,180,
2026-09-27,ccn-100093,prostate-biopsy,1411,9404,
2026-09-27,ccn-100093,strep-test,31,204,
2026-09-27,ccn-100093,thyroid-us,200,1336,
2026-09-27,ccn-100093,urgent-care,42,278,
2026-09-27,ccn-100093,us-abdomen,638,4256,
2026-09-27,ccn-100093,us-pregnancy,127,847,
2026-09-27,ccn-100093,xray-extremity,350,2334,
2026-09-27,ccn-100093,xray-leg,201,1343,
2026-09-27,ccn-100099,biopsy-needle,4562,4562,
2026-09-27,ccn-100099,blood-cbc,214,214,
2026-09-27,ccn-100099,blood-metabolic,1223,1223,
2026-09-27,ccn-100099,cardiac-cath,15835,15835,
2026-09-27,ccn-100099,cast-fracture,777,777,
2026-09-27,ccn-100099,chest-xray,1793,1793,
2026-09-27,ccn-100099,ct-abd-pelvis,20319,20319,
2026-09-27,ccn-100099,ct-head,7029,7029,
2026-09-27,ccn-100099,dialysis,2445,2445,
2026-09-27,ccn-100099,echocardiogram,8877,8877,
2026-09-27,ccn-100099,er-level3,1340,1340,
2026-09-27,ccn-100099,er-level4,1991,1991,
2026-09-27,ccn-100099,er-level5,4722,4722,
2026-09-27,ccn-100099,iv-hydration,1988,1988,
2026-09-27,ccn-100099,iv-infusion,1564,1564,
2026-09-27,ccn-100099,joint-injection,1502,1502,
2026-09-27,ccn-100099,laceration,637,637,
2026-09-27,ccn-100099,lithotripsy,37662,37662,
2026-09-27,ccn-100099,mammogram-diag,1499,1499,
2026-09-27,ccn-100099,mammogram-screen,1449,1449,
2026-09-27,ccn-100099,mri-brain,13405,13405,
2026-09-27,ccn-100099,mri-knee,816,816,
2026-09-27,ccn-100099,mri-spine,14824,14824,
2026-09-27,ccn-100099,pap-smear,84,84,
2026-09-27,ccn-100099,physical-therapy,231,231,
2026-09-27,ccn-100099,strep-test,288,288,
2026-09-27,ccn-100099,thyroid-us,2537,2537,
2026-09-27,ccn-100099,urgent-care,616,616,
2026-09-27,ccn-100099,us-abdomen,3512,3512,
2026-09-27,ccn-100099,xray-extremity,1234,1234,
2026-09-27,ccn-100099,xray-leg,1325,1325,
2026-09-27,ccn-100105,allergy-test,110,169,
2026-09-27,ccn-100105,appendectomy,21806,33548,
2026-09-27,ccn-100105,biopsy-needle,9084,13975,
2026-09-27,ccn-100105,blood-cbc,100,154,
2026-09-27,ccn-100105,blood-metabolic,199,306,
2026-09-27,ccn-100105,cardiac-cath,15027,23118,
2026-09-27,ccn-100105,carpal-tunnel,1292,1988,
2026-09-27,ccn-100105,cast-fracture,993,1528,
2026-09-27,ccn-100105,chemo-infusion,1860,2861,
2026-09-27,ccn-100105,chest-xray,494,760,
2026-09-27,ccn-100105,colonoscopy,3408,5243,
2026-09-27,ccn-100105,ct-abd-pelvis,2002,3080,
2026-09-27,ccn-100105,ct-head,597,918,
2026-09-27,ccn-100105,dialysis,3923,6035,
2026-09-27,ccn-100105,echocardiogram,2562,3941,
2026-09-27,ccn-100105,endoscopy,3504,5391,
2026-09-27,ccn-100105,epidural-inj,3882,5973,
2026-09-27,ccn-100105,er-level3,1553,2389,
2026-09-27,ccn-100105,er-level4,2387,3673,
2026-09-27,ccn-100105,er-level5,3437,5288,
2026-09-27,ccn-100105,flu-shot,46,70,
2026-09-27,ccn-100105,gallbladder,21806,33548,
2026-09-27,ccn-100105,hearing-test,172,264,
2026-09-27,ccn-100105,hernia-repair,13190,20293,
2026-09-27,ccn-100105,hip-replacement,5606,8624,
2026-09-27,ccn-100105,hysterectomy,4290,6600,
2026-09-27,ccn-100105,iud-insertion,408,628,
2026-09-27,ccn-100105,iv-hydration,1182,1818,
2026-09-27,ccn-100105,iv-infusion,1182,1818,
2026-09-27,ccn-100105,joint-injection,1104,1698,
2026-09-27,ccn-100105,knee-replacement,5096,7840,
2026-09-27,ccn-100105,knee-scope,2010,3093,
2026-09-27,ccn-100105,laceration,484,745,
2026-09-27,ccn-100105,lithotripsy,12890,19831,
2026-09-27,ccn-100105,mammogram-diag,458,704,
2026-09-27,ccn-100105,mammogram-screen,495,761,
2026-09-27,ccn-100105,mri-brain,1355,2085,
2026-09-27,ccn-100105,mri-knee,1355,2085,
2026-09-27,ccn-100105,mri-spine,1355,2085,
2026-09-27,ccn-100105,pap-smear,124,191,
2026-09-27,ccn-100105,physical-therapy,210,323,
2026-09-27,ccn-100105,shoulder-scope,4053,6236,
2026-09-27,ccn-100105,sleep-study,5704,8775,
2026-09-27,ccn-100105,strep-test,114,176,
2026-09-27,ccn-100105,stress-test,214,330,
2026-09-27,ccn-100105,thyroid-us,597,918,
2026-09-27,ccn-100105,tonsillectomy,897,1380,
2026-09-27,ccn-100105,urgent-care,122,188,
2026-09-27,ccn-100105,us-abdomen,597,918,
2026-09-27,ccn-100105,us-pregnancy,597,918,
2026-09-27,ccn-100105,xray-extremity,494,760,
2026-09-27,ccn-100105,xray-leg,494,760,
2026-09-27,ccn-100107,blood-metabolic,2273,2273,
2026-09-27,ccn-100107,chest-xray,2164,2164,
2026-09-27,ccn-100107,ct-abd-pelvis,21849,21849,
2026-09-27,ccn-100107,ct-head,13438,13438,
2026-09-27,ccn-100107,echocardiogram,17480,17480,
2026-09-27,ccn-100107,er-level3,5926,5926,
2026-09-27,ccn-100107,er-level4,7413,7413,
2026-09-27,ccn-100107,er-level5,12994,12994,
2026-09-27,ccn-100107,iv-hydration,453,453,
2026-09-27,ccn-100107,iv-infusion,1555,1555,
2026-09-27,ccn-100107,laceration,3280,3280,
2026-09-27,ccn-100107,mri-brain,7666,7666,
2026-09-27,ccn-100107,mri-knee,11510,11510,
2026-09-27,ccn-100107,mri-spine,11566,11566,
2026-09-27,ccn-100107,pap-smear,2273,2273,
2026-09-27,ccn-100107,physical-therapy,822,822,
2026-09-27,ccn-100107,strep-test,995,995,
2026-09-27,ccn-100107,thyroid-us,3650,3650,
2026-09-27,ccn-100107,us-abdomen,5764,5764,
2026-09-27,ccn-100107,us-pregnancy,5463,5463,
2026-09-27,ccn-100107,xray-extremity,2856,2856,
2026-09-27,ccn-100107,xray-leg,2773,2773,
2026-09-27,ccn-100109,biopsy-needle,5490,5490,
2026-09-27,ccn-100109,blood-cbc,305,305,
2026-09-27,ccn-100109,blood-metabolic,645,645,
2026-09-27,ccn-100109,cardiac-cath,21310,21310,
2026-09-27,ccn-100109,carpal-tunnel,25913,25913,
2026-09-27,ccn-100109,cast-fracture,3733,3733,
2026-09-27,ccn-100109,cataract,20404,20404,
2026-09-27,ccn-100109,chest-xray,1109,1109,
2026-09-27,ccn-100109,ct-abd-pelvis,13471,13471,
2026-09-27,ccn-100109,ct-head,5622,5622,
2026-09-27,ccn-100109,dialysis,1918,1918,
2026-09-27,ccn-100109,echocardiogram,3583,3583,
2026-09-27,ccn-100109,endoscopy,8918,8918,
2026-09-27,ccn-100109,epidural-inj,6786,6786,
2026-09-27,ccn-100109,er-level3,1647,1647,
2026-09-27,ccn-100109,er-level4,2695,2695,
2026-09-27,ccn-100109,er-level5,4430,4430,
2026-09-27,ccn-100109,gallbladder,68977,68977,
2026-09-27,ccn-100109,hernia-repair,40212,40212,
2026-09-27,ccn-100109,iv-hydration,864,864,
2026-09-27,ccn-100109,iv-infusion,1065,1065,
2026-09-27,ccn-100109,joint-injection,1124,1124,
2026-09-27,ccn-100109,knee-scope,33868,33868,
2026-09-27,ccn-100109,laceration,1216,1216,
2026-09-27,ccn-100109,lithotripsy,50740,50740,
2026-09-27,ccn-100109,mammogram-diag,530,530,
2026-09-27,ccn-100109,mammogram-screen,498,498,
2026-09-27,ccn-100109,mri-brain,5743,5743,
2026-09-27,ccn-100109,mri-knee,6974,6974,
2026-09-27,ccn-100109,mri-spine,7642,7642,
2026-09-27,ccn-100109,physical-therapy,162,162,
2026-09-27,ccn-100109,prostate-biopsy,23584,23584,
2026-09-27,ccn-100109,shoulder-scope,59624,59624,
2026-09-27,ccn-100109,sleep-study,14284,14284,
2026-09-27,ccn-100109,strep-test,208,208,
2026-09-27,ccn-100109,thyroid-us,2119,2119,
2026-09-27,ccn-100109,tonsillectomy,38573,38573,
2026-09-27,ccn-100109,urgent-care,978,978,
2026-09-27,ccn-100109,us-abdomen,2803,2803,
2026-09-27,ccn-100109,us-pregnancy,1963,1963,
2026-09-27,ccn-100109,xray-extremity,1493,1493,
2026-09-27,ccn-100109,xray-leg,1626,1626,
2026-09-27,ccn-100110,blood-metabolic,2958,2958,
2026-09-27,ccn-100110,chemo-infusion,1614,1614,
2026-09-27,ccn-100110,chest-xray,3412,3412,
2026-09-27,ccn-100110,ct-abd-pelvis,25236,25236,
2026-09-27,ccn-100110,ct-head,23675,23675,
2026-09-27,ccn-100110,echocardiogram,15392,15392,
2026-09-27,ccn-100110,er-level3,5386,5386,
2026-09-27,ccn-100110,er-level4,8261,8261,
2026-09-27,ccn-100110,er-level5,15422,15422,
2026-09-27,ccn-100110,flu-shot,115,115,
2026-09-27,ccn-100110,iv-hydration,360,360,
2026-09-27,ccn-100110,iv-infusion,1818,1818,
2026-09-27,ccn-100110,mammogram-diag,1606,1606,
2026-09-27,ccn-100110,mammogram-screen,1505,1505,
2026-09-27,ccn-100110,mri-brain,16213,16213,
2026-09-27,ccn-100110,mri-knee,13496,13496,
2026-09-27,ccn-100110,mri-spine,15616,15616,
2026-09-27,ccn-100110,physical-therapy,1039,1039,
2026-09-27,ccn-100110,thyroid-us,5695,5695,
2026-09-27,ccn-100110,urgent-care,267,267,
2026-09-27,ccn-100110,us-abdomen,5046,5046,
2026-09-27,ccn-100110,us-pregnancy,6600,6600,
2026-09-27,ccn-100110,xray-extremity,3649,3649,
2026-09-27,ccn-100110,xray-leg,2807,2807,
2026-09-27,ccn-100113,allergy-test,2120,3854,
2026-09-27,ccn-100113,biopsy-needle,3106,5648,
2026-09-27,ccn-100113,blood-cbc,37,68,
2026-09-27,ccn-100113,blood-metabolic,50,91,
2026-09-27,ccn-100113,cardiac-cath,7094,12899,
2026-09-27,ccn-100113,cast-fracture,622,1130,
2026-09-27,ccn-100113,chemo-infusion,745,1354,
2026-09-27,ccn-100113,chest-xray,198,360,
2026-09-27,ccn-100113,colonoscopy,2483,4515,
2026-09-27,ccn-100113,ct-abd-pelvis,1306,2375,
2026-09-27,ccn-100113,ct-head,1435,2609,
2026-09-27,ccn-100113,dialysis,1431,2601,
2026-09-27,ccn-100113,echocardiogram,1528,2779,
2026-09-27,ccn-100113,endoscopy,2281,4147,
2026-09-27,ccn-100113,epidural-inj,1103,2006,
2026-09-27,ccn-100113,er-level3,1668,3033,
2026-09-27,ccn-100113,er-level4,2110,3837,
2026-09-27,ccn-100113,er-level5,2498,4542,
2026-09-27,ccn-100113,hearing-test,324,589,
2026-09-27,ccn-100113,iud-insertion,893,1624,
2026-09-27,ccn-100113,iv-hydration,371,674,
2026-09-27,ccn-100113,iv-infusion,434,789,
2026-09-27,ccn-100113,joint-injection,664,1208,
2026-09-27,ccn-100113,laceration,464,843,
2026-09-27,ccn-100113,mammogram-diag,240,436,
2026-09-27,ccn-100113,mammogram-screen,475,863,
2026-09-27,ccn-100113,mri-brain,1414,2571,
2026-09-27,ccn-100113,mri-knee,1581,2874,
2026-09-27,ccn-100113,mri-spine,1607,2921,
2026-09-27,ccn-100113,pap-smear,55,100,
2026-09-27,ccn-100113,physical-therapy,95,173,
2026-09-27,ccn-100113,prostate-biopsy,4337,7886,
2026-09-27,ccn-100113,sleep-study,3144,5717,
2026-09-27,ccn-100113,strep-test,58,106,
2026-09-27,ccn-100113,thyroid-us,566,1030,
2026-09-27,ccn-100113,urgent-care,307,559,
2026-09-27,ccn-100113,us-abdomen,566,1030,
2026-09-27,ccn-100113,us-pregnancy,467,849,
2026-09-27,ccn-100113,xray-extremity,204,371,
2026-09-27,ccn-100113,xray-leg,262,477,
2026-09-27,ccn-100117,biopsy-needle,4315,6959,
2026-09-27,ccn-100117,blood-cbc,75,121,
2026-09-27,ccn-100117,cast-fracture,397,640,
2026-09-27,ccn-100117,chest-xray,512,825,
2026-09-27,ccn-100117,ct-abd-pelvis,2682,4325,
2026-09-27,ccn-100117,ct-head,968,1562,
2026-09-27,ccn-100117,dialysis,623,1005,
2026-09-27,ccn-100117,echocardiogram,3348,5400,
2026-09-27,ccn-100117,epidural-inj,2640,4258,
2026-09-27,ccn-100117,er-level3,1631,2630,
2026-09-27,ccn-100117,er-level4,2858,4610,
2026-09-27,ccn-100117,er-level5,2920,4710,
2026-09-27,ccn-100117,joint-injection,608,980,
2026-09-27,ccn-100117,laceration,1205,1943,
2026-09-27,ccn-100117,lithotripsy,18348,29593,
2026-09-27,ccn-100117,mammogram-diag,516,832,
2026-09-27,ccn-100117,mammogram-screen,543,876,
2026-09-27,ccn-100117,mri-brain,2153,3473,
2026-09-27,ccn-100117,mri-knee,1849,2983,
2026-09-27,ccn-100117,mri-spine,1853,2989,
2026-09-27,ccn-100117,physical-therapy,181,292,
2026-09-27,ccn-100117,sleep-study,5732,9245,
2026-09-27,ccn-100117,thyroid-us,1176,1897,
2026-09-27,ccn-100117,us-abdomen,1541,2485,
2026-09-27,ccn-100117,us-pregnancy,700,1129,
2026-09-27,ccn-100117,xray-extremity,796,1284,
2026-09-27,ccn-100117,xray-leg,684,1104,
2026-09-27,ccn-100118,biopsy-needle,3900,3900,
2026-09-27,ccn-100118,blood-cbc,355,355,
2026-09-27,ccn-100118,blood-metabolic,584,584,
2026-09-27,ccn-100118,cardiac-cath,16269,16269,
2026-09-27,ccn-100118,chemo-infusion,740,740,
2026-09-27,ccn-100118,chest-xray,1275,1275,
2026-09-27,ccn-100118,ct-abd-pelvis,9387,9387,
2026-09-27,ccn-100118,ct-head,3463,3463,
2026-09-27,ccn-100118,dialysis,1820,1820,
2026-09-27,ccn-100118,echocardiogram,2491,2491,
2026-09-27,ccn-100118,endoscopy,3896,3896,
2026-09-27,ccn-100118,epidural-inj,1500,1500,
2026-09-27,ccn-100118,er-level3,1178,1178,
2026-09-27,ccn-100118,er-level4,1946,1946,
2026-09-27,ccn-100118,er-level5,3097,3097,
2026-09-27,ccn-100118,iv-hydration,976,976,
2026-09-27,ccn-100118,iv-infusion,976,976,
2026-09-27,ccn-100118,joint-injection,659,659,
2026-09-27,ccn-100118,laceration,637,637,
2026-09-27,ccn-100118,lithotripsy,33383,33383,
2026-09-27,ccn-100118,mammogram-diag,310,310,
2026-09-27,ccn-100118,mammogram-screen,452,452,
2026-09-27,ccn-100118,mri-brain,4395,4395,
2026-09-27,ccn-100118,mri-knee,7173,7173,
2026-09-27,ccn-100118,mri-spine,5579,5579,
2026-09-27,ccn-100118,physical-therapy,145,145,
2026-09-27,ccn-100118,strep-test,268,268,
2026-09-27,ccn-100118,thyroid-us,1493,1493,
2026-09-27,ccn-100118,urgent-care,590,590,
2026-09-27,ccn-100118,us-abdomen,2404,2404,
2026-09-27,ccn-100118,xray-extremity,803,803,
2026-09-27,ccn-100118,xray-leg,801,801,
2026-09-27,ccn-100121,biopsy-needle,995,1658,
2026-09-27,ccn-100121,blood-cbc,16,27,
2026-09-27,ccn-100121,blood-metabolic,19,31,
2026-09-27,ccn-100121,cardiac-cath,12321,20535,
2026-09-27,ccn-100121,cast-fracture,250,417,
2026-09-27,ccn-100121,chemo-infusion,844,1407,
2026-09-27,ccn-100121,chest-xray,455,759,
2026-09-27,ccn-100121,ct-abd-pelvis,4532,7553,
2026-09-27,ccn-100121,ct-head,2655,4425,
2026-09-27,ccn-100121,dialysis,806,1343,
2026-09-27,ccn-100121,echocardiogram,1957,3262,
2026-09-27,ccn-100121,endoscopy,2288,3813,
2026-09-27,ccn-100121,epidural-inj,1391,2319,
2026-09-27,ccn-100121,er-level3,1666,2776,
2026-09-27,ccn-100121,er-level4,2737,4561,
2026-09-27,ccn-100121,er-level5,3966,6610,
2026-09-27,ccn-100121,hernia-repair,8497,14161,
2026-09-27,ccn-100121,iv-hydration,512,853,
2026-09-27,ccn-100121,iv-infusion,635,1058,
2026-09-27,ccn-100121,joint-injection,656,1093,
2026-09-27,ccn-100121,laceration,757,1262,
2026-09-27,ccn-100121,mammogram-diag,197,328,
2026-09-27,ccn-100121,mammogram-screen,273,455,
2026-09-27,ccn-100121,mri-brain,2672,4453,
2026-09-27,ccn-100121,mri-knee,2923,4871,
2026-09-27,ccn-100121,mri-spine,2511,4185,
2026-09-27,ccn-100121,physical-therapy,45,75,
2026-09-27,ccn-100121,prostate-biopsy,5368,8947,
2026-09-27,ccn-100121,sleep-study,707,1179,
2026-09-27,ccn-100121,stress-test,2505,4175,
2026-09-27,ccn-100121,thyroid-us,1206,2010,
2026-09-27,ccn-100121,us-abdomen,1218,2030,
2026-09-27,ccn-100121,us-pregnancy,644,1073,
2026-09-27,ccn-100121,xray-extremity,709,1182,
2026-09-27,ccn-100121,xray-leg,695,1159,
2026-09-27,ccn-100122,appendectomy,17431,96840,
2026-09-27,ccn-100122,biopsy-needle,2895,16085,
2026-09-27,ccn-100122,blood-cbc,133,491,
2026-09-27,ccn-100122,blood-metabolic,396,1468,
2026-09-27,ccn-100122,cardiac-cath,6136,22727,
2026-09-27,ccn-100122,carpal-tunnel,17976,99864,
2026-09-27,ccn-100122,cataract,4572,25398,
2026-09-27,ccn-100122,chest-xray,381,1410,
2026-09-27,ccn-100122,colonoscopy,3582,19899,
2026-09-27,ccn-100122,ct-abd-pelvis,6030,22334,
2026-09-27,ccn-100122,ct-head,1904,7051,
2026-09-27,ccn-100122,dialysis,664,2458,
2026-09-27,ccn-100122,echocardiogram,1801,6671,
2026-09-27,ccn-100122,endoscopy,3915,21748,
2026-09-27,ccn-100122,er-level3,469,1737,
2026-09-27,ccn-100122,er-level4,902,3340,
2026-09-27,ccn-100122,er-level5,1389,5145,
2026-09-27,ccn-100122,flu-shot,43,158,
2026-09-27,ccn-100122,gallbladder,15890,88276,
2026-09-27,ccn-100122,hernia-repair,25244,140242,
2026-09-27,ccn-100122,hip-replacement,37445,208027,
2026-09-27,ccn-100122,hysterectomy,22464,124799,
2026-09-27,ccn-100122,iud-insertion,9569,53158,
2026-09-27,ccn-100122,iv-hydration,208,770,
2026-09-27,ccn-100122,iv-infusion,187,694,
2026-09-27,ccn-100122,joint-injection,2179,12106,
2026-09-27,ccn-100122,knee-replacement,30328,168490,
2026-09-27,ccn-100122,knee-scope,16829,93493,
2026-09-27,ccn-100122,laceration,1877,10427,
2026-09-27,ccn-100122,lithotripsy,11330,62942,
2026-09-27,ccn-100122,mammogram-diag,296,1095,
2026-09-27,ccn-100122,mammogram-screen,411,1522,
2026-09-27,ccn-100122,mri-brain,2193,8123,
2026-09-27,ccn-100122,mri-knee,2193,8123,
2026-09-27,ccn-100122,mri-spine,2193,8123,
2026-09-27,ccn-100122,physical-therapy,152,563,
2026-09-27,ccn-100122,prostate-biopsy,22547,125259,
2026-09-27,ccn-100122,shoulder-scope,24296,134976,
2026-09-27,ccn-100122,sleep-study,1922,7119,
2026-09-27,ccn-100122,strep-test,118,437,
2026-09-27,ccn-100122,thyroid-us,1216,4505,
2026-09-27,ccn-100122,tonsillectomy,7110,39503,
2026-09-27,ccn-100122,us-abdomen,1317,4878,
2026-09-27,ccn-100122,us-pregnancy,1216,4505,
2026-09-27,ccn-100122,xray-extremity,525,1944,
2026-09-27,ccn-100122,xray-leg,545,2017,
2026-09-27,ccn-100124,appendectomy,13497,89983,
2026-09-27,ccn-100124,biopsy-needle,6828,19508,
2026-09-27,ccn-100124,blood-cbc,151,432,
2026-09-27,ccn-100124,blood-metabolic,162,462,
2026-09-27,ccn-100124,cardiac-cath,8473,24209,
2026-09-27,ccn-100124,carpal-tunnel,4074,27161,
2026-09-27,ccn-100124,chest-xray,486,1390,
2026-09-27,ccn-100124,colonoscopy,2845,18965,
2026-09-27,ccn-100124,ct-abd-pelvis,5536,15817,
2026-09-27,ccn-100124,ct-head,3535,10101,
2026-09-27,ccn-100124,dialysis,539,1539,
2026-09-27,ccn-100124,echocardiogram,2662,7606,
2026-09-27,ccn-100124,endoscopy,2835,18903,
2026-09-27,ccn-100124,epidural-inj,940,6267,
2026-09-27,ccn-100124,er-level3,1415,4042,
2026-09-27,ccn-100124,er-level4,2144,6127,
2026-09-27,ccn-100124,er-level5,2144,6125,
2026-09-27,ccn-100124,gallbladder,12511,83406,
2026-09-27,ccn-100124,hernia-repair,9818,65455,
2026-09-27,ccn-100124,hip-replacement,20872,139150,
2026-09-27,ccn-100124,hysterectomy,17048,113650,
2026-09-27,ccn-100124,iud-insertion,6094,40626,
2026-09-27,ccn-100124,iv-hydration,163,465,
2026-09-27,ccn-100124,iv-infusion,268,765,
2026-09-27,ccn-100124,joint-injection,451,1287,
2026-09-27,ccn-100124,knee-replacement,23494,156627,
2026-09-27,ccn-100124,knee-scope,8009,53391,
2026-09-27,ccn-100124,laceration,1386,9238,
2026-09-27,ccn-100124,lithotripsy,28683,81950,
2026-09-27,ccn-100124,mammogram-diag,479,1368,
2026-09-27,ccn-100124,mammogram-screen,429,1225,
2026-09-27,ccn-100124,mri-brain,2966,8474,
2026-09-27,ccn-100124,mri-knee,4651,13288,
2026-09-27,ccn-100124,mri-spine,5056,14445,
2026-09-27,ccn-100124,physical-therapy,293,836,
2026-09-27,ccn-100124,prostate-biopsy,6744,44963,
2026-09-27,ccn-100124,sleep-study,3239,9255,
2026-09-27,ccn-100124,strep-test,89,254,
2026-09-27,ccn-100124,thyroid-us,711,2033,
2026-09-27,ccn-100124,urgent-care,1553,10351,
2026-09-27,ccn-100124,us-abdomen,1594,4555,
2026-09-27,ccn-100124,us-pregnancy,1098,3138,
2026-09-27,ccn-100124,xray-extremity,1036,2961,
2026-09-27,ccn-100124,xray-leg,546,1560,
2026-09-27,ccn-100125,biopsy-needle,3514,5406,
2026-09-27,ccn-100125,blood-cbc,253,389,
2026-09-27,ccn-100125,blood-metabolic,766,1178,
2026-09-27,ccn-100125,chemo-infusion,848,1305,
2026-09-27,ccn-100125,chest-xray,497,765,
2026-09-27,ccn-100125,ct-abd-pelvis,5964,9176,
2026-09-27,ccn-100125,ct-head,3054,4699,
2026-09-27,ccn-100125,dialysis,2859,4398,
2026-09-27,ccn-100125,echocardiogram,4109,6321,
2026-09-27,ccn-100125,epidural-inj,3464,5329,
2026-09-27,ccn-100125,er-level3,1179,1814,
2026-09-27,ccn-100125,er-level4,1589,2444,
2026-09-27,ccn-100125,er-level5,1893,2912,
2026-09-27,ccn-100125,iv-hydration,318,490,
2026-09-27,ccn-100125,iv-infusion,461,709,
2026-09-27,ccn-100125,joint-injection,1072,1650,
2026-09-27,ccn-100125,mammogram-diag,432,665,
2026-09-27,ccn-100125,mammogram-screen,475,731,
2026-09-27,ccn-100125,mri-brain,3469,5337,
2026-09-27,ccn-100125,mri-knee,3592,5526,
2026-09-27,ccn-100125,mri-spine,3775,5808,
2026-09-27,ccn-100125,pap-smear,41,63,
2026-09-27,ccn-100125,physical-therapy,161,248,
2026-09-27,ccn-100125,prostate-biopsy,1929,2968,
2026-09-27,ccn-100125,sleep-study,4228,6505,
2026-09-27,ccn-100125,thyroid-us,718,1105,
2026-09-27,ccn-100125,urgent-care,547,841,
2026-09-27,ccn-100125,us-abdomen,1479,2276,
2026-09-27,ccn-100125,us-pregnancy,818,1259,
2026-09-27,ccn-100125,xray-extremity,640,985,
2026-09-27,ccn-100125,xray-leg,563,866,
2026-09-27,ccn-100126,blood-metabolic,2981,2981,
2026-09-27,ccn-100126,chemo-infusion,3559,3559,
2026-09-27,ccn-100126,chest-xray,95,95,
2026-09-27,ccn-100126,ct-abd-pelvis,37381,37381,
2026-09-27,ccn-100126,ct-head,15208,15208,
2026-09-27,ccn-100126,dialysis,3733,3733,
2026-09-27,ccn-100126,echocardiogram,10434,10434,
2026-09-27,ccn-100126,er-level3,9940,9940,
2026-09-27,ccn-100126,er-level4,12812,12812,
2026-09-27,ccn-100126,er-level5,22071,22071,
2026-09-27,ccn-100126,flu-shot,138,138,
2026-09-27,ccn-100126,iv-hydration,4372,4372,
2026-09-27,ccn-100126,iv-infusion,3419,3419,
2026-09-27,ccn-100126,mammogram-diag,752,752,
2026-09-27,ccn-100126,mammogram-screen,267,267,
2026-09-27,ccn-100126,mri-brain,20124,20124,
2026-09-27,ccn-100126,mri-knee,14436,14436,
2026-09-27,ccn-100126,mri-spine,18415,18415,
2026-09-27,ccn-100126,pap-smear,22,22,
2026-09-27,ccn-100126,physical-therapy,378,378,
2026-09-27,ccn-100126,sleep-study,16565,16565,
2026-09-27,ccn-100126,strep-test,401,401,
2026-09-27,ccn-100126,thyroid-us,3486,3486,
2026-09-27,ccn-100126,urgent-care,1028,1028,
2026-09-27,ccn-100126,us-abdomen,6744,6744,
2026-09-27,ccn-100126,us-pregnancy,4241,4241,
2026-09-27,ccn-100126,xray-extremity,2279,2279,
2026-09-27,ccn-100126,xray-leg,3797,3797,
2026-09-27,ccn-100127,biopsy-needle,995,1658,
2026-09-27,ccn-100127,blood-cbc,16,27,
2026-09-27,ccn-100127,blood-metabolic,27,45,
2026-09-27,ccn-100127,cardiac-cath,12321,20535,
2026-09-27,ccn-100127,cast-fracture,250,417,
2026-09-27,ccn-100127,chemo-infusion,844,1407,
2026-09-27,ccn-100127,chest-xray,455,759,
2026-09-27,ccn-100127,ct-abd-pelvis,4532,7553,
2026-09-27,ccn-100127,ct-head,2655,4425,
2026-09-27,ccn-100127,dialysis,806,1343,
2026-09-27,ccn-100127,echocardiogram,1957,3262,
2026-09-27,ccn-100127,endoscopy,2288,3813,
2026-09-27,ccn-100127,epidural-inj,1391,2319,
2026-09-27,ccn-100127,er-level3,1666,2776,
2026-09-27,ccn-100127,er-level4,2737,4561,
2026-09-27,ccn-100127,er-level5,3966,6610,
2026-09-27,ccn-100127,hearing-test,251,418,
2026-09-27,ccn-100127,hernia-repair,8497,14161,
2026-09-27,ccn-100127,iv-hydration,512,853,
2026-09-27,ccn-100127,iv-infusion,635,1058,
2026-09-27,ccn-100127,joint-injection,656,1093,
2026-09-27,ccn-100127,laceration,757,1262,
2026-09-27,ccn-100127,mammogram-diag,197,328,
2026-09-27,ccn-100127,mammogram-screen,273,455,
2026-09-27,ccn-100127,mri-brain,2672,4453,
2026-09-27,ccn-100127,mri-knee,2923,4871,
2026-09-27,ccn-100127,mri-spine,2511,4185,
2026-09-27,ccn-100127,physical-therapy,45,75,
2026-09-27,ccn-100127,prostate-biopsy,5368,8947,
2026-09-27,ccn-100127,sleep-study,4517,7528,
2026-09-27,ccn-100127,stress-test,2505,4175,
2026-09-27,ccn-100127,thyroid-us,1206,2010,
2026-09-27,ccn-100127,us-abdomen,1218,2030,
2026-09-27,ccn-100127,us-pregnancy,644,1073,
2026-09-27,ccn-100127,xray-extremity,709,1182,
2026-09-27,ccn-100127,xray-leg,695,1159,
2026-09-27,ccn-100128,biopsy-needle,868,2480,
2026-09-27,ccn-100128,blood-cbc,123,351,
2026-09-27,ccn-100128,blood-metabolic,240,685,
2026-09-27,ccn-100128,cardiac-cath,10672,30491,
2026-09-27,ccn-100128,cast-fracture,246,704,
2026-09-27,ccn-100128,chemo-infusion,159,454,
2026-09-27,ccn-100128,chest-xray,256,732,
2026-09-27,ccn-100128,colonoscopy,1143,3266,
2026-09-27,ccn-100128,ct-abd-pelvis,2834,8097,
2026-09-27,ccn-100128,ct-head,1297,3705,
2026-09-27,ccn-100128,dialysis,481,1373,
2026-09-27,ccn-100128,echocardiogram,2186,6246,
2026-09-27,ccn-100128,ekg,128,365,
2026-09-27,ccn-100128,endoscopy,502,1434,
2026-09-27,ccn-100128,epidural-inj,1358,3880,
2026-09-27,ccn-100128,er-level3,600,1714,
2026-09-27,ccn-100128,er-level4,958,2738,
2026-09-27,ccn-100128,er-level5,1766,5045,
2026-09-27,ccn-100128,hearing-test,186,532,
2026-09-27,ccn-100128,hernia-repair,12195,34844,
2026-09-27,ccn-100128,iud-insertion,1142,3263,
2026-09-27,ccn-100128,iv-hydration,95,272,
2026-09-27,ccn-100128,iv-infusion,109,312,
2026-09-27,ccn-100128,joint-injection,592,1692,
2026-09-27,ccn-100128,laceration,288,824,
2026-09-27,ccn-100128,mammogram-diag,106,302,
2026-09-27,ccn-100128,mammogram-screen,203,581,
2026-09-27,ccn-100128,mri-brain,1522,4349,
2026-09-27,ccn-100128,mri-knee,631,1802,
2026-09-27,ccn-100128,mri-spine,1293,3694,
2026-09-27,ccn-100128,physical-therapy,85,244,
2026-09-27,ccn-100128,prostate-biopsy,2148,6136,
2026-09-27,ccn-100128,sleep-study,3533,10093,
2026-09-27,ccn-100128,strep-test,96,275,
2026-09-27,ccn-100128,stress-test,214,610,
2026-09-27,ccn-100128,thyroid-us,447,1277,
2026-09-27,ccn-100128,urgent-care,262,750,
2026-09-27,ccn-100128,us-abdomen,615,1756,
2026-09-27,ccn-100128,us-pregnancy,213,608,
2026-09-27,ccn-100128,xray-extremity,268,765,
2026-09-27,ccn-100128,xray-leg,250,713,
2026-09-27,ccn-100130,allergy-test,1021,,
2026-09-27,ccn-100130,appendectomy,600,3006,
2026-09-27,ccn-100130,biopsy-needle,1626,4206,
2026-09-27,ccn-100130,blood-cbc,8,151,
2026-09-27,ccn-100130,blood-metabolic,11,453,
2026-09-27,ccn-100130,cardiac-cath,3229,,
2026-09-27,ccn-100130,carpal-tunnel,1960,,
2026-09-27,ccn-100130,cast-fracture,600,671,
2026-09-27,ccn-100130,cataract,2289,,
2026-09-27,ccn-100130,chemo-infusion,333,,
2026-09-27,ccn-100130,chest-xray,88,247,
2026-09-27,ccn-100130,colonoscopy,915,2370,
2026-09-27,ccn-100130,ct-abd-pelvis,358,3255,
2026-09-27,ccn-100130,ct-head,107,1375,
2026-09-27,ccn-100130,dialysis,702,,
2026-09-27,ccn-100130,echocardiogram,550,2182,
2026-09-27,ccn-100130,endoscopy,941,2235,
2026-09-27,ccn-100130,epidural-inj,695,,
2026-09-27,ccn-100130,er-level3,600,508,
2026-09-27,ccn-100130,er-level4,600,896,
2026-09-27,ccn-100130,er-level5,600,1390,
2026-09-27,ccn-100130,gallbladder,5856,12900,
2026-09-27,ccn-100130,hearing-test,157,,
2026-09-27,ccn-100130,hernia-repair,3542,,
2026-09-27,ccn-100130,hip-replacement,12915,,
2026-09-27,ccn-100130,hysterectomy,10451,,
2026-09-27,ccn-100130,iv-hydration,211,454,
2026-09-27,ccn-100130,iv-infusion,211,454,
2026-09-27,ccn-100130,joint-injection,296,330,
2026-09-27,ccn-100130,knee-replacement,12915,,
2026-09-27,ccn-100130,knee-scope,3257,,
2026-09-27,ccn-100130,laceration,600,448,
2026-09-27,ccn-100130,lithotripsy,3462,,
2026-09-27,ccn-100130,mammogram-diag,165,147,
2026-09-27,ccn-100130,mammogram-screen,169,126,
2026-09-27,ccn-100130,mri-brain,243,1600,
2026-09-27,ccn-100130,mri-knee,243,777,
2026-09-27,ccn-100130,mri-spine,243,3038,
2026-09-27,ccn-100130,pap-smear,27,,
2026-09-27,ccn-100130,physical-therapy,37,78,
2026-09-27,ccn-100130,prostate-biopsy,2056,,
2026-09-27,ccn-100130,shoulder-scope,7171,,
2026-09-27,ccn-100130,sleep-study,1021,,
2026-09-27,ccn-100130,strep-test,17,50,
2026-09-27,ccn-100130,thyroid-us,107,411,
2026-09-27,ccn-100130,tonsillectomy,3255,,
2026-09-27,ccn-100130,us-abdomen,107,1045,
2026-09-27,ccn-100130,us-pregnancy,107,428,
2026-09-27,ccn-100130,xray-extremity,88,173,
2026-09-27,ccn-100130,xray-leg,88,183,
2026-09-27,ccn-100132,biopsy-needle,7028,10812,
2026-09-27,ccn-100132,blood-cbc,253,389,
2026-09-27,ccn-100132,blood-metabolic,766,1178,
2026-09-27,ccn-100132,cardiac-cath,24403,37543,
2026-09-27,ccn-100132,cast-fracture,625,962,
2026-09-27,ccn-100132,chemo-infusion,848,1305,
2026-09-27,ccn-100132,chest-xray,308,474,
2026-09-27,ccn-100132,ct-abd-pelvis,5964,9176,
2026-09-27,ccn-100132,ct-head,3257,5011,
2026-09-27,ccn-100132,dialysis,2859,4398,
2026-09-27,ccn-100132,echocardiogram,4109,6321,
2026-09-27,ccn-100132,epidural-inj,3464,5329,
2026-09-27,ccn-100132,er-level3,1179,1814,
2026-09-27,ccn-100132,er-level4,1589,2444,
2026-09-27,ccn-100132,er-level5,1893,2912,
2026-09-27,ccn-100132,iv-hydration,318,490,
2026-09-27,ccn-100132,iv-infusion,461,709,
2026-09-27,ccn-100132,joint-injection,1072,1650,
2026-09-27,ccn-100132,laceration,576,886,
2026-09-27,ccn-100132,mammogram-diag,432,665,
2026-09-27,ccn-100132,mammogram-screen,475,731,
2026-09-27,ccn-100132,mri-brain,3469,5337,
2026-09-27,ccn-100132,mri-knee,3592,5526,
2026-09-27,ccn-100132,mri-spine,3775,5808,
2026-09-27,ccn-100132,pap-smear,49,76,
2026-09-27,ccn-100132,physical-therapy,161,248,
2026-09-27,ccn-100132,prostate-biopsy,1929,2968,
2026-09-27,ccn-100132,thyroid-us,659,1014,
2026-09-27,ccn-100132,urgent-care,547,841,
2026-09-27,ccn-100132,us-abdomen,1479,2276,
2026-09-27,ccn-100132,us-pregnancy,751,1155,
2026-09-27,ccn-100132,xray-extremity,522,803,
2026-09-27,ccn-100132,xray-leg,522,803,
2026-09-27,ccn-100134,blood-cbc,130,130,
2026-09-27,ccn-100134,blood-metabolic,308,308,
2026-09-27,ccn-100134,cataract,8881,8881,
2026-09-27,ccn-100134,colonoscopy,3483,3483,
2026-09-27,ccn-100134,ct-abd-pelvis,2897,2897,
2026-09-27,ccn-100134,endoscopy,3455,3455,
2026-09-27,ccn-100134,er-level3,1184,1184,
2026-09-27,ccn-100134,er-level4,2136,2136,
2026-09-27,ccn-100134,er-level5,3030,3030,
2026-09-27,ccn-100134,iv-hydration,558,558,
2026-09-27,ccn-100134,iv-infusion,817,817,
2026-09-27,ccn-100134,joint-injection,735,735,
2026-09-27,ccn-100134,laceration,412,412,
2026-09-27,ccn-100134,mammogram-diag,393,393,
2026-09-27,ccn-100134,mri-knee,4801,4801,
2026-09-27,ccn-100134,physical-therapy,82,82,
2026-09-27,ccn-100134,sleep-study,3985,3985,
2026-09-27,ccn-100134,strep-test,77,77,
2026-09-27,ccn-100134,urgent-care,275,275,
2026-09-27,ccn-100134,us-abdomen,453,453,
2026-09-27,ccn-100134,xray-extremity,398,398,
2026-09-27,ccn-100134,xray-leg,660,660,
2026-09-27,ccn-100135,biopsy-needle,4302,6145,
2026-09-27,ccn-100135,blood-cbc,112,159,
2026-09-27,ccn-100135,blood-metabolic,565,807,
2026-09-27,ccn-100135,cardiac-cath,20180,28829,
2026-09-27,ccn-100135,cast-fracture,890,1271,
2026-09-27,ccn-100135,chemo-infusion,869,1242,
2026-09-27,ccn-100135,chest-xray,564,806,
2026-09-27,ccn-100135,ct-abd-pelvis,4778,6826,
2026-09-27,ccn-100135,ct-head,2193,3133,
2026-09-27,ccn-100135,dialysis,1865,2664,
2026-09-27,ccn-100135,echocardiogram,2490,3557,
2026-09-27,ccn-100135,endoscopy,656,938,
2026-09-27,ccn-100135,epidural-inj,4135,5907,
2026-09-27,ccn-100135,er-level3,1081,1544,
2026-09-27,ccn-100135,er-level4,1462,2088,
2026-09-27,ccn-100135,er-level5,2384,3406,
2026-09-27,ccn-100135,iud-insertion,749,1070,
2026-09-27,ccn-100135,iv-hydration,707,1010,
2026-09-27,ccn-100135,iv-infusion,784,1120,
2026-09-27,ccn-100135,joint-injection,1098,1569,
2026-09-27,ccn-100135,laceration,468,668,
2026-09-27,ccn-100135,lithotripsy,19727,28181,
2026-09-27,ccn-100135,mammogram-diag,435,622,
2026-09-27,ccn-100135,mammogram-screen,537,767,
2026-09-27,ccn-100135,mri-brain,593,847,
2026-09-27,ccn-100135,mri-knee,687,981,
2026-09-27,ccn-100135,mri-spine,687,981,
2026-09-27,ccn-100135,physical-therapy,187,267,
2026-09-27,ccn-100135,sleep-study,4483,6405,
2026-09-27,ccn-100135,strep-test,128,183,
2026-09-27,ccn-100135,thyroid-us,855,1221,
2026-09-27,ccn-100135,urgent-care,141,202,
2026-09-27,ccn-100135,us-abdomen,1371,1958,
2026-09-27,ccn-100135,us-pregnancy,799,1142,
2026-09-27,ccn-100135,xray-extremity,572,818,
2026-09-27,ccn-100135,xray-leg,215,307,
2026-09-27,ccn-100137,biopsy-needle,4422,4422,
2026-09-27,ccn-100137,blood-cbc,338,338,
2026-09-27,ccn-100137,blood-metabolic,507,507,
2026-09-27,ccn-100137,cardiac-cath,15081,15081,
2026-09-27,ccn-100137,cast-fracture,777,777,
2026-09-27,ccn-100137,chest-xray,791,791,
2026-09-27,ccn-100137,ct-abd-pelvis,7451,7451,
2026-09-27,ccn-100137,ct-head,3501,3501,
2026-09-27,ccn-100137,dialysis,1918,1918,
2026-09-27,ccn-100137,echocardiogram,6196,6196,
2026-09-27,ccn-100137,epidural-inj,3419,3419,
2026-09-27,ccn-100137,er-level3,1742,1742,
2026-09-27,ccn-100137,er-level4,3379,3379,
2026-09-27,ccn-100137,er-level5,4722,4722,
2026-09-27,ccn-100137,iv-hydration,1988,1988,
2026-09-27,ccn-100137,iv-infusion,1564,1564,
2026-09-27,ccn-100137,joint-injection,1267,1267,
2026-09-27,ccn-100137,laceration,607,607,
2026-09-27,ccn-100137,lithotripsy,35869,35869,
2026-09-27,ccn-100137,mammogram-diag,1036,1036,
2026-09-27,ccn-100137,mammogram-screen,753,753,
2026-09-27,ccn-100137,mri-brain,3431,3431,
2026-09-27,ccn-100137,mri-knee,3434,3434,
2026-09-27,ccn-100137,mri-spine,3434,3434,
2026-09-27,ccn-100137,physical-therapy,286,286,
2026-09-27,ccn-100137,strep-test,366,366,
2026-09-27,ccn-100137,thyroid-us,1512,1512,
2026-09-27,ccn-100137,urgent-care,1219,1219,
2026-09-27,ccn-100137,us-abdomen,1512,1512,
2026-09-27,ccn-100137,us-pregnancy,1512,1512,
2026-09-27,ccn-100137,xray-extremity,797,797,
2026-09-27,ccn-100137,xray-leg,443,443,
2026-09-27,ccn-100140,biopsy-needle,4315,6959,
2026-09-27,ccn-100140,blood-cbc,75,121,
2026-09-27,ccn-100140,cast-fracture,397,640,
2026-09-27,ccn-100140,chest-xray,512,825,
2026-09-27,ccn-100140,ct-abd-pelvis,2682,4325,
2026-09-27,ccn-100140,ct-head,968,1562,
2026-09-27,ccn-100140,dialysis,623,1005,
2026-09-27,ccn-100140,echocardiogram,3348,5400,
2026-09-27,ccn-100140,epidural-inj,2640,4258,
2026-09-27,ccn-100140,er-level3,1631,2630,
2026-09-27,ccn-100140,er-level4,2858,4610,
2026-09-27,ccn-100140,er-level5,2920,4710,
2026-09-27,ccn-100140,joint-injection,608,980,
2026-09-27,ccn-100140,laceration,1205,1943,
2026-09-27,ccn-100140,lithotripsy,18348,29593,
2026-09-27,ccn-100140,mammogram-diag,516,832,
2026-09-27,ccn-100140,mammogram-screen,543,876,
2026-09-27,ccn-100140,mri-brain,2153,3473,
2026-09-27,ccn-100140,mri-knee,1849,2983,
2026-09-27,ccn-100140,mri-spine,1853,2989,
2026-09-27,ccn-100140,physical-therapy,181,292,
2026-09-27,ccn-100140,sleep-study,5732,9245,
2026-09-27,ccn-100140,thyroid-us,1176,1897,
2026-09-27,ccn-100140,us-abdomen,1541,2485,
2026-09-27,ccn-100140,us-pregnancy,700,1129,
2026-09-27,ccn-100140,xray-extremity,796,1284,
2026-09-27,ccn-100140,xray-leg,684,1104,
2026-09-27,ccn-100142,biopsy-needle,1741,3482,
2026-09-27,ccn-100142,blood-cbc,26,51,
2026-09-27,ccn-100142,blood-metabolic,36,71,
2026-09-27,ccn-100142,cast-fracture,260,519,
2026-09-27,ccn-100142,chemo-infusion,484,968,
2026-09-27,ccn-100142,chest-xray,264,529,
2026-09-27,ccn-100142,ct-abd-pelvis,793,1586,
2026-09-27,ccn-100142,ct-head,766,1531,
2026-09-27,ccn-100142,echocardiogram,894,1787,
2026-09-27,ccn-100142,er-level3,356,713,
2026-09-27,ccn-100142,er-level4,752,1503,
2026-09-27,ccn-100142,er-level5,860,1720,
2026-09-27,ccn-100142,hip-replacement,18444,36888,
2026-09-27,ccn-100142,iv-hydration,318,635,
2026-09-27,ccn-100142,iv-infusion,288,575,
2026-09-27,ccn-100142,joint-injection,1190,2381,
2026-09-27,ccn-100142,knee-replacement,18444,36888,
2026-09-27,ccn-100142,laceration,212,424,
2026-09-27,ccn-100142,mammogram-diag,160,319,
2026-09-27,ccn-100142,mammogram-screen,31,62,
2026-09-27,ccn-100142,mri-brain,908,1815,
2026-09-27,ccn-100142,mri-knee,908,1815,
2026-09-27,ccn-100142,mri-spine,908,1815,
2026-09-27,ccn-100142,physical-therapy,52,103,
2026-09-27,ccn-100142,thyroid-us,224,448,
2026-09-27,ccn-100142,us-abdomen,251,502,
2026-09-27,ccn-100142,us-pregnancy,224,448,
2026-09-27,ccn-100142,xray-extremity,298,596,
2026-09-27,ccn-100142,xray-leg,150,299,
2026-09-27,ccn-100150,appendectomy,21915,81165,
2026-09-27,ccn-100150,biopsy-needle,3046,11280,
2026-09-27,ccn-100150,blood-cbc,92,262,
2026-09-27,ccn-100150,blood-metabolic,114,327,
2026-09-27,ccn-100150,cardiac-cath,7407,21162,
2026-09-27,ccn-100150,carpal-tunnel,6908,25585,
2026-09-27,ccn-100150,cataract,7087,26247,
2026-09-27,ccn-100150,chemo-infusion,645,1842,
2026-09-27,ccn-100150,chest-xray,239,682,
2026-09-27,ccn-100150,colonoscopy,3032,11229,
2026-09-27,ccn-100150,ct-abd-pelvis,3983,11380,
2026-09-27,ccn-100150,ct-head,1462,4177,
2026-09-27,ccn-100150,dialysis,1738,4964,
2026-09-27,ccn-100150,echocardiogram,1816,5188,
2026-09-27,ccn-100150,endoscopy,3283,12158,
2026-09-27,ccn-100150,epidural-inj,1148,3280,
2026-09-27,ccn-100150,er-level3,501,1433,
2026-09-27,ccn-100150,er-level4,628,1795,
2026-09-27,ccn-100150,er-level5,794,2269,
2026-09-27,ccn-100150,flu-shot,60,171,
2026-09-27,ccn-100150,gallbladder,18198,67400,
2026-09-27,ccn-100150,hernia-repair,14550,53888,
2026-09-27,ccn-100150,hip-replacement,39047,144618,
2026-09-27,ccn-100150,hysterectomy,21175,78426,
2026-09-27,ccn-100150,iv-hydration,384,1097,
2026-09-27,ccn-100150,iv-infusion,516,1473,
2026-09-27,ccn-100150,joint-injection,1335,4945,
2026-09-27,ccn-100150,knee-replacement,35904,132978,
2026-09-27,ccn-100150,knee-scope,13900,51481,
2026-09-27,ccn-100150,laceration,1681,6225,
2026-09-27,ccn-100150,lithotripsy,10857,40211,
2026-09-27,ccn-100150,mammogram-diag,164,467,
2026-09-27,ccn-100150,mammogram-screen,228,651,
2026-09-27,ccn-100150,mri-brain,2495,7130,
2026-09-27,ccn-100150,mri-knee,2258,6452,
2026-09-27,ccn-100150,mri-spine,2549,7284,
2026-09-27,ccn-100150,pap-smear,8,24,
2026-09-27,ccn-100150,physical-therapy,134,382,
2026-09-27,ccn-100150,shoulder-scope,30217,111916,
2026-09-27,ccn-100150,thyroid-us,329,940,
2026-09-27,ccn-100150,tonsillectomy,10552,39081,
2026-09-27,ccn-100150,us-abdomen,549,1570,
2026-09-27,ccn-100150,us-pregnancy,568,1622,
2026-09-27,ccn-100150,xray-extremity,356,1016,
2026-09-27,ccn-100150,xray-leg,1049,2998,
2026-09-27,ccn-100154,biopsy-needle,7028,10812,
2026-09-27,ccn-100154,blood-cbc,253,389,
2026-09-27,ccn-100154,blood-metabolic,766,1178,
2026-09-27,ccn-100154,cardiac-cath,24403,37543,
2026-09-27,ccn-100154,cast-fracture,625,962,
2026-09-27,ccn-100154,chemo-infusion,848,1305,
2026-09-27,ccn-100154,chest-xray,308,474,
2026-09-27,ccn-100154,ct-abd-pelvis,5964,9176,
2026-09-27,ccn-100154,ct-head,3257,5011,
2026-09-27,ccn-100154,dialysis,2859,4398,
2026-09-27,ccn-100154,echocardiogram,4109,6321,
2026-09-27,ccn-100154,epidural-inj,3464,5329,
2026-09-27,ccn-100154,er-level3,1179,1814,
2026-09-27,ccn-100154,er-level4,1589,2444,
2026-09-27,ccn-100154,er-level5,1893,2912,
2026-09-27,ccn-100154,iv-hydration,318,490,
2026-09-27,ccn-100154,iv-infusion,461,709,
2026-09-27,ccn-100154,joint-injection,1072,1650,
2026-09-27,ccn-100154,laceration,576,886,
2026-09-27,ccn-100154,mammogram-diag,432,665,
2026-09-27,ccn-100154,mammogram-screen,475,731,
2026-09-27,ccn-100154,mri-brain,3469,5337,
2026-09-27,ccn-100154,mri-knee,3592,5526,
2026-09-27,ccn-100154,mri-spine,3775,5808,
2026-09-27,ccn-100154,pap-smear,49,76,
2026-09-27,ccn-100154,physical-therapy,161,248,
2026-09-27,ccn-100154,prostate-biopsy,1929,2968,
2026-09-27,ccn-100154,thyroid-us,659,1014,
2026-09-27,ccn-100154,urgent-care,547,841,
2026-09-27,ccn-100154,us-abdomen,1479,2276,
2026-09-27,ccn-100154,us-pregnancy,751,1155,
2026-09-27,ccn-100154,xray-extremity,522,803,
2026-09-27,ccn-100154,xray-leg,522,803,
2026-09-27,ccn-100157,blood-cbc,71,354,
2026-09-27,ccn-100157,blood-metabolic,179,895,
2026-09-27,ccn-100157,cardiac-cath,6171,30856,
2026-09-27,ccn-100157,chemo-infusion,230,1151,
2026-09-27,ccn-100157,chest-xray,146,731,
2026-09-27,ccn-100157,ct-abd-pelvis,2008,10039,
2026-09-27,ccn-100157,ct-head,935,4674,
2026-09-27,ccn-100157,echocardiogram,1489,7443,
2026-09-27,ccn-100157,epidural-inj,682,3412,
2026-09-27,ccn-100157,er-level3,486,2429,
2026-09-27,ccn-100157,er-level4,607,3037,
2026-09-27,ccn-100157,er-level5,729,3645,
2026-09-27,ccn-100157,iv-hydration,112,560,
2026-09-27,ccn-100157,iv-infusion,102,510,
2026-09-27,ccn-100157,joint-injection,108,539,
2026-09-27,ccn-100157,laceration,126,629,
2026-09-27,ccn-100157,mri-brain,1283,6416,
2026-09-27,ccn-100157,mri-knee,1311,6554,
2026-09-27,ccn-100157,mri-spine,1282,6411,
2026-09-27,ccn-100157,physical-therapy,27,135,
2026-09-27,ccn-100157,thyroid-us,279,1397,
2026-09-27,ccn-100157,urgent-care,22,111,
2026-09-27,ccn-100157,us-abdomen,452,2262,
2026-09-27,ccn-100157,xray-extremity,191,953,
2026-09-27,ccn-100157,xray-leg,180,899,
2026-09-27,ccn-100168,biopsy-needle,4025,6192,
2026-09-27,ccn-100168,blood-cbc,23,35,
2026-09-27,ccn-100168,blood-metabolic,364,560,
2026-09-27,ccn-100168,cardiac-cath,16336,25133,
2026-09-27,ccn-100168,cast-fracture,689,1060,
2026-09-27,ccn-100168,chemo-infusion,847,1303,
2026-09-27,ccn-100168,chest-xray,446,686,
2026-09-27,ccn-100168,ct-abd-pelvis,3688,5674,
2026-09-27,ccn-100168,ct-head,2731,4202,
2026-09-27,ccn-100168,echocardiogram,2720,4185,
2026-09-27,ccn-100168,epidural-inj,3074,4730,
2026-09-27,ccn-100168,er-level3,1009,1552,
2026-09-27,ccn-100168,er-level4,1359,2091,
2026-09-27,ccn-100168,er-level5,1619,2491,
2026-09-27,ccn-100168,hernia-repair,5870,9031,
2026-09-27,ccn-100168,iv-hydration,276,424,
2026-09-27,ccn-100168,iv-infusion,400,615,
2026-09-27,ccn-100168,joint-injection,952,1464,
2026-09-27,ccn-100168,laceration,516,794,
2026-09-27,ccn-100168,mammogram-diag,387,595,
2026-09-27,ccn-100168,mammogram-screen,426,656,
2026-09-27,ccn-100168,mri-brain,3020,4646,
2026-09-27,ccn-100168,mri-knee,3220,4954,
2026-09-27,ccn-100168,mri-spine,3385,5208,
2026-09-27,ccn-100168,physical-therapy,140,215,
2026-09-27,ccn-100168,prostate-biopsy,3260,5016,
2026-09-27,ccn-100168,thyroid-us,644,990,
2026-09-27,ccn-100168,urgent-care,481,740,
2026-09-27,ccn-100168,us-abdomen,1326,2040,
2026-09-27,ccn-100168,us-pregnancy,734,1129,
2026-09-27,ccn-100168,xray-extremity,575,884,
2026-09-27,ccn-100168,xray-leg,505,777,
2026-09-27,ccn-100173,biopsy-needle,5341,5341,
2026-09-27,ccn-100173,blood-cbc,443,443,
2026-09-27,ccn-100173,blood-metabolic,808,808,
2026-09-27,ccn-100173,cardiac-cath,23279,23279,
2026-09-27,ccn-100173,carpal-tunnel,20663,20663,
2026-09-27,ccn-100173,cast-fracture,2976,2976,
2026-09-27,ccn-100173,cataract,18704,18704,
2026-09-27,ccn-100173,chemo-infusion,1436,1436,
2026-09-27,ccn-100173,chest-xray,1158,1158,
2026-09-27,ccn-100173,ct-abd-pelvis,5045,5045,
2026-09-27,ccn-100173,ct-head,4055,4055,
2026-09-27,ccn-100173,dialysis,2237,2237,
2026-09-27,ccn-100173,echocardiogram,3965,3965,
2026-09-27,ccn-100173,endoscopy,8175,8175,
2026-09-27,ccn-100173,epidural-inj,2270,2270,
2026-09-27,ccn-100173,er-level3,1908,1908,
2026-09-27,ccn-100173,er-level4,2960,2960,
2026-09-27,ccn-100173,er-level5,5580,5580,
2026-09-27,ccn-100173,gallbladder,59775,59775,
2026-09-27,ccn-100173,hernia-repair,32065,32065,
2026-09-27,ccn-100173,iv-hydration,782,782,
2026-09-27,ccn-100173,iv-infusion,965,965,
2026-09-27,ccn-100173,joint-injection,877,877,
2026-09-27,ccn-100173,knee-scope,31046,31046,
2026-09-27,ccn-100173,laceration,1759,1759,
2026-09-27,ccn-100173,lithotripsy,38036,38036,
2026-09-27,ccn-100173,mammogram-diag,560,560,
2026-09-27,ccn-100173,mammogram-screen,525,525,
2026-09-27,ccn-100173,mri-brain,3785,3785,
2026-09-27,ccn-100173,mri-knee,3343,3343,
2026-09-27,ccn-100173,mri-spine,3343,3343,
2026-09-27,ccn-100173,pap-smear,411,411,
2026-09-27,ccn-100173,physical-therapy,220,220,
2026-09-27,ccn-100173,prostate-biopsy,1799,1799,
2026-09-27,ccn-100173,shoulder-scope,54655,54655,
2026-09-27,ccn-100173,sleep-study,11386,11386,
2026-09-27,ccn-100173,strep-test,274,274,
2026-09-27,ccn-100173,thyroid-us,2443,2443,
2026-09-27,ccn-100173,tonsillectomy,33427,33427,
2026-09-27,ccn-100173,urgent-care,549,549,
2026-09-27,ccn-100173,us-abdomen,5248,5248,
2026-09-27,ccn-100173,us-pregnancy,3208,3208,
2026-09-27,ccn-100173,xray-extremity,1597,1597,
2026-09-27,ccn-100173,xray-leg,1479,1479,
2026-09-27,ccn-100176,biopsy-needle,3514,5406,
2026-09-27,ccn-100176,blood-cbc,253,389,
2026-09-27,ccn-100176,blood-metabolic,766,1178,
2026-09-27,ccn-100176,chemo-infusion,848,1305,
2026-09-27,ccn-100176,chest-xray,497,765,
2026-09-27,ccn-100176,ct-abd-pelvis,5964,9176,
2026-09-27,ccn-100176,ct-head,3054,4699,
2026-09-27,ccn-100176,dialysis,2859,4398,
2026-09-27,ccn-100176,echocardiogram,4109,6321,
2026-09-27,ccn-100176,epidural-inj,3464,5329,
2026-09-27,ccn-100176,er-level3,1179,1814,
2026-09-27,ccn-100176,er-level4,1589,2444,
2026-09-27,ccn-100176,er-level5,1893,2912,
2026-09-27,ccn-100176,iv-hydration,318,490,
2026-09-27,ccn-100176,iv-infusion,461,709,
2026-09-27,ccn-100176,joint-injection,1072,1650,
2026-09-27,ccn-100176,mri-brain,3469,5337,
2026-09-27,ccn-100176,mri-knee,3592,5526,
2026-09-27,ccn-100176,mri-spine,3775,5808,
2026-09-27,ccn-100176,pap-smear,49,76,
2026-09-27,ccn-100176,physical-therapy,161,248,
2026-09-27,ccn-100176,prostate-biopsy,1929,2968,
2026-09-27,ccn-100176,sleep-study,4228,6505,
2026-09-27,ccn-100176,thyroid-us,718,1105,
2026-09-27,ccn-100176,us-abdomen,1479,2276,
2026-09-27,ccn-100176,us-pregnancy,818,1259,
2026-09-27,ccn-100176,xray-extremity,640,985,
2026-09-27,ccn-100176,xray-leg,563,866,
2026-09-27,ccn-100177,biopsy-needle,1880,7518,
2026-09-27,ccn-100177,blood-cbc,24,98,
2026-09-27,ccn-100177,blood-metabolic,29,116,
2026-09-27,ccn-100177,cardiac-cath,2888,11550,
2026-09-27,ccn-100177,chemo-infusion,151,604,
2026-09-27,ccn-100177,chest-xray,140,562,
2026-09-27,ccn-100177,ct-abd-pelvis,1410,5640,
2026-09-27,ccn-100177,ct-head,590,2361,
2026-09-27,ccn-100177,dialysis,1174,4698,
2026-09-27,ccn-100177,echocardiogram,682,2727,
2026-09-27,ccn-100177,er-level3,550,2199,
2026-09-27,ccn-100177,er-level4,839,3354,
2026-09-27,ccn-100177,er-level5,1061,4245,
2026-09-27,ccn-100177,iv-hydration,114,455,
2026-09-27,ccn-100177,iv-infusion,113,452,
2026-09-27,ccn-100177,joint-injection,575,2300,
2026-09-27,ccn-100177,laceration,130,520,
2026-09-27,ccn-100177,mammogram-diag,163,651,
2026-09-27,ccn-100177,mammogram-screen,200,801,
2026-09-27,ccn-100177,mri-brain,854,3416,
2026-09-27,ccn-100177,mri-knee,742,2968,
2026-09-27,ccn-100177,mri-spine,742,2967,
2026-09-27,ccn-100177,physical-therapy,56,224,
2026-09-27,ccn-100177,strep-test,12,50,
2026-09-27,ccn-100177,thyroid-us,207,827,
2026-09-27,ccn-100177,urgent-care,70,281,
2026-09-27,ccn-100177,us-abdomen,334,1336,
2026-09-27,ccn-100177,us-pregnancy,179,715,
2026-09-27,ccn-100177,xray-extremity,98,390,
2026-09-27,ccn-100177,xray-leg,115,459,
2026-09-27,ccn-100183,biopsy-needle,7028,10812,
2026-09-27,ccn-100183,blood-cbc,253,389,
2026-09-27,ccn-100183,blood-metabolic,766,1178,
2026-09-27,ccn-100183,cardiac-cath,24403,37543,
2026-09-27,ccn-100183,cast-fracture,625,962,
2026-09-27,ccn-100183,chemo-infusion,848,1305,
2026-09-27,ccn-100183,chest-xray,308,474,
2026-09-27,ccn-100183,ct-abd-pelvis,5964,9176,
2026-09-27,ccn-100183,ct-head,3257,5011,
2026-09-27,ccn-100183,dialysis,2859,4398,
2026-09-27,ccn-100183,echocardiogram,4109,6321,
2026-09-27,ccn-100183,epidural-inj,3464,5329,
2026-09-27,ccn-100183,er-level3,1179,1814,
2026-09-27,ccn-100183,er-level4,1589,2444,
2026-09-27,ccn-100183,er-level5,1893,2912,
2026-09-27,ccn-100183,iv-hydration,318,490,
2026-09-27,ccn-100183,iv-infusion,461,709,
2026-09-27,ccn-100183,joint-injection,1072,1650,
2026-09-27,ccn-100183,laceration,576,886,
2026-09-27,ccn-100183,mammogram-diag,432,665,
2026-09-27,ccn-100183,mammogram-screen,475,731,
2026-09-27,ccn-100183,mri-brain,3469,5337,
2026-09-27,ccn-100183,mri-knee,3592,5526,
2026-09-27,ccn-100183,mri-spine,3775,5808,
2026-09-27,ccn-100183,pap-smear,49,76,
2026-09-27,ccn-100183,physical-therapy,161,248,
2026-09-27,ccn-100183,prostate-biopsy,1929,2968,
2026-09-27,ccn-100183,thyroid-us,659,1014,
2026-09-27,ccn-100183,urgent-care,547,841,
2026-09-27,ccn-100183,us-abdomen,1479,2276,
2026-09-27,ccn-100183,us-pregnancy,751,1155,
2026-09-27,ccn-100183,xray-extremity,522,803,
2026-09-27,ccn-100183,xray-leg,522,803,
2026-09-27,ccn-100200,blood-cbc,280,280,
2026-09-27,ccn-100200,blood-metabolic,425,425,
2026-09-27,ccn-100200,cardiac-cath,18747,18747,
2026-09-27,ccn-100200,cast-fracture,394,394,
2026-09-27,ccn-100200,chemo-infusion,996,996,
2026-09-27,ccn-100200,chest-xray,453,453,
2026-09-27,ccn-100200,ct-abd-pelvis,9465,9465,
2026-09-27,ccn-100200,ct-head,2800,2800,
2026-09-27,ccn-100200,echocardiogram,3114,3114,
2026-09-27,ccn-100200,epidural-inj,2353,2353,
2026-09-27,ccn-100200,er-level3,2573,2573,
2026-09-27,ccn-100200,er-level4,2895,2895,
2026-09-27,ccn-100200,er-level5,3216,3216,
2026-09-27,ccn-100200,iv-hydration,693,693,
2026-09-27,ccn-100200,iv-infusion,485,485,
2026-09-27,ccn-100200,mammogram-diag,273,273,
2026-09-27,ccn-100200,mammogram-screen,427,427,
2026-09-27,ccn-100200,mri-brain,3620,3620,
2026-09-27,ccn-100200,mri-knee,4250,4250,
2026-09-27,ccn-100200,mri-spine,3600,3600,
2026-09-27,ccn-100200,physical-therapy,173,173,
2026-09-27,ccn-100200,prostate-biopsy,652,652,
2026-09-27,ccn-100200,sleep-study,8836,8836,
2026-09-27,ccn-100200,thyroid-us,945,945,
2026-09-27,ccn-100200,urgent-care,388,388,
2026-09-27,ccn-100200,us-abdomen,2534,2534,
2026-09-27,ccn-100200,us-pregnancy,1189,1189,
2026-09-27,ccn-100200,xray-extremity,455,455,
2026-09-27,ccn-100200,xray-leg,608,608,
2026-09-27,ccn-100211,blood-cbc,296,296,
2026-09-27,ccn-100211,blood-metabolic,561,561,
2026-09-27,ccn-100211,cardiac-cath,20119,20119,
2026-09-27,ccn-100211,cast-fracture,3927,3927,
2026-09-27,ccn-100211,chest-xray,1000,1000,
2026-09-27,ccn-100211,ct-abd-pelvis,13714,13714,
2026-09-27,ccn-100211,ct-head,8717,8717,
2026-09-27,ccn-100211,dialysis,2237,2237,
2026-09-27,ccn-100211,echocardiogram,8052,8052,
2026-09-27,ccn-100211,epidural-inj,2059,2059,
2026-09-27,ccn-100211,er-level3,2676,2676,
2026-09-27,ccn-100211,er-level4,3819,3819,
2026-09-27,ccn-100211,er-level5,4612,4612,
2026-09-27,ccn-100211,iv-hydration,699,699,
2026-09-27,ccn-100211,iv-infusion,620,620,
2026-09-27,ccn-100211,joint-injection,699,699,
2026-09-27,ccn-100211,laceration,848,848,
2026-09-27,ccn-100211,lithotripsy,43148,43148,
2026-09-27,ccn-100211,mri-brain,4916,4916,
2026-09-27,ccn-100211,mri-knee,5560,5560,
2026-09-27,ccn-100211,mri-spine,5515,5515,
2026-09-27,ccn-100211,physical-therapy,394,394,
2026-09-27,ccn-100211,strep-test,159,159,
2026-09-27,ccn-100211,thyroid-us,3249,3249,
2026-09-27,ccn-100211,us-abdomen,4200,4200,
2026-09-27,ccn-100211,us-pregnancy,2478,2478,
2026-09-27,ccn-100211,xray-extremity,1188,1188,
2026-09-27,ccn-100211,xray-leg,1681,1681,
2026-09-27,ccn-100217,biopsy-needle,3558,8895,
2026-09-27,ccn-100217,blood-cbc,6,16,
2026-09-27,ccn-100217,blood-metabolic,9,22,
2026-09-27,ccn-100217,cardiac-cath,7455,18637,
2026-09-27,ccn-100217,carpal-tunnel,2874,7185,
2026-09-27,ccn-100217,cast-fracture,735,1838,
2026-09-27,ccn-100217,chemo-infusion,1004,2510,
2026-09-27,ccn-100217,chest-xray,298,746,
2026-09-27,ccn-100217,colonoscopy,3344,8360,
2026-09-27,ccn-100217,ct-abd-pelvis,2582,6454,
2026-09-27,ccn-100217,ct-head,1095,2738,
2026-09-27,ccn-100217,dialysis,735,1837,
2026-09-27,ccn-100217,echocardiogram,1755,4387,
2026-09-27,ccn-100217,endoscopy,2294,5735,
2026-09-27,ccn-100217,epidural-inj,4186,10466,
2026-09-27,ccn-100217,er-level3,1277,3192,
2026-09-27,ccn-100217,er-level4,2126,5314,
2026-09-27,ccn-100217,er-level5,3124,7811,
2026-09-27,ccn-100217,hearing-test,286,715,
2026-09-27,ccn-100217,iud-insertion,875,2187,
2026-09-27,ccn-100217,iv-hydration,359,898,
2026-09-27,ccn-100217,iv-infusion,520,1300,
2026-09-27,ccn-100217,joint-injection,1185,2963,
2026-09-27,ccn-100217,laceration,503,1257,
2026-09-27,ccn-100217,lithotripsy,5707,14268,
2026-09-27,ccn-100217,mammogram-diag,397,993,
2026-09-27,ccn-100217,mammogram-screen,93,232,
2026-09-27,ccn-100217,mri-brain,1360,3400,
2026-09-27,ccn-100217,mri-knee,1360,3400,
2026-09-27,ccn-100217,mri-spine,1360,3400,
2026-09-27,ccn-100217,physical-therapy,96,239,
2026-09-27,ccn-100217,prostate-biopsy,5788,14471,
2026-09-27,ccn-100217,sleep-study,2488,6219,
2026-09-27,ccn-100217,strep-test,14,34,
2026-09-27,ccn-100217,thyroid-us,755,1887,
2026-09-27,ccn-100217,urgent-care,102,256,
2026-09-27,ccn-100217,us-abdomen,804,2010,
2026-09-27,ccn-100217,us-pregnancy,807,2018,
2026-09-27,ccn-100217,xray-extremity,300,751,
2026-09-27,ccn-100217,xray-leg,322,804,
2026-09-27,ccn-100244,allergy-test,476,2381,
2026-09-27,ccn-100244,appendectomy,10399,51994,
2026-09-27,ccn-100244,biopsy-needle,1734,8668,
2026-09-27,ccn-100244,blood-cbc,14,69,
2026-09-27,ccn-100244,blood-metabolic,24,118,
2026-09-27,ccn-100244,cardiac-cath,5571,27856,
2026-09-27,ccn-100244,carpal-tunnel,3913,19564,
2026-09-27,ccn-100244,cataract,3905,19523,
2026-09-27,ccn-100244,cesarean,6809,34044,
2026-09-27,ccn-100244,chemo-infusion,475,2377,
2026-09-27,ccn-100244,chest-xray,186,930,
2026-09-27,ccn-100244,colonoscopy,2120,10601,
2026-09-27,ccn-100244,ct-abd-pelvis,3305,16525,
2026-09-27,ccn-100244,ct-head,1168,5840,
2026-09-27,ccn-100244,dialysis,794,3970,
2026-09-27,ccn-100244,echocardiogram,918,4592,
2026-09-27,ccn-100244,endoscopy,1769,8844,
2026-09-27,ccn-100244,epidural-inj,975,4874,
2026-09-27,ccn-100244,er-level3,484,2418,
2026-09-27,ccn-100244,er-level4,913,4567,
2026-09-27,ccn-100244,er-level5,1342,6712,
2026-09-27,ccn-100244,gallbladder,10814,54072,
2026-09-27,ccn-100244,hearing-test,89,445,
2026-09-27,ccn-100244,hernia-repair,7981,39905,
2026-09-27,ccn-100244,hip-replacement,21478,107392,
2026-09-27,ccn-100244,hysterectomy,19997,99985,
2026-09-27,ccn-100244,iud-insertion,9176,45878,
2026-09-27,ccn-100244,iv-hydration,149,747,
2026-09-27,ccn-100244,iv-infusion,260,1300,
2026-09-27,ccn-100244,joint-injection,498,2489,
2026-09-27,ccn-100244,knee-replacement,23159,115793,
2026-09-27,ccn-100244,knee-scope,6401,32005,
2026-09-27,ccn-100244,laceration,725,3626,
2026-09-27,ccn-100244,lithotripsy,9304,46521,
2026-09-27,ccn-100244,mammogram-diag,100,498,
2026-09-27,ccn-100244,mammogram-screen,95,473,
2026-09-27,ccn-100244,mri-brain,1026,5131,
2026-09-27,ccn-100244,mri-knee,964,4819,
2026-09-27,ccn-100244,mri-spine,1375,6877,
2026-09-27,ccn-100244,physical-therapy,56,280,
2026-09-27,ccn-100244,prostate-biopsy,7976,39880,
2026-09-27,ccn-100244,shoulder-scope,16236,81179,
2026-09-27,ccn-100244,sleep-study,1602,8008,
2026-09-27,ccn-100244,strep-test,16,82,
2026-09-27,ccn-100244,thyroid-us,301,1506,
2026-09-27,ccn-100244,tonsillectomy,4403,22017,
2026-09-27,ccn-100244,urgent-care,99,495,
2026-09-27,ccn-100244,us-abdomen,430,2148,
2026-09-27,ccn-100244,us-pregnancy,248,1242,
2026-09-27,ccn-100244,xray-extremity,276,1379,
2026-09-27,ccn-100244,xray-leg,277,1386,
2026-09-27,ccn-100265,biopsy-needle,995,1658,
2026-09-27,ccn-100265,blood-cbc,16,27,
2026-09-27,ccn-100265,blood-metabolic,19,31,
2026-09-27,ccn-100265,cardiac-cath,12321,20535,
2026-09-27,ccn-100265,cast-fracture,250,417,
2026-09-27,ccn-100265,chemo-infusion,844,1407,
2026-09-27,ccn-100265,chest-xray,455,759,
2026-09-27,ccn-100265,ct-abd-pelvis,4532,7553,
2026-09-27,ccn-100265,ct-head,2655,4425,
2026-09-27,ccn-100265,dialysis,806,1343,
2026-09-27,ccn-100265,echocardiogram,1957,3262,
2026-09-27,ccn-100265,endoscopy,2288,3813,
2026-09-27,ccn-100265,epidural-inj,1391,2319,
2026-09-27,ccn-100265,er-level3,1666,2776,
2026-09-27,ccn-100265,er-level4,2737,4561,
2026-09-27,ccn-100265,er-level5,3966,6610,
2026-09-27,ccn-100265,hernia-repair,8497,14161,
2026-09-27,ccn-100265,iv-hydration,512,853,
2026-09-27,ccn-100265,iv-infusion,635,1058,
2026-09-27,ccn-100265,joint-injection,656,1093,
2026-09-27,ccn-100265,laceration,757,1262,
2026-09-27,ccn-100265,mammogram-diag,197,328,
2026-09-27,ccn-100265,mammogram-screen,273,455,
2026-09-27,ccn-100265,mri-brain,2672,4453,
2026-09-27,ccn-100265,mri-knee,2923,4871,
2026-09-27,ccn-100265,mri-spine,2511,4185,
2026-09-27,ccn-100265,physical-therapy,45,75,
2026-09-27,ccn-100265,prostate-biopsy,5368,8947,
2026-09-27,ccn-100265,sleep-study,707,1179,
2026-09-27,ccn-100265,stress-test,2505,4175,
2026-09-27,ccn-100265,thyroid-us,1206,2010,
2026-09-27,ccn-100265,us-abdomen,1218,2030,
2026-09-27,ccn-100265,us-pregnancy,644,1073,
2026-09-27,ccn-100265,xray-extremity,709,1182,
2026-09-27,ccn-100265,xray-leg,695,1159,
2026-09-27,ccn-100275,biopsy-needle,2353,5883,
2026-09-27,ccn-100275,blood-cbc,236,589,
2026-09-27,ccn-100275,blood-metabolic,871,2178,
2026-09-27,ccn-100275,cardiac-cath,30039,75097,
2026-09-27,ccn-100275,cast-fracture,119,298,
2026-09-27,ccn-100275,chemo-infusion,342,854,
2026-09-27,ccn-100275,chest-xray,670,1675,
2026-09-27,ccn-100275,ct-abd-pelvis,5383,13457,
2026-09-27,ccn-100275,ct-head,2985,7462,
2026-09-27,ccn-100275,dialysis,2343,5858,
2026-09-27,ccn-100275,echocardiogram,4526,11314,
2026-09-27,ccn-100275,endoscopy,688,1720,
2026-09-27,ccn-100275,epidural-inj,2042,5106,
2026-09-27,ccn-100275,er-level3,1314,3286,
2026-09-27,ccn-100275,er-level4,1781,4452,
2026-09-27,ccn-100275,er-level5,2356,5889,
2026-09-27,ccn-100275,flu-shot,106,264,
2026-09-27,ccn-100275,iv-hydration,363,908,
2026-09-27,ccn-100275,iv-infusion,432,1080,
2026-09-27,ccn-100275,joint-injection,445,1112,
2026-09-27,ccn-100275,laceration,484,1210,
2026-09-27,ccn-100275,mammogram-diag,379,947,
2026-09-27,ccn-100275,mammogram-screen,402,1004,
2026-09-27,ccn-100275,mri-brain,3646,9115,
2026-09-27,ccn-100275,mri-knee,2694,6736,
2026-09-27,ccn-100275,mri-spine,4069,10173,
2026-09-27,ccn-100275,physical-therapy,192,480,
2026-09-27,ccn-100275,prostate-biopsy,632,1581,
2026-09-27,ccn-100275,strep-test,44,110,
2026-09-27,ccn-100275,thyroid-us,353,882,
2026-09-27,ccn-100275,us-abdomen,1482,3705,
2026-09-27,ccn-100275,us-pregnancy,1013,2532,
2026-09-27,ccn-100275,xray-extremity,824,2060,
2026-09-27,ccn-100275,xray-leg,778,1946,
2026-09-27,ccn-100276,blood-cbc,280,280,
2026-09-27,ccn-100276,blood-metabolic,880,880,
2026-09-27,ccn-100276,cardiac-cath,19152,19152,
2026-09-27,ccn-100276,cast-fracture,394,394,
2026-09-27,ccn-100276,chemo-infusion,890,890,
2026-09-27,ccn-100276,chest-xray,453,453,
2026-09-27,ccn-100276,ct-abd-pelvis,8980,8980,
2026-09-27,ccn-100276,ct-head,3647,3647,
2026-09-27,ccn-100276,echocardiogram,2364,2364,
2026-09-27,ccn-100276,epidural-inj,2353,2353,
2026-09-27,ccn-100276,er-level3,2589,2589,
2026-09-27,ccn-100276,er-level4,2914,2914,
2026-09-27,ccn-100276,er-level5,3237,3237,
2026-09-27,ccn-100276,iv-hydration,691,691,
2026-09-27,ccn-100276,iv-infusion,808,808,
2026-09-27,ccn-100276,mammogram-diag,493,493,
2026-09-27,ccn-100276,mammogram-screen,427,427,
2026-09-27,ccn-100276,mri-brain,5072,5072,
2026-09-27,ccn-100276,mri-knee,5929,5929,
2026-09-27,ccn-100276,mri-spine,4716,4716,
2026-09-27,ccn-100276,physical-therapy,199,199,
2026-09-27,ccn-100276,prostate-biopsy,700,700,
2026-09-27,ccn-100276,sleep-study,7206,7206,
2026-09-27,ccn-100276,thyroid-us,1263,1263,
2026-09-27,ccn-100276,urgent-care,354,354,
2026-09-27,ccn-100276,us-abdomen,3099,3099,
2026-09-27,ccn-100276,us-pregnancy,1390,1390,
2026-09-27,ccn-100276,xray-extremity,835,835,
2026-09-27,ccn-100276,xray-leg,684,684,
2026-09-27,ccn-100281,biopsy-needle,5738,8197,
2026-09-27,ccn-100281,blood-cbc,245,350,
2026-09-27,ccn-100281,blood-metabolic,528,754,
2026-09-27,ccn-100281,cardiac-cath,18792,26845,
2026-09-27,ccn-100281,cast-fracture,1054,1506,
2026-09-27,ccn-100281,chemo-infusion,1352,1931,
2026-09-27,ccn-100281,chest-xray,667,953,
2026-09-27,ccn-100281,colonoscopy,3592,5131,
2026-09-27,ccn-100281,ct-abd-pelvis,7447,10638,
2026-09-27,ccn-100281,ct-head,2391,3416,
2026-09-27,ccn-100281,dialysis,2333,3333,
2026-09-27,ccn-100281,echocardiogram,6049,8642,
2026-09-27,ccn-100281,endoscopy,3410,4871,
2026-09-27,ccn-100281,epidural-inj,3570,5100,
2026-09-27,ccn-100281,er-level3,1287,1838,
2026-09-27,ccn-100281,er-level4,1684,2406,
2026-09-27,ccn-100281,er-level5,1784,2548,
2026-09-27,ccn-100281,hearing-test,374,535,
2026-09-27,ccn-100281,iv-hydration,838,1197,
2026-09-27,ccn-100281,iv-infusion,1227,1753,
2026-09-27,ccn-100281,joint-injection,1110,1585,
2026-09-27,ccn-100281,laceration,396,566,
2026-09-27,ccn-100281,mammogram-diag,598,855,
2026-09-27,ccn-100281,mammogram-screen,793,1133,
2026-09-27,ccn-100281,mri-brain,3788,5412,
2026-09-27,ccn-100281,mri-knee,3741,5344,
2026-09-27,ccn-100281,mri-spine,3823,5462,
2026-09-27,ccn-100281,physical-therapy,211,302,
2026-09-27,ccn-100281,sleep-study,7774,11105,
2026-09-27,ccn-100281,strep-test,659,942,
2026-09-27,ccn-100281,thyroid-us,1065,1522,
2026-09-27,ccn-100281,urgent-care,371,530,
2026-09-27,ccn-100281,us-abdomen,2135,3050,
2026-09-27,ccn-100281,us-pregnancy,1385,1978,
2026-09-27,ccn-100281,xray-extremity,701,1001,
2026-09-27,ccn-100281,xray-leg,476,680,
2026-09-27,ccn-100285,biopsy-needle,5738,8197,
2026-09-27,ccn-100285,blood-cbc,245,350,
2026-09-27,ccn-100285,blood-metabolic,528,754,
2026-09-27,ccn-100285,cardiac-cath,18792,26845,
2026-09-27,ccn-100285,cast-fracture,1054,1506,
2026-09-27,ccn-100285,chemo-infusion,1352,1931,
2026-09-27,ccn-100285,chest-xray,667,953,
2026-09-27,ccn-100285,colonoscopy,3592,5131,
2026-09-27,ccn-100285,ct-abd-pelvis,7447,10638,
2026-09-27,ccn-100285,ct-head,2391,3416,
2026-09-27,ccn-100285,dialysis,2333,3333,
2026-09-27,ccn-100285,echocardiogram,6049,8642,
2026-09-27,ccn-100285,endoscopy,3410,4871,
2026-09-27,ccn-100285,epidural-inj,3570,5100,
2026-09-27,ccn-100285,er-level3,1287,1838,
2026-09-27,ccn-100285,er-level4,1684,2406,
2026-09-27,ccn-100285,er-level5,1784,2548,
2026-09-27,ccn-100285,hearing-test,374,535,
2026-09-27,ccn-100285,iv-hydration,838,1197,
2026-09-27,ccn-100285,iv-infusion,1227,1753,
2026-09-27,ccn-100285,joint-injection,1110,1585,
2026-09-27,ccn-100285,laceration,396,566,
2026-09-27,ccn-100285,mammogram-diag,598,855,
2026-09-27,ccn-100285,mammogram-screen,793,1133,
2026-09-27,ccn-100285,mri-brain,3788,5412,
2026-09-27,ccn-100285,mri-knee,3741,5344,
2026-09-27,ccn-100285,mri-spine,3823,5462,
2026-09-27,ccn-100285,physical-therapy,211,302,
2026-09-27,ccn-100285,sleep-study,7774,11105,
2026-09-27,ccn-100285,strep-test,659,942,
2026-09-27,ccn-100285,thyroid-us,1065,1522,
2026-09-27,ccn-100285,urgent-care,371,530,
2026-09-27,ccn-100285,us-abdomen,2135,3050,
2026-09-27,ccn-100285,us-pregnancy,1385,1978,
2026-09-27,ccn-100285,xray-extremity,701,1001,
2026-09-27,ccn-100285,xray-leg,476,680,
2026-09-27,ccn-100289,allergy-test,110,169,
2026-09-27,ccn-100289,appendectomy,2457,3780,
2026-09-27,ccn-100289,biopsy-needle,9084,13975,
2026-09-27,ccn-100289,blood-cbc,100,154,
2026-09-27,ccn-100289,blood-metabolic,199,306,
2026-09-27,ccn-100289,cardiac-cath,15027,23118,
2026-09-27,ccn-100289,carpal-tunnel,10948,16843,
2026-09-27,ccn-100289,cast-fracture,993,1528,
2026-09-27,ccn-100289,cataract,2102,3234,
2026-09-27,ccn-100289,chemo-infusion,1860,2861,
2026-09-27,ccn-100289,chest-xray,494,760,
2026-09-27,ccn-100289,colonoscopy,3408,5243,
2026-09-27,ccn-100289,ct-abd-pelvis,2002,3080,
2026-09-27,ccn-100289,ct-head,597,918,
2026-09-27,ccn-100289,dialysis,3923,6035,
2026-09-27,ccn-100289,echocardiogram,2562,3941,
2026-09-27,ccn-100289,ekg,337,519,
2026-09-27,ccn-100289,endoscopy,3504,5391,
2026-09-27,ccn-100289,epidural-inj,3882,5973,
2026-09-27,ccn-100289,er-level3,1553,2389,
2026-09-27,ccn-100289,er-level4,2387,3673,
2026-09-27,ccn-100289,er-level5,3437,5288,
2026-09-27,ccn-100289,flu-shot,46,70,
2026-09-27,ccn-100289,gallbladder,2722,4188,
2026-09-27,ccn-100289,hearing-test,509,783,
2026-09-27,ccn-100289,hernia-repair,2070,3184,
2026-09-27,ccn-100289,hip-replacement,5606,8624,
2026-09-27,ccn-100289,hysterectomy,4290,6600,
2026-09-27,ccn-100289,iud-insertion,408,628,
2026-09-27,ccn-100289,iv-hydration,254,391,
2026-09-27,ccn-100289,iv-infusion,274,421,
2026-09-27,ccn-100289,joint-injection,1104,1698,
2026-09-27,ccn-100289,knee-replacement,5096,7840,
2026-09-27,ccn-100289,knee-scope,2010,3093,
2026-09-27,ccn-100289,laceration,484,745,
2026-09-27,ccn-100289,lithotripsy,2540,3908,
2026-09-27,ccn-100289,mammogram-diag,458,704,
2026-09-27,ccn-100289,mammogram-screen,495,761,
2026-09-27,ccn-100289,mri-brain,1355,2085,
2026-09-27,ccn-100289,mri-knee,1355,2085,
2026-09-27,ccn-100289,mri-spine,1355,2085,
2026-09-27,ccn-100289,pap-smear,124,191,
2026-09-27,ccn-100289,physical-therapy,210,323,
2026-09-27,ccn-100289,prostate-biopsy,6308,9704,
2026-09-27,ccn-100289,shoulder-scope,4053,6236,
2026-09-27,ccn-100289,sleep-study,5704,8775,
2026-09-27,ccn-100289,strep-test,114,176,
2026-09-27,ccn-100289,stress-test,214,330,
2026-09-27,ccn-100289,thyroid-us,597,918,
2026-09-27,ccn-100289,tonsillectomy,897,1380,
2026-09-27,ccn-100289,urgent-care,122,188,
2026-09-27,ccn-100289,us-abdomen,597,918,
2026-09-27,ccn-100289,us-pregnancy,597,918,
2026-09-27,ccn-100289,xray-extremity,494,760,
2026-09-27,ccn-100289,xray-leg,494,760,
2026-09-27,ccn-100291,biopsy-needle,3558,8895,
2026-09-27,ccn-100291,blood-cbc,6,16,
2026-09-27,ccn-100291,blood-metabolic,9,22,
2026-09-27,ccn-100291,cardiac-cath,7455,18637,
2026-09-27,ccn-100291,carpal-tunnel,2874,7185,
2026-09-27,ccn-100291,cast-fracture,735,1838,
2026-09-27,ccn-100291,chemo-infusion,1004,2510,
2026-09-27,ccn-100291,chest-xray,298,746,
2026-09-27,ccn-100291,colonoscopy,3344,8360,
2026-09-27,ccn-100291,ct-abd-pelvis,2582,6454,
2026-09-27,ccn-100291,ct-head,1095,2738,
2026-09-27,ccn-100291,dialysis,735,1837,
2026-09-27,ccn-100291,echocardiogram,1755,4387,
2026-09-27,ccn-100291,endoscopy,2294,5735,
2026-09-27,ccn-100291,epidural-inj,4186,10466,
2026-09-27,ccn-100291,er-level3,1277,3192,
2026-09-27,ccn-100291,er-level4,2126,5314,
2026-09-27,ccn-100291,er-level5,3124,7811,
2026-09-27,ccn-100291,hearing-test,286,715,
2026-09-27,ccn-100291,iud-insertion,875,2187,
2026-09-27,ccn-100291,iv-hydration,359,898,
2026-09-27,ccn-100291,iv-infusion,520,1300,
2026-09-27,ccn-100291,joint-injection,1185,2963,
2026-09-27,ccn-100291,laceration,503,1257,
2026-09-27,ccn-100291,lithotripsy,5707,14268,
2026-09-27,ccn-100291,mammogram-diag,397,993,
2026-09-27,ccn-100291,mammogram-screen,93,232,
2026-09-27,ccn-100291,mri-brain,1360,3400,
2026-09-27,ccn-100291,mri-knee,1360,3400,
2026-09-27,ccn-100291,mri-spine,1360,3400,
2026-09-27,ccn-100291,physical-therapy,96,239,
2026-09-27,ccn-100291,prostate-biopsy,5788,14471,
2026-09-27,ccn-100291,sleep-study,2488,6219,
2026-09-27,ccn-100291,strep-test,14,34,
2026-09-27,ccn-100291,thyroid-us,755,1887,
2026-09-27,ccn-100291,urgent-care,102,256,
2026-09-27,ccn-100291,us-abdomen,804,2010,
2026-09-27,ccn-100291,us-pregnancy,807,2018,
2026-09-27,ccn-100291,xray-extremity,300,751,
2026-09-27,ccn-100291,xray-leg,322,804,
2026-09-27,ccn-100296,biopsy-needle,3514,5406,
2026-09-27,ccn-100296,blood-cbc,253,389,
2026-09-27,ccn-100296,blood-metabolic,766,1178,
2026-09-27,ccn-100296,chemo-infusion,848,1305,
2026-09-27,ccn-100296,chest-xray,497,765,
2026-09-27,ccn-100296,ct-abd-pelvis,5964,9176,
2026-09-27,ccn-100296,ct-head,3054,4699,
2026-09-27,ccn-100296,dialysis,2859,4398,
2026-09-27,ccn-100296,echocardiogram,4109,6321,
2026-09-27,ccn-100296,epidural-inj,3464,5329,
2026-09-27,ccn-100296,er-level3,1179,1814,
2026-09-27,ccn-100296,er-level4,1589,2444,
2026-09-27,ccn-100296,er-level5,1893,2912,
2026-09-27,ccn-100296,iv-hydration,318,490,
2026-09-27,ccn-100296,iv-infusion,461,709,
2026-09-27,ccn-100296,joint-injection,1072,1650,
2026-09-27,ccn-100296,mri-brain,3469,5337,
2026-09-27,ccn-100296,mri-knee,3592,5526,
2026-09-27,ccn-100296,mri-spine,3775,5808,
2026-09-27,ccn-100296,pap-smear,49,76,
2026-09-27,ccn-100296,physical-therapy,161,248,
2026-09-27,ccn-100296,prostate-biopsy,1929,2968,
2026-09-27,ccn-100296,sleep-study,4228,6505,
2026-09-27,ccn-100296,thyroid-us,718,1105,
2026-09-27,ccn-100296,us-abdomen,1479,2276,
2026-09-27,ccn-100296,us-pregnancy,818,1259,
2026-09-27,ccn-100296,xray-extremity,640,985,
2026-09-27,ccn-100296,xray-leg,563,866,
2026-09-27,ccn-100302,biopsy-needle,3558,8895,
2026-09-27,ccn-100302,blood-cbc,6,16,
2026-09-27,ccn-100302,blood-metabolic,9,22,
2026-09-27,ccn-100302,cardiac-cath,7455,18637,
2026-09-27,ccn-100302,carpal-tunnel,2874,7185,
2026-09-27,ccn-100302,cast-fracture,735,1838,
2026-09-27,ccn-100302,chemo-infusion,1004,2510,
2026-09-27,ccn-100302,chest-xray,298,746,
2026-09-27,ccn-100302,colonoscopy,3344,8360,
2026-09-27,ccn-100302,ct-abd-pelvis,2582,6454,
2026-09-27,ccn-100302,ct-head,1095,2738,
2026-09-27,ccn-100302,dialysis,735,1837,
2026-09-27,ccn-100302,echocardiogram,1755,4387,
2026-09-27,ccn-100302,endoscopy,2294,5735,
2026-09-27,ccn-100302,epidural-inj,4186,10466,
2026-09-27,ccn-100302,er-level3,1277,3192,
2026-09-27,ccn-100302,er-level4,2126,5314,
2026-09-27,ccn-100302,er-level5,3124,7811,
2026-09-27,ccn-100302,hearing-test,286,715,
2026-09-27,ccn-100302,iud-insertion,875,2187,
2026-09-27,ccn-100302,iv-hydration,359,898,
2026-09-27,ccn-100302,iv-infusion,520,1300,
2026-09-27,ccn-100302,joint-injection,1185,2963,
2026-09-27,ccn-100302,laceration,503,1257,
2026-09-27,ccn-100302,lithotripsy,5707,14268,
2026-09-27,ccn-100302,mammogram-diag,397,993,
2026-09-27,ccn-100302,mammogram-screen,93,232,
2026-09-27,ccn-100302,mri-brain,1360,3400,
2026-09-27,ccn-100302,mri-knee,1360,3400,
2026-09-27,ccn-100302,mri-spine,1360,3400,
2026-09-27,ccn-100302,physical-therapy,96,239,
2026-09-27,ccn-100302,prostate-biopsy,5788,14471,
2026-09-27,ccn-100302,sleep-study,2488,6219,
2026-09-27,ccn-100302,strep-test,14,34,
2026-09-27,ccn-100302,thyroid-us,755,1887,
2026-09-27,ccn-100302,urgent-care,102,256,
2026-09-27,ccn-100302,us-abdomen,804,2010,
2026-09-27,ccn-100302,us-pregnancy,807,2018,
2026-09-27,ccn-100302,xray-extremity,300,751,
2026-09-27,ccn-100302,xray-leg,322,804,
2026-09-27,ccn-100307,allergy-test,127,344,
2026-09-27,ccn-100307,blood-cbc,51,138,
2026-09-27,ccn-100307,blood-metabolic,122,331,
2026-09-27,ccn-100307,chemo-infusion,978,2643,
2026-09-27,ccn-100307,chest-xray,177,480,
2026-09-27,ccn-100307,ct-abd-pelvis,693,1873,
2026-09-27,ccn-100307,ct-head,677,1828,
2026-09-27,ccn-100307,dialysis,182,491,
2026-09-27,ccn-100307,echocardiogram,1949,5268,
2026-09-27,ccn-100307,er-level3,1319,3565,
2026-09-27,ccn-100307,er-level4,1328,3588,
2026-09-27,ccn-100307,er-level5,1395,3772,
2026-09-27,ccn-100307,flu-shot,79,214,
2026-09-27,ccn-100307,iud-insertion,591,1596,
2026-09-27,ccn-100307,iv-hydration,602,1628,
2026-09-27,ccn-100307,iv-infusion,755,2040,
2026-09-27,ccn-100307,joint-injection,584,1578,
2026-09-27,ccn-100307,laceration,385,1039,
2026-09-27,ccn-100307,mammogram-diag,302,815,
2026-09-27,ccn-100307,mammogram-screen,287,776,
2026-09-27,ccn-100307,mri-brain,1127,3046,
2026-09-27,ccn-100307,mri-knee,590,1595,
2026-09-27,ccn-100307,mri-spine,1136,3071,
2026-09-27,ccn-100307,physical-therapy,32,87,
2026-09-27,ccn-100307,sleep-study,5161,13948,
2026-09-27,ccn-100307,strep-test,28,76,
2026-09-27,ccn-100307,thyroid-us,656,1773,
2026-09-27,ccn-100307,urgent-care,116,314,
2026-09-27,ccn-100307,us-abdomen,897,2424,
2026-09-27,ccn-100307,us-pregnancy,247,668,
2026-09-27,ccn-100307,xray-extremity,275,744,
2026-09-27,ccn-100307,xray-leg,294,796,
2026-09-27,ccn-100313,blood-cbc,67,168,
2026-09-27,ccn-100313,blood-metabolic,44,109,
2026-09-27,ccn-100313,chemo-infusion,244,610,
2026-09-27,ccn-100313,chest-xray,202,504,
2026-09-27,ccn-100313,ct-abd-pelvis,1461,3652,
2026-09-27,ccn-100313,ct-head,1274,3184,
2026-09-27,ccn-100313,echocardiogram,2471,6177,
2026-09-27,ccn-100313,er-level3,752,1880,
2026-09-27,ccn-100313,er-level4,1386,3465,
2026-09-27,ccn-100313,er-level5,1778,4445,
2026-09-27,ccn-100313,flu-shot,29,72,
2026-09-27,ccn-100313,iv-hydration,505,1263,
2026-09-27,ccn-100313,mammogram-diag,346,865,
2026-09-27,ccn-100313,mammogram-screen,415,1038,
2026-09-27,ccn-100313,mri-brain,895,2238,
2026-09-27,ccn-100313,mri-knee,1010,2524,
2026-09-27,ccn-100313,mri-spine,1010,2524,
2026-09-27,ccn-100313,physical-therapy,76,189,
2026-09-27,ccn-100313,strep-test,72,179,
2026-09-27,ccn-100313,thyroid-us,485,1213,
2026-09-27,ccn-100313,us-abdomen,736,1840,
2026-09-27,ccn-100313,us-pregnancy,295,737,
2026-09-27,ccn-100313,xray-extremity,637,1593,
2026-09-27,ccn-100313,xray-leg,548,1370,
2026-09-27,ccn-100314,biopsy-needle,3514,5406,
2026-09-27,ccn-100314,blood-cbc,253,389,
2026-09-27,ccn-100314,blood-metabolic,766,1178,
2026-09-27,ccn-100314,cardiac-cath,24403,37543,
2026-09-27,ccn-100314,chemo-infusion,848,1305,
2026-09-27,ccn-100314,chest-xray,497,765,
2026-09-27,ccn-100314,ct-abd-pelvis,5964,9176,
2026-09-27,ccn-100314,ct-head,3054,4699,
2026-09-27,ccn-100314,dialysis,2859,4398,
2026-09-27,ccn-100314,echocardiogram,4109,6321,
2026-09-27,ccn-100314,epidural-inj,3464,5329,
2026-09-27,ccn-100314,er-level3,1179,1814,
2026-09-27,ccn-100314,er-level4,1589,2444,
2026-09-27,ccn-100314,er-level5,1893,2912,
2026-09-27,ccn-100314,iv-hydration,318,490,
2026-09-27,ccn-100314,iv-infusion,461,709,
2026-09-27,ccn-100314,joint-injection,2146,3301,
2026-09-27,ccn-100314,mri-brain,3469,5337,
2026-09-27,ccn-100314,mri-knee,3592,5526,
2026-09-27,ccn-100314,mri-spine,3775,5808,
2026-09-27,ccn-100314,pap-smear,41,63,
2026-09-27,ccn-100314,physical-therapy,161,248,
2026-09-27,ccn-100314,prostate-biopsy,1929,2968,
2026-09-27,ccn-100314,thyroid-us,718,1105,
2026-09-27,ccn-100314,us-abdomen,1479,2276,
2026-09-27,ccn-100314,us-pregnancy,818,1259,
2026-09-27,ccn-100314,xray-extremity,640,985,
2026-09-27,ccn-100314,xray-leg,563,866,
2026-09-27,ccn-100316,blood-cbc,24,98,
2026-09-27,ccn-100316,blood-metabolic,29,116,
2026-09-27,ccn-100316,cardiac-cath,2888,11550,
2026-09-27,ccn-100316,chemo-infusion,151,604,
2026-09-27,ccn-100316,chest-xray,140,562,
2026-09-27,ccn-100316,ct-abd-pelvis,1410,5640,
2026-09-27,ccn-100316,ct-head,590,2361,
2026-09-27,ccn-100316,dialysis,1174,4698,
2026-09-27,ccn-100316,echocardiogram,682,2727,
2026-09-27,ccn-100316,er-level3,550,2199,
2026-09-27,ccn-100316,er-level4,839,3354,
2026-09-27,ccn-100316,er-level5,1061,4245,
2026-09-27,ccn-100316,iv-hydration,114,455,
2026-09-27,ccn-100316,iv-infusion,113,452,
2026-09-27,ccn-100316,joint-injection,575,2300,
2026-09-27,ccn-100316,laceration,130,520,
2026-09-27,ccn-100316,mammogram-screen,200,801,
2026-09-27,ccn-100316,mri-brain,854,3416,
2026-09-27,ccn-100316,mri-knee,742,2968,
2026-09-27,ccn-100316,mri-spine,742,2967,
2026-09-27,ccn-100316,physical-therapy,56,224,
2026-09-27,ccn-100316,strep-test,12,50,
2026-09-27,ccn-100316,thyroid-us,207,827,
2026-09-27,ccn-100316,urgent-care,70,281,
2026-09-27,ccn-100316,us-abdomen,334,1336,
2026-09-27,ccn-100316,us-pregnancy,179,715,
2026-09-27,ccn-100316,xray-extremity,98,390,
2026-09-27,ccn-100316,xray-leg,115,459,
2026-09-27,ccn-100319,biopsy-needle,5341,5341,
2026-09-27,ccn-100319,blood-cbc,443,443,
2026-09-27,ccn-100319,blood-metabolic,808,808,
2026-09-27,ccn-100319,cardiac-cath,23279,23279,
2026-09-27,ccn-100319,carpal-tunnel,20663,20663,
2026-09-27,ccn-100319,cast-fracture,2976,2976,
2026-09-27,ccn-100319,cataract,18704,18704,
2026-09-27,ccn-100319,chest-xray,1158,1158,
2026-09-27,ccn-100319,ct-abd-pelvis,14186,14186,
2026-09-27,ccn-100319,ct-head,7113,7113,
2026-09-27,ccn-100319,dialysis,2063,2063,
2026-09-27,ccn-100319,echocardiogram,3965,3965,
2026-09-27,ccn-100319,endoscopy,8175,8175,
2026-09-27,ccn-100319,epidural-inj,2270,2270,
2026-09-27,ccn-100319,er-level3,1908,1908,
2026-09-27,ccn-100319,er-level4,2960,2960,
2026-09-27,ccn-100319,er-level5,5580,5580,
2026-09-27,ccn-100319,gallbladder,59775,59775,
2026-09-27,ccn-100319,hernia-repair,32065,32065,
2026-09-27,ccn-100319,iv-hydration,782,782,
2026-09-27,ccn-100319,iv-infusion,965,965,
2026-09-27,ccn-100319,joint-injection,1313,1313,
2026-09-27,ccn-100319,knee-scope,31046,31046,
2026-09-27,ccn-100319,laceration,1759,1759,
2026-09-27,ccn-100319,lithotripsy,38036,38036,
2026-09-27,ccn-100319,mammogram-diag,560,560,
2026-09-27,ccn-100319,mammogram-screen,525,525,
2026-09-27,ccn-100319,mri-brain,5841,5841,
2026-09-27,ccn-100319,mri-knee,4881,4881,
2026-09-27,ccn-100319,mri-spine,4762,4762,
2026-09-27,ccn-100319,physical-therapy,220,220,
2026-09-27,ccn-100319,prostate-biopsy,5560,5560,
2026-09-27,ccn-100319,shoulder-scope,54655,54655,
2026-09-27,ccn-100319,sleep-study,11386,11386,
2026-09-27,ccn-100319,strep-test,274,274,
2026-09-27,ccn-100319,thyroid-us,2443,2443,
2026-09-27,ccn-100319,tonsillectomy,33427,33427,
2026-09-27,ccn-100319,urgent-care,549,549,
2026-09-27,ccn-100319,us-abdomen,5248,5248,
2026-09-27,ccn-100319,us-pregnancy,3208,3208,
2026-09-27,ccn-100319,xray-extremity,1597,1597,
2026-09-27,ccn-100319,xray-leg,1479,1479,
2026-09-27,ccn-100321,blood-cbc,51,138,
2026-09-27,ccn-100321,blood-metabolic,122,331,
2026-09-27,ccn-100321,chest-xray,142,384,
2026-09-27,ccn-100321,ct-abd-pelvis,693,1873,
2026-09-27,ccn-100321,ct-head,677,1828,
2026-09-27,ccn-100321,dialysis,182,491,
2026-09-27,ccn-100321,echocardiogram,2144,5795,
2026-09-27,ccn-100321,er-level3,1319,3565,
2026-09-27,ccn-100321,er-level4,1328,3588,
2026-09-27,ccn-100321,er-level5,1395,3772,
2026-09-27,ccn-100321,flu-shot,48,130,
2026-09-27,ccn-100321,iv-hydration,602,1628,
2026-09-27,ccn-100321,iv-infusion,755,2040,
2026-09-27,ccn-100321,mammogram-diag,302,815,
2026-09-27,ccn-100321,mammogram-screen,287,776,
2026-09-27,ccn-100321,mri-brain,1127,3046,
2026-09-27,ccn-100321,mri-knee,590,1595,
2026-09-27,ccn-100321,mri-spine,1136,3071,
2026-09-27,ccn-100321,physical-therapy,32,87,
2026-09-27,ccn-100321,sleep-study,5161,13948,
2026-09-27,ccn-100321,thyroid-us,656,1773,
2026-09-27,ccn-100321,urgent-care,154,415,
2026-09-27,ccn-100321,us-abdomen,897,2424,
2026-09-27,ccn-100321,us-pregnancy,341,922,
2026-09-27,ccn-100321,xray-extremity,220,595,
2026-09-27,ccn-100321,xray-leg,236,636,
2026-09-27,ccn-100330,blood-cbc,186,232,
2026-09-27,ccn-100330,blood-metabolic,222,277,
2026-09-27,ccn-100330,cardiac-cath,16064,20080,
2026-09-27,ccn-100330,cast-fracture,640,800,
2026-09-27,ccn-100330,chemo-infusion,1204,1505,
2026-09-27,ccn-100330,chest-xray,744,930,
2026-09-27,ccn-100330,ct-abd-pelvis,8168,10210,
2026-09-27,ccn-100330,ct-head,3120,3900,
2026-09-27,ccn-100330,dialysis,287,359,
2026-09-27,ccn-100330,echocardiogram,3176,3970,
2026-09-27,ccn-100330,epidural-inj,1668,2085,
2026-09-27,ccn-100330,er-level3,1360,1700,
2026-09-27,ccn-100330,er-level4,2468,3085,
2026-09-27,ccn-100330,er-level5,4256,5320,
2026-09-27,ccn-100330,flu-shot,35,44,
2026-09-27,ccn-100330,iv-hydration,696,870,
2026-09-27,ccn-100330,iv-infusion,772,965,
2026-09-27,ccn-100330,joint-injection,672,840,
2026-09-27,ccn-100330,laceration,624,780,
2026-09-27,ccn-100330,lithotripsy,22308,27885,
2026-09-27,ccn-100330,mri-brain,4532,5665,
2026-09-27,ccn-100330,mri-knee,4424,5530,
2026-09-27,ccn-100330,mri-spine,4472,5590,
2026-09-27,ccn-100330,physical-therapy,158,197,
2026-09-27,ccn-100330,prostate-biopsy,1488,1860,
2026-09-27,ccn-100330,strep-test,154,193,
2026-09-27,ccn-100330,thyroid-us,1064,1330,
2026-09-27,ccn-100330,urgent-care,177,221,
2026-09-27,ccn-100330,us-abdomen,1888,2360,
2026-09-27,ccn-100330,us-pregnancy,1152,1440,
2026-09-27,ccn-100330,xray-extremity,572,715,
2026-09-27,ccn-100330,xray-leg,628,785,
2026-09-27,ccn-100362,biopsy-needle,995,1658,
2026-09-27,ccn-100362,blood-cbc,16,27,
2026-09-27,ccn-100362,blood-metabolic,27,45,
2026-09-27,ccn-100362,cardiac-cath,12321,20535,
2026-09-27,ccn-100362,cast-fracture,250,417,
2026-09-27,ccn-100362,chemo-infusion,844,1407,
2026-09-27,ccn-100362,chest-xray,455,759,
2026-09-27,ccn-100362,ct-abd-pelvis,4532,7553,
2026-09-27,ccn-100362,ct-head,2655,4425,
2026-09-27,ccn-100362,dialysis,806,1343,
2026-09-27,ccn-100362,echocardiogram,1957,3262,
2026-09-27,ccn-100362,endoscopy,2288,3813,
2026-09-27,ccn-100362,epidural-inj,1391,2319,
2026-09-27,ccn-100362,er-level3,1666,2776,
2026-09-27,ccn-100362,er-level4,2737,4561,
2026-09-27,ccn-100362,er-level5,3966,6610,
2026-09-27,ccn-100362,hernia-repair,8497,14161,
2026-09-27,ccn-100362,iv-hydration,512,853,
2026-09-27,ccn-100362,iv-infusion,635,1058,
2026-09-27,ccn-100362,joint-injection,656,1093,
2026-09-27,ccn-100362,laceration,757,1262,
2026-09-27,ccn-100362,mammogram-diag,197,328,
2026-09-27,ccn-100362,mammogram-screen,273,455,
2026-09-27,ccn-100362,mri-brain,2672,4453,
2026-09-27,ccn-100362,mri-knee,2923,4871,
2026-09-27,ccn-100362,mri-spine,2511,4185,
2026-09-27,ccn-100362,physical-therapy,104,174,
2026-09-27,ccn-100362,prostate-biopsy,5368,8947,
2026-09-27,ccn-100362,sleep-study,4517,7528,
2026-09-27,ccn-100362,stress-test,2505,4175,
2026-09-27,ccn-100362,thyroid-us,1206,2010,
2026-09-27,ccn-100362,us-abdomen,1218,2030,
2026-09-27,ccn-100362,us-pregnancy,644,1073,
2026-09-27,ccn-100362,xray-extremity,709,1182,
2026-09-27,ccn-100362,xray-leg,695,1159,
2026-09-27,ccn-100363,biopsy-needle,3900,3900,
2026-09-27,ccn-100363,blood-cbc,355,355,
2026-09-27,ccn-100363,blood-metabolic,584,584,
2026-09-27,ccn-100363,cardiac-cath,16269,16269,
2026-09-27,ccn-100363,chemo-infusion,740,740,
2026-09-27,ccn-100363,chest-xray,1275,1275,
2026-09-27,ccn-100363,ct-abd-pelvis,9387,9387,
2026-09-27,ccn-100363,ct-head,3463,3463,
2026-09-27,ccn-100363,dialysis,1820,1820,
2026-09-27,ccn-100363,echocardiogram,2491,2491,
2026-09-27,ccn-100363,endoscopy,3896,3896,
2026-09-27,ccn-100363,epidural-inj,1500,1500,
2026-09-27,ccn-100363,er-level3,1178,1178,
2026-09-27,ccn-100363,er-level4,1946,1946,
2026-09-27,ccn-100363,er-level5,3097,3097,
2026-09-27,ccn-100363,iv-hydration,976,976,
2026-09-27,ccn-100363,iv-infusion,976,976,
2026-09-27,ccn-100363,joint-injection,659,659,
2026-09-27,ccn-100363,laceration,637,637,
2026-09-27,ccn-100363,lithotripsy,33383,33383,
2026-09-27,ccn-100363,mammogram-diag,310,310,
2026-09-27,ccn-100363,mammogram-screen,452,452,
2026-09-27,ccn-100363,mri-brain,4395,4395,
2026-09-27,ccn-100363,mri-knee,7173,7173,
2026-09-27,ccn-100363,mri-spine,5579,5579,
2026-09-27,ccn-100363,physical-therapy,145,145,
2026-09-27,ccn-100363,strep-test,268,268,
2026-09-27,ccn-100363,thyroid-us,1493,1493,
2026-09-27,ccn-100363,urgent-care,590,590,
2026-09-27,ccn-100363,us-abdomen,2404,2404,
2026-09-27,ccn-100363,xray-extremity,803,803,
2026-09-27,ccn-100363,xray-leg,801,801,
2026-09-27,ccn-100364,biopsy-needle,5341,5341,
2026-09-27,ccn-100364,blood-cbc,443,443,
2026-09-27,ccn-100364,blood-metabolic,808,808,
2026-09-27,ccn-100364,cardiac-cath,23279,23279,
2026-09-27,ccn-100364,carpal-tunnel,20663,20663,
2026-09-27,ccn-100364,cast-fracture,2976,2976,
2026-09-27,ccn-100364,cataract,18704,18704,
2026-09-27,ccn-100364,chemo-infusion,1436,1436,
2026-09-27,ccn-100364,chest-xray,1158,1158,
2026-09-27,ccn-100364,ct-abd-pelvis,5045,5045,
2026-09-27,ccn-100364,ct-head,4055,4055,
2026-09-27,ccn-100364,dialysis,2237,2237,
2026-09-27,ccn-100364,echocardiogram,3965,3965,
2026-09-27,ccn-100364,endoscopy,8175,8175,
2026-09-27,ccn-100364,epidural-inj,2270,2270,
2026-09-27,ccn-100364,er-level3,1908,1908,
2026-09-27,ccn-100364,er-level4,2960,2960,
2026-09-27,ccn-100364,er-level5,5580,5580,
2026-09-27,ccn-100364,gallbladder,59775,59775,
2026-09-27,ccn-100364,hernia-repair,32065,32065,
2026-09-27,ccn-100364,iv-hydration,782,782,
2026-09-27,ccn-100364,iv-infusion,965,965,
2026-09-27,ccn-100364,joint-injection,877,877,
2026-09-27,ccn-100364,knee-scope,31046,31046,
2026-09-27,ccn-100364,laceration,1759,1759,
2026-09-27,ccn-100364,lithotripsy,38036,38036,
2026-09-27,ccn-100364,mammogram-diag,560,560,
2026-09-27,ccn-100364,mammogram-screen,525,525,
2026-09-27,ccn-100364,mri-brain,3785,3785,
2026-09-27,ccn-100364,mri-knee,3343,3343,
2026-09-27,ccn-100364,mri-spine,3343,3343,
2026-09-27,ccn-100364,pap-smear,411,411,
2026-09-27,ccn-100364,physical-therapy,220,220,
2026-09-27,ccn-100364,prostate-biopsy,1799,1799,
2026-09-27,ccn-100364,shoulder-scope,54655,54655,
2026-09-27,ccn-100364,sleep-study,11386,11386,
2026-09-27,ccn-100364,strep-test,274,274,
2026-09-27,ccn-100364,thyroid-us,2443,2443,
2026-09-27,ccn-100364,tonsillectomy,33427,33427,
2026-09-27,ccn-100364,urgent-care,549,549,
2026-09-27,ccn-100364,us-abdomen,5248,5248,
2026-09-27,ccn-100364,us-pregnancy,3208,3208,
2026-09-27,ccn-100364,xray-extremity,1597,1597,
2026-09-27,ccn-100364,xray-leg,1479,1479,
2026-09-27,ccn-100365,biopsy-needle,3514,5406,
2026-09-27,ccn-100365,blood-cbc,253,389,
2026-09-27,ccn-100365,blood-metabolic,766,1178,
2026-09-27,ccn-100365,chemo-infusion,848,1305,
2026-09-27,ccn-100365,chest-xray,497,765,
2026-09-27,ccn-100365,ct-abd-pelvis,5964,9176,
2026-09-27,ccn-100365,ct-head,3054,4699,
2026-09-27,ccn-100365,dialysis,2859,4398,
2026-09-27,ccn-100365,echocardiogram,4109,6321,
2026-09-27,ccn-100365,epidural-inj,3464,5329,
2026-09-27,ccn-100365,er-level3,1179,1814,
2026-09-27,ccn-100365,er-level4,1589,2444,
2026-09-27,ccn-100365,er-level5,1893,2912,
2026-09-27,ccn-100365,iv-hydration,318,490,
2026-09-27,ccn-100365,iv-infusion,461,709,
2026-09-27,ccn-100365,joint-injection,1072,1650,
2026-09-27,ccn-100365,mri-brain,3469,5337,
2026-09-27,ccn-100365,mri-knee,3592,5526,
2026-09-27,ccn-100365,mri-spine,3775,5808,
2026-09-27,ccn-100365,pap-smear,49,76,
2026-09-27,ccn-100365,physical-therapy,161,248,
2026-09-27,ccn-100365,prostate-biopsy,1929,2968,
2026-09-27,ccn-100365,sleep-study,4228,6505,
2026-09-27,ccn-100365,thyroid-us,718,1105,
2026-09-27,ccn-100365,us-abdomen,1479,2276,
2026-09-27,ccn-100365,us-pregnancy,818,1259,
2026-09-27,ccn-100365,xray-extremity,640,985,
2026-09-27,ccn-100365,xray-leg,563,866,
2026-09-27,ccn-101300,blood-cbc,305,305,
2026-09-27,ccn-101300,blood-metabolic,645,645,
2026-09-27,ccn-101300,cast-fracture,4262,4262,
2026-09-27,ccn-101300,chest-xray,965,965,
2026-09-27,ccn-101300,ct-abd-pelvis,13471,13471,
2026-09-27,ccn-101300,ct-head,5898,5898,
2026-09-27,ccn-101300,echocardiogram,2965,2965,
2026-09-27,ccn-101300,er-level3,1433,1433,
2026-09-27,ccn-101300,er-level4,2343,2343,
2026-09-27,ccn-101300,er-level5,3852,3852,
2026-09-27,ccn-101300,iv-hydration,844,844,
2026-09-27,ccn-101300,iv-infusion,844,844,
2026-09-27,ccn-101300,joint-injection,809,809,
2026-09-27,ccn-101300,laceration,977,977,
2026-09-27,ccn-101300,mammogram-screen,741,741,
2026-09-27,ccn-101300,mri-brain,5743,5743,
2026-09-27,ccn-101300,mri-knee,7147,7147,
2026-09-27,ccn-101300,mri-spine,7642,7642,
2026-09-27,ccn-101300,physical-therapy,140,140,
2026-09-27,ccn-101300,strep-test,210,210,
2026-09-27,ccn-101300,thyroid-us,2119,2119,
2026-09-27,ccn-101300,us-abdomen,2803,2803,
2026-09-27,ccn-101300,us-pregnancy,1963,1963,
2026-09-27,ccn-101300,xray-extremity,1493,1493,
2026-09-27,ccn-101300,xray-leg,1626,1626,
2026-09-27,ccn-101307,biopsy-needle,3514,5406,
2026-09-27,ccn-101307,blood-cbc,253,389,
2026-09-27,ccn-101307,blood-metabolic,766,1178,
2026-09-27,ccn-101307,chemo-infusion,848,1305,
2026-09-27,ccn-101307,chest-xray,497,765,
2026-09-27,ccn-101307,ct-abd-pelvis,5964,9176,
2026-09-27,ccn-101307,ct-head,3054,4699,
2026-09-27,ccn-101307,dialysis,2859,4398,
2026-09-27,ccn-101307,echocardiogram,4109,6321,
2026-09-27,ccn-101307,epidural-inj,3464,5329,
2026-09-27,ccn-101307,er-level3,1179,1814,
2026-09-27,ccn-101307,er-level4,1589,2444,
2026-09-27,ccn-101307,er-level5,1893,2912,
2026-09-27,ccn-101307,iv-hydration,318,490,
2026-09-27,ccn-101307,iv-infusion,461,709,
2026-09-27,ccn-101307,joint-injection,1072,1650,
2026-09-27,ccn-101307,mri-brain,3469,5337,
2026-09-27,ccn-101307,mri-knee,3592,5526,
2026-09-27,ccn-101307,mri-spine,3775,5808,
2026-09-27,ccn-101307,pap-smear,49,76,
2026-09-27,ccn-101307,physical-therapy,161,248,
2026-09-27,ccn-101307,prostate-biopsy,1929,2968,
2026-09-27,ccn-101307,sleep-study,4228,6505,
2026-09-27,ccn-101307,thyroid-us,718,1105,
2026-09-27,ccn-101307,us-abdomen,1479,2276,
2026-09-27,ccn-101307,us-pregnancy,818,1259,
2026-09-27,ccn-101307,xray-extremity,640,985,
2026-09-27,ccn-101307,xray-leg,563,866,
2026-09-27,ccn-101312,blood-cbc,253,389,
2026-09-27,ccn-101312,blood-metabolic,766,1178,
2026-09-27,ccn-101312,chemo-infusion,848,1305,
2026-09-27,ccn-101312,chest-xray,497,765,
2026-09-27,ccn-101312,ct-abd-pelvis,5964,9176,
2026-09-27,ccn-101312,ct-head,3054,4699,
2026-09-27,ccn-101312,echocardiogram,4109,6321,
2026-09-27,ccn-101312,er-level3,1179,1814,
2026-09-27,ccn-101312,er-level4,1589,2444,
2026-09-27,ccn-101312,er-level5,1893,2912,
2026-09-27,ccn-101312,iv-hydration,318,490,
2026-09-27,ccn-101312,iv-infusion,461,709,
2026-09-27,ccn-101312,mammogram-diag,432,665,
2026-09-27,ccn-101312,mammogram-screen,475,731,
2026-09-27,ccn-101312,mri-brain,3469,5337,
2026-09-27,ccn-101312,mri-knee,3592,5526,
2026-09-27,ccn-101312,mri-spine,3775,5808,
2026-09-27,ccn-101312,pap-smear,41,63,
2026-09-27,ccn-101312,physical-therapy,161,248,
2026-09-27,ccn-101312,sleep-study,4228,6505,
2026-09-27,ccn-101312,thyroid-us,718,1105,
2026-09-27,ccn-101312,urgent-care,547,841,
2026-09-27,ccn-101312,us-abdomen,1479,2276,
2026-09-27,ccn-101312,us-pregnancy,818,1259,
2026-09-27,ccn-101312,xray-extremity,640,985,
2026-09-27,ccn-101312,xray-leg,563,866,
2026-09-27,ccn-101313,blood-cbc,253,389,
2026-09-27,ccn-101313,blood-metabolic,766,1178,
2026-09-27,ccn-101313,chemo-infusion,848,1305,
2026-09-27,ccn-101313,chest-xray,497,765,
2026-09-27,ccn-101313,ct-abd-pelvis,5964,9176,
2026-09-27,ccn-101313,ct-head,3054,4699,
2026-09-27,ccn-101313,dialysis,2859,4398,
2026-09-27,ccn-101313,echocardiogram,4109,6321,
2026-09-27,ccn-101313,er-level3,1179,1814,
2026-09-27,ccn-101313,er-level4,1589,2444,
2026-09-27,ccn-101313,er-level5,1893,2912,
2026-09-27,ccn-101313,iv-hydration,318,490,
2026-09-27,ccn-101313,iv-infusion,461,709,
2026-09-27,ccn-101313,mammogram-diag,432,665,
2026-09-27,ccn-101313,mammogram-screen,475,731,
2026-09-27,ccn-101313,mri-brain,3469,5337,
2026-09-27,ccn-101313,mri-knee,3592,5526,
2026-09-27,ccn-101313,mri-spine,3775,5808,
2026-09-27,ccn-101313,pap-smear,49,76,
2026-09-27,ccn-101313,physical-therapy,161,248,
2026-09-27,ccn-101313,sleep-study,4228,6505,
2026-09-27,ccn-101313,thyroid-us,718,1105,
2026-09-27,ccn-101313,urgent-care,547,841,
2026-09-27,ccn-101313,us-abdomen,1479,2276,
2026-09-27,ccn-101313,us-pregnancy,818,1259,
2026-09-27,ccn-101313,xray-extremity,640,985,
2026-09-27,ccn-101313,xray-leg,563,866,
2026-09-27,ccn-101314,biopsy-needle,3514,5406,
2026-09-27,ccn-101314,blood-cbc,253,389,
2026-09-27,ccn-101314,blood-metabolic,766,1178,
2026-09-27,ccn-101314,chemo-infusion,848,1305,
2026-09-27,ccn-101314,chest-xray,497,765,
2026-09-27,ccn-101314,ct-abd-pelvis,5964,9176,
2026-09-27,ccn-101314,ct-head,3054,4699,
2026-09-27,ccn-101314,dialysis,2859,4398,
2026-09-27,ccn-101314,echocardiogram,4109,6321,
2026-09-27,ccn-101314,epidural-inj,3464,5329,
2026-09-27,ccn-101314,er-level3,1179,1814,
2026-09-27,ccn-101314,er-level4,1589,2444,
2026-09-27,ccn-101314,er-level5,1893,2912,
2026-09-27,ccn-101314,iv-hydration,318,490,
2026-09-27,ccn-101314,iv-infusion,461,709,
2026-09-27,ccn-101314,joint-injection,1072,1650,
2026-09-27,ccn-101314,mri-brain,3469,5337,
2026-09-27,ccn-101314,mri-knee,3592,5526,
2026-09-27,ccn-101314,mri-spine,3775,5808,
2026-09-27,ccn-101314,pap-smear,49,76,
2026-09-27,ccn-101314,physical-therapy,161,248,
2026-09-27,ccn-101314,prostate-biopsy,1929,2968,
2026-09-27,ccn-101314,sleep-study,4228,6505,
2026-09-27,ccn-101314,thyroid-us,718,1105,
2026-09-27,ccn-101314,us-abdomen,1479,2276,
2026-09-27,ccn-101314,us-pregnancy,818,1259,
2026-09-27,ccn-101314,xray-extremity,640,985,
2026-09-27,ccn-101314,xray-leg,563,866,
2026-09-27,ccn-101315,blood-cbc,15,100,
2026-09-27,ccn-101315,blood-metabolic,26,172,
2026-09-27,ccn-101315,chest-xray,57,381,
2026-09-27,ccn-101315,ct-abd-pelvis,255,1700,
2026-09-27,ccn-101315,ct-head,231,1539,
2026-09-27,ccn-101315,echocardiogram,300,2000,
2026-09-27,ccn-101315,er-level3,180,1200,
2026-09-27,ccn-101315,er-level4,270,1800,
2026-09-27,ccn-101315,er-level5,270,1800,
2026-09-27,ccn-101315,iv-hydration,37,245,
2026-09-27,ccn-101315,iv-infusion,36,239,
2026-09-27,ccn-101315,joint-injection,93,620,
2026-09-27,ccn-101315,laceration,273,1818,
2026-09-27,ccn-101315,mammogram-screen,52,350,
2026-09-27,ccn-101315,mri-brain,320,2131,
2026-09-27,ccn-101315,mri-knee,320,2131,
2026-09-27,ccn-101315,mri-spine,320,2131,
2026-09-27,ccn-101315,physical-therapy,20,130,
2026-09-27,ccn-101315,thyroid-us,105,700,
2026-09-27,ccn-101315,urgent-care,45,297,
2026-09-27,ccn-101315,us-abdomen,105,700,
2026-09-27,ccn-101315,xray-extremity,78,518,
2026-09-27,ccn-101315,xray-leg,78,518,
2026-10-04,ccn-100187,appendectomy,6212,,
2026-10-04,ccn-100187,biopsy-needle,2985,8446,
2026-10-04,ccn-100187,blood-cbc,8,501,
2026-10-04,ccn-100187,blood-metabolic,10,1361,
2026-10-04,ccn-100187,cardiac-cath,3335,45415,
2026-10-04,ccn-100187,carpal-tunnel,4545,,
2026-10-04,ccn-100187,cast-fracture,4324,1699,
2026-10-04,ccn-100187,cataract,4592,,
2026-10-04,ccn-100187,cesarean,16639,,
2026-10-04,ccn-100187,chest-xray,89,2417,
2026-10-04,ccn-100187,colonoscopy,4410,,
2026-10-04,ccn-100187,ct-abd-pelvis,358,19424,
2026-10-04,ccn-100187,ct-head,107,9883,
2026-10-04,ccn-100187,dialysis,705,2775,
2026-10-04,ccn-100187,echocardiogram,561,1548,
2026-10-04,ccn-100187,endoscopy,4407,,
2026-10-04,ccn-100187,epidural-inj,4381,,
2026-10-04,ccn-100187,er-level3,280,2737,
2026-10-04,ccn-100187,er-level4,429,4752,
2026-10-04,ccn-100187,er-level5,612,6120,
2026-10-04,ccn-100187,flu-shot,13,171,
2026-10-04,ccn-100187,gallbladder,6212,,
2026-10-04,ccn-100187,hernia-repair,3679,,
2026-10-04,ccn-100187,hip-replacement,18989,,
2026-10-04,ccn-100187,hysterectomy,10913,,
2026-10-04,ccn-100187,iv-hydration,219,479,
2026-10-04,ccn-100187,iv-infusion,219,535,
2026-10-04,ccn-100187,joint-injection,4328,1699,
2026-10-04,ccn-100187,knee-replacement,18989,,
2026-10-04,ccn-100187,knee-scope,3362,,
2026-10-04,ccn-100187,laceration,4314,882,
2026-10-04,ccn-100187,lithotripsy,3622,21166,
2026-10-04,ccn-100187,mammogram-diag,89,883,
2026-10-04,ccn-100187,mammogram-screen,94,780,
2026-10-04,ccn-100187,mri-brain,245,7502,
2026-10-04,ccn-100187,mri-knee,541,18507,
2026-10-04,ccn-100187,mri-spine,245,10360,
2026-10-04,ccn-100187,physical-therapy,30,922,
2026-10-04,ccn-100187,shoulder-scope,7456,,
2026-10-04,ccn-100187,sleep-study,882,2947,
2026-10-04,ccn-100187,spinal-fusion,33529,,
2026-10-04,ccn-100187,strep-test,16,245,
2026-10-04,ccn-100187,thyroid-us,107,2087,
2026-10-04,ccn-100187,tonsillectomy,3407,,
2026-10-04,ccn-100187,us-abdomen,107,4189,
2026-10-04,ccn-100187,us-pregnancy,107,1697,
2026-10-04,ccn-100187,xray-extremity,89,3126,
2026-10-04,ccn-100187,xray-leg,89,3123,
2026-10-04,ccn-100286,appendectomy,24030,114429,
2026-10-04,ccn-100286,blood-cbc,31,128,
2026-10-04,ccn-100286,blood-metabolic,41,170,
2026-10-04,ccn-100286,cardiac-cath,7751,32295,
2026-10-04,ccn-100286,carpal-tunnel,5663,26968,
2026-10-04,ccn-100286,chest-xray,230,960,
2026-10-04,ccn-100286,colonoscopy,3019,14375,
2026-10-04,ccn-100286,ct-abd-pelvis,4220,17585,
2026-10-04,ccn-100286,ct-head,1646,6857,
2026-10-04,ccn-100286,dialysis,957,3988,
2026-10-04,ccn-100286,echocardiogram,1432,5968,
2026-10-04,ccn-100286,endoscopy,4221,20102,
2026-10-04,ccn-100286,er-level3,611,2544,
2026-10-04,ccn-100286,er-level4,1108,4615,
2026-10-04,ccn-100286,er-level5,1292,5385,
2026-10-04,ccn-100286,flu-shot,31,127,
2026-10-04,ccn-100286,gallbladder,16358,77893,
2026-10-04,ccn-100286,hernia-repair,15096,71885,
2026-10-04,ccn-100286,hip-replacement,36453,173584,
2026-10-04,ccn-100286,hysterectomy,39721,189147,
2026-10-04,ccn-100286,iv-hydration,1698,7074,
2026-10-04,ccn-100286,iv-infusion,1529,6372,
2026-10-04,ccn-100286,joint-injection,1362,6484,
2026-10-04,ccn-100286,knee-replacement,40197,191413,
2026-10-04,ccn-100286,knee-scope,14690,69950,
2026-10-04,ccn-100286,laceration,2760,13144,
2026-10-04,ccn-100286,lithotripsy,10966,52217,
2026-10-04,ccn-100286,mammogram-diag,183,764,
2026-10-04,ccn-100286,mammogram-screen,214,891,
2026-10-04,ccn-100286,mri-brain,1271,5297,
2026-10-04,ccn-100286,mri-knee,1252,5217,
2026-10-04,ccn-100286,mri-spine,1489,6205,
2026-10-04,ccn-100286,physical-therapy,116,484,
2026-10-04,ccn-100286,prostate-biopsy,10892,51865,
2026-10-04,ccn-100286,shoulder-scope,22888,108991,
2026-10-04,ccn-100286,strep-test,23,97,
2026-10-04,ccn-100286,thyroid-us,609,2539,
2026-10-04,ccn-100286,tonsillectomy,9647,45938,
2026-10-04,ccn-100286,us-abdomen,1165,4852,
2026-10-04,ccn-100286,us-pregnancy,223,931,
2026-10-04,ccn-100286,xray-extremity,440,1835,
2026-10-04,ccn-100286,xray-leg,327,1364,
2026-10-04,ccn-100131,blood-metabolic,1643,1643,
2026-10-04,ccn-100131,chemo-infusion,1795,1795,
2026-10-04,ccn-100131,chest-xray,1524,1524,
2026-10-04,ccn-100131,ct-abd-pelvis,18238,18238,
2026-10-04,ccn-100131,ct-head,7611,7611,
2026-10-04,ccn-100131,dialysis,2564,2564,
2026-10-04,ccn-100131,echocardiogram,11959,11959,
2026-10-04,ccn-100131,er-level3,3520,3520,
2026-10-04,ccn-100131,er-level4,4072,4072,
2026-10-04,ccn-100131,er-level5,5847,5847,
2026-10-04,ccn-100131,flu-shot,276,276,
2026-10-04,ccn-100131,iv-hydration,742,742,
2026-10-04,ccn-100131,iv-infusion,1561,1561,
2026-10-04,ccn-100131,mammogram-diag,1550,1550,
2026-10-04,ccn-100131,mammogram-screen,1479,1479,
2026-10-04,ccn-100131,mri-brain,7279,7279,
2026-10-04,ccn-100131,mri-knee,10922,10922,
2026-10-04,ccn-100131,mri-spine,7279,7279,
2026-10-04,ccn-100131,physical-therapy,566,566,
2026-10-04,ccn-100131,sleep-study,16047,16047,
2026-10-04,ccn-100131,strep-test,838,838,
2026-10-04,ccn-100131,thyroid-us,2548,2548,
2026-10-04,ccn-100131,urgent-care,1206,1206,
2026-10-04,ccn-100131,us-abdomen,3147,3147,
2026-10-04,ccn-100131,us-pregnancy,320,320,
2026-10-04,ccn-100131,xray-extremity,2193,2193,
2026-10-04,ccn-100131,xray-leg,3137,3137,
2026-10-04,ccn-100156,blood-metabolic,1526,1526,
2026-10-04,ccn-100156,chest-xray,1366,1366,
2026-10-04,ccn-100156,ct-abd-pelvis,21528,21528,
2026-10-04,ccn-100156,ct-head,11172,11172,
2026-10-04,ccn-100156,echocardiogram,3686,3686,
2026-10-04,ccn-100156,er-level3,5384,5384,
2026-10-04,ccn-100156,er-level4,8152,8152,
2026-10-04,ccn-100156,er-level5,9289,9289,
2026-10-04,ccn-100156,flu-shot,33,33,
2026-10-04,ccn-100156,iv-hydration,632,632,
2026-10-04,ccn-100156,iv-infusion,1081,1081,
2026-10-04,ccn-100156,mammogram-diag,836,836,
2026-10-04,ccn-100156,mammogram-screen,556,556,
2026-10-04,ccn-100156,mri-brain,7197,7197,
2026-10-04,ccn-100156,mri-knee,7197,7197,
2026-10-04,ccn-100156,mri-spine,7197,7197,
2026-10-04,ccn-100156,physical-therapy,402,402,
2026-10-04,ccn-100156,strep-test,136,136,
2026-10-04,ccn-100156,thyroid-us,3125,3125,
2026-10-04,ccn-100156,us-abdomen,3631,3631,
2026-10-04,ccn-100156,us-pregnancy,3773,3773,
2026-10-04,ccn-100156,xray-extremity,1965,1965,
2026-10-04,ccn-100156,xray-leg,2087,2087,
2026-10-04,ccn-100166,blood-metabolic,1473,1473,
2026-10-04,ccn-100166,chemo-infusion,758,758,
2026-10-04,ccn-100166,chest-xray,3047,3047,
2026-10-04,ccn-100166,ct-abd-pelvis,23779,23779,
2026-10-04,ccn-100166,ct-head,18013,18013,
2026-10-04,ccn-100166,echocardiogram,10061,10061,
2026-10-04,ccn-100166,er-level3,3667,3667,
2026-10-04,ccn-100166,er-level4,5112,5112,
2026-10-04,ccn-100166,er-level5,7301,7301,
2026-10-04,ccn-100166,flu-shot,109,109,
2026-10-04,ccn-100166,iv-hydration,810,810,
2026-10-04,ccn-100166,iv-infusion,245,245,
2026-10-04,ccn-100166,mammogram-diag,536,536,
2026-10-04,ccn-100166,mammogram-screen,492,492,
2026-10-04,ccn-100166,mri-brain,10193,10193,
2026-10-04,ccn-100166,mri-knee,20364,20364,
2026-10-04,ccn-100166,mri-spine,10193,10193,
2026-10-04,ccn-100166,physical-therapy,604,604,
2026-10-04,ccn-100166,sleep-study,8022,8022,
2026-10-04,ccn-100166,thyroid-us,4898,4898,
2026-10-04,ccn-100166,urgent-care,1089,1089,
2026-10-04,ccn-100166,us-abdomen,7041,7041,
2026-10-04,ccn-100166,us-pregnancy,7781,7781,
2026-10-04,ccn-100166,xray-extremity,5039,5039,
2026-10-04,ccn-100166,xray-leg,2872,2872,
2026-10-04,ccn-100167,blood-metabolic,2334,2334,
2026-10-04,ccn-100167,chemo-infusion,1813,1813,
2026-10-04,ccn-100167,chest-xray,1886,1886,
2026-10-04,ccn-100167,ct-abd-pelvis,26903,26903,
2026-10-04,ccn-100167,ct-head,12860,12860,
2026-10-04,ccn-100167,dialysis,4897,4897,
2026-10-04,ccn-100167,echocardiogram,14259,14259,
2026-10-04,ccn-100167,er-level3,4806,4806,
2026-10-04,ccn-100167,er-level4,5784,5784,
2026-10-04,ccn-100167,er-level5,6436,6436,
2026-10-04,ccn-100167,iv-hydration,993,993,
2026-10-04,ccn-100167,iv-infusion,1905,1905,
2026-10-04,ccn-100167,mammogram-diag,478,478,
2026-10-04,ccn-100167,mammogram-screen,548,548,
2026-10-04,ccn-100167,mri-brain,7539,7539,
2026-10-04,ccn-100167,mri-knee,8428,8428,
2026-10-04,ccn-100167,mri-spine,9763,9763,
2026-10-04,ccn-100167,physical-therapy,688,688,
2026-10-04,ccn-100167,sleep-study,27646,27646,
2026-10-04,ccn-100167,thyroid-us,3335,3335,
2026-10-04,ccn-100167,urgent-care,1605,1605,
2026-10-04,ccn-100167,us-abdomen,5365,5365,
2026-10-04,ccn-100167,us-pregnancy,3944,3944,
2026-10-04,ccn-100167,xray-extremity,1699,1699,
2026-10-04,ccn-100167,xray-leg,1700,1700,
2026-10-04,ccn-100179,blood-metabolic,2443,2443,
2026-10-04,ccn-100179,cardiac-cath,76032,76032,
2026-10-04,ccn-100179,chemo-infusion,1965,1965,
2026-10-04,ccn-100179,chest-xray,1770,1770,
2026-10-04,ccn-100179,ct-abd-pelvis,15409,15409,
2026-10-04,ccn-100179,ct-head,14499,14499,
2026-10-04,ccn-100179,echocardiogram,6474,6474,
2026-10-04,ccn-100179,er-level3,5928,5928,
2026-10-04,ccn-100179,er-level4,8267,8267,
2026-10-04,ccn-100179,er-level5,14639,14639,
2026-10-04,ccn-100179,flu-shot,67,67,
2026-10-04,ccn-100179,iv-hydration,1782,1782,
2026-10-04,ccn-100179,iv-infusion,910,910,
2026-10-04,ccn-100179,mammogram-diag,1366,1366,
2026-10-04,ccn-100179,mammogram-screen,1227,1227,
2026-10-04,ccn-100179,mri-brain,14234,14234,
2026-10-04,ccn-100179,mri-knee,16469,16469,
2026-10-04,ccn-100179,mri-spine,13530,13530,
2026-10-04,ccn-100179,pap-smear,30,30,
2026-10-04,ccn-100179,physical-therapy,181,181,
2026-10-04,ccn-100179,strep-test,1388,1388,
2026-10-04,ccn-100179,thyroid-us,3284,3284,
2026-10-04,ccn-100179,urgent-care,1832,1832,
2026-10-04,ccn-100179,us-abdomen,4686,4686,
2026-10-04,ccn-100179,us-pregnancy,4852,4852,
2026-10-04,ccn-100179,xray-extremity,2423,2423,
2026-10-04,ccn-100179,xray-leg,1693,1693,
2026-10-04,ccn-100180,blood-metabolic,2981,2981,
2026-10-04,ccn-100180,chemo-infusion,3886,3886,
2026-10-04,ccn-100180,chest-xray,95,95,
2026-10-04,ccn-100180,ct-abd-pelvis,37381,37381,
2026-10-04,ccn-100180,ct-head,15208,15208,
2026-10-04,ccn-100180,dialysis,3733,3733,
2026-10-04,ccn-100180,echocardiogram,13133,13133,
2026-10-04,ccn-100180,er-level3,9940,9940,
2026-10-04,ccn-100180,er-level4,12812,12812,
2026-10-04,ccn-100180,er-level5,22071,22071,
2026-10-04,ccn-100180,flu-shot,138,138,
2026-10-04,ccn-100180,iv-hydration,2876,2876,
2026-10-04,ccn-100180,iv-infusion,4372,4372,
2026-10-04,ccn-100180,mammogram-diag,752,752,
2026-10-04,ccn-100180,mammogram-screen,267,267,
2026-10-04,ccn-100180,mri-brain,20124,20124,
2026-10-04,ccn-100180,mri-knee,14392,14392,
2026-10-04,ccn-100180,mri-spine,18415,18415,
2026-10-04,ccn-100180,pap-smear,22,22,
2026-10-04,ccn-100180,physical-therapy,268,268,
2026-10-04,ccn-100180,sleep-study,16565,16565,
2026-10-04,ccn-100180,strep-test,401,401,
2026-10-04,ccn-100180,thyroid-us,3486,3486,
2026-10-04,ccn-100180,urgent-care,1028,1028,
2026-10-04,ccn-100180,us-abdomen,5796,5796,
2026-10-04,ccn-100180,us-pregnancy,4241,4241,
2026-10-04,ccn-100180,xray-extremity,4040,4040,
2026-10-04,ccn-100180,xray-leg,7946,7946,
2026-10-04,ccn-100189,blood-metabolic,2457,2457,
2026-10-04,ccn-100189,chemo-infusion,972,972,
2026-10-04,ccn-100189,chest-xray,1719,1719,
2026-10-04,ccn-100189,ct-abd-pelvis,17986,17986,
2026-10-04,ccn-100189,ct-head,6467,6467,
2026-10-04,ccn-100189,echocardiogram,16025,16025,
2026-10-04,ccn-100189,er-level3,1115,1115,
2026-10-04,ccn-100189,er-level4,1622,1622,
2026-10-04,ccn-100189,er-level5,1782,1782,
2026-10-04,ccn-100189,iv-hydration,1786,1786,
2026-10-04,ccn-100189,iv-infusion,1786,1786,
2026-10-04,ccn-100189,mammogram-diag,655,655,
2026-10-04,ccn-100189,mammogram-screen,748,748,
2026-10-04,ccn-100189,mri-brain,11264,11264,
2026-10-04,ccn-100189,mri-knee,11816,11816,
2026-10-04,ccn-100189,mri-spine,11264,11264,
2026-10-04,ccn-100189,physical-therapy,856,856,
2026-10-04,ccn-100189,sleep-study,15682,15682,
2026-10-04,ccn-100189,strep-test,600,600,
2026-10-04,ccn-100189,thyroid-us,5210,5210,
2026-10-04,ccn-100189,urgent-care,407,407,
2026-10-04,ccn-100189,us-abdomen,14885,14885,
2026-10-04,ccn-100189,us-pregnancy,3769,3769,
2026-10-04,ccn-100189,xray-extremity,4076,4076,
2026-10-04,ccn-100189,xray-leg,5422,5422,
2026-10-04,ccn-100191,blood-metabolic,35,35,
2026-10-04,ccn-100191,chemo-infusion,2377,2377,
2026-10-04,ccn-100191,chest-xray,1386,1386,
2026-10-04,ccn-100191,ct-abd-pelvis,27518,27518,
2026-10-04,ccn-100191,ct-head,23586,23586,
2026-10-04,ccn-100191,echocardiogram,14271,14271,
2026-10-04,ccn-100191,er-level3,5042,5042,
2026-10-04,ccn-100191,er-level4,5588,5588,
2026-10-04,ccn-100191,er-level5,6595,6595,
2026-10-04,ccn-100191,flu-shot,162,162,
2026-10-04,ccn-100191,iv-hydration,932,932,
2026-10-04,ccn-100191,iv-infusion,1146,1146,
2026-10-04,ccn-100191,mammogram-diag,719,719,
2026-10-04,ccn-100191,mammogram-screen,473,473,
2026-10-04,ccn-100191,mri-brain,8714,8714,
2026-10-04,ccn-100191,mri-knee,9886,9886,
2026-10-04,ccn-100191,mri-spine,8714,8714,
2026-10-04,ccn-100191,pap-smear,62,62,
2026-10-04,ccn-100191,physical-therapy,417,417,
2026-10-04,ccn-100191,sleep-study,9793,9793,
2026-10-04,ccn-100191,strep-test,1786,1786,
2026-10-04,ccn-100191,thyroid-us,4900,4900,
2026-10-04,ccn-100191,urgent-care,1174,1174,
2026-10-04,ccn-100191,us-abdomen,8618,8618,
2026-10-04,ccn-100191,us-pregnancy,4388,4388,
2026-10-04,ccn-100191,xray-extremity,3261,3261,
2026-10-04,ccn-100191,xray-leg,4010,4010,
2026-10-04,ccn-100204,blood-metabolic,1257,1257,
2026-10-04,ccn-100204,chemo-infusion,1000,1000,
2026-10-04,ccn-100204,chest-xray,561,561,
2026-10-04,ccn-100204,ct-abd-pelvis,29324,29324,
2026-10-04,ccn-100204,ct-head,13861,13861,
2026-10-04,ccn-100204,echocardiogram,18777,18777,
2026-10-04,ccn-100204,er-level3,8382,8382,
2026-10-04,ccn-100204,er-level4,11640,11640,
2026-10-04,ccn-100204,er-level5,12987,12987,
2026-10-04,ccn-100204,flu-shot,96,96,
2026-10-04,ccn-100204,iv-hydration,1032,1032,
2026-10-04,ccn-100204,iv-infusion,1047,1047,
2026-10-04,ccn-100204,mammogram-diag,468,468,
2026-10-04,ccn-100204,mammogram-screen,516,516,
2026-10-04,ccn-100204,mri-brain,6545,6545,
2026-10-04,ccn-100204,mri-knee,964,964,
2026-10-04,ccn-100204,mri-spine,6545,6545,
2026-10-04,ccn-100204,physical-therapy,445,445,
2026-10-04,ccn-100204,sleep-study,20619,20619,
2026-10-04,ccn-100204,strep-test,1155,1155,
2026-10-04,ccn-100204,thyroid-us,4605,4605,
2026-10-04,ccn-100204,urgent-care,1197,1197,
2026-10-04,ccn-100204,us-abdomen,5271,5271,
2026-10-04,ccn-100204,us-pregnancy,1571,1571,
2026-10-04,ccn-100204,xray-extremity,4637,4637,
2026-10-04,ccn-100204,xray-leg,4690,4690,
2026-10-04,ccn-100206,blood-metabolic,3620,3620,
2026-10-04,ccn-100206,chemo-infusion,1023,1023,
2026-10-04,ccn-100206,chest-xray,3476,3476,
2026-10-04,ccn-100206,ct-abd-pelvis,26213,26213,
2026-10-04,ccn-100206,ct-head,11614,11614,
2026-10-04,ccn-100206,echocardiogram,11010,11010,
2026-10-04,ccn-100206,er-level3,5215,5215,
2026-10-04,ccn-100206,er-level4,5750,5750,
2026-10-04,ccn-100206,er-level5,6602,6602,
2026-10-04,ccn-100206,flu-shot,130,130,
2026-10-04,ccn-100206,iv-hydration,240,240,
2026-10-04,ccn-100206,iv-infusion,1169,1169,
2026-10-04,ccn-100206,mammogram-diag,2304,2304,
2026-10-04,ccn-100206,mammogram-screen,2840,2840,
2026-10-04,ccn-100206,mri-brain,10643,10643,
2026-10-04,ccn-100206,mri-knee,10134,10134,
2026-10-04,ccn-100206,mri-spine,10134,10134,
2026-10-04,ccn-100206,physical-therapy,489,489,
2026-10-04,ccn-100206,strep-test,1314,1314,
2026-10-04,ccn-100206,thyroid-us,3215,3215,
2026-10-04,ccn-100206,urgent-care,1501,1501,
2026-10-04,ccn-100206,us-abdomen,12552,12552,
2026-10-04,ccn-100206,us-pregnancy,7779,7779,
2026-10-04,ccn-100206,xray-extremity,2672,2672,
2026-10-04,ccn-100206,xray-leg,3316,3316,
2026-10-04,ccn-100209,blood-metabolic,2703,2703,
2026-10-04,ccn-100209,chemo-infusion,324,324,
2026-10-04,ccn-100209,chest-xray,302,302,
2026-10-04,ccn-100209,ct-abd-pelvis,37242,37242,
2026-10-04,ccn-100209,ct-head,16182,16182,
2026-10-04,ccn-100209,dialysis,1291,1291,
2026-10-04,ccn-100209,echocardiogram,14826,14826,
2026-10-04,ccn-100209,er-level3,5859,5859,
2026-10-04,ccn-100209,er-level4,7676,7676,
2026-10-04,ccn-100209,er-level5,16140,16140,
2026-10-04,ccn-100209,iv-hydration,202,202,
2026-10-04,ccn-100209,iv-infusion,187,187,
2026-10-04,ccn-100209,mammogram-diag,942,942,
2026-10-04,ccn-100209,mammogram-screen,652,652,
2026-10-04,ccn-100209,mri-brain,16822,16822,
2026-10-04,ccn-100209,mri-knee,11871,11871,
2026-10-04,ccn-100209,mri-spine,15466,15466,
2026-10-04,ccn-100209,physical-therapy,1299,1299,
2026-10-04,ccn-100209,sleep-study,11343,11343,
2026-10-04,ccn-100209,strep-test,1854,1854,
2026-10-04,ccn-100209,thyroid-us,2489,2489,
2026-10-04,ccn-100209,urgent-care,433,433,
2026-10-04,ccn-100209,us-abdomen,4330,4330,
2026-10-04,ccn-100209,us-pregnancy,1422,1422,
2026-10-04,ccn-100209,xray-extremity,3276,3276,
2026-10-04,ccn-100209,xray-leg,3269,3269,
2026-10-04,ccn-100213,blood-metabolic,35,35,
2026-10-04,ccn-100213,chemo-infusion,891,891,
2026-10-04,ccn-100213,chest-xray,2921,2921,
2026-10-04,ccn-100213,ct-abd-pelvis,41714,41714,
2026-10-04,ccn-100213,ct-head,15304,15304,
2026-10-04,ccn-100213,echocardiogram,11451,11451,
2026-10-04,ccn-100213,er-level3,3811,3811,
2026-10-04,ccn-100213,er-level4,4496,4496,
2026-10-04,ccn-100213,er-level5,5888,5888,
2026-10-04,ccn-100213,flu-shot,171,171,
2026-10-04,ccn-100213,iv-hydration,1124,1124,
2026-10-04,ccn-100213,iv-infusion,1124,1124,
2026-10-04,ccn-100213,mammogram-diag,391,391,
2026-10-04,ccn-100213,mammogram-screen,391,391,
2026-10-04,ccn-100213,mri-brain,6805,6805,
2026-10-04,ccn-100213,mri-knee,9705,9705,
2026-10-04,ccn-100213,mri-spine,7226,7226,
2026-10-04,ccn-100213,physical-therapy,389,389,
2026-10-04,ccn-100213,sleep-study,6363,6363,
2026-10-04,ccn-100213,strep-test,814,814,
2026-10-04,ccn-100213,thyroid-us,3694,3694,
2026-10-04,ccn-100213,urgent-care,208,208,
2026-10-04,ccn-100213,us-abdomen,8423,8423,
2026-10-04,ccn-100213,us-pregnancy,4135,4135,
2026-10-04,ccn-100213,xray-extremity,2567,2567,
2026-10-04,ccn-100223,blood-metabolic,3265,3265,
2026-10-04,ccn-100223,chemo-infusion,1195,1195,
2026-10-04,ccn-100223,chest-xray,364,364,
2026-10-04,ccn-100223,ct-abd-pelvis,35203,35203,
2026-10-04,ccn-100223,ct-head,15260,15260,
2026-10-04,ccn-100223,echocardiogram,14176,14176,
2026-10-04,ccn-100223,er-level3,4457,4457,
2026-10-04,ccn-100223,er-level4,7962,7962,
2026-10-04,ccn-100223,er-level5,6860,6860,
2026-10-04,ccn-100223,iv-hydration,1683,1683,
2026-10-04,ccn-100223,iv-infusion,786,786,
2026-10-04,ccn-100223,mammogram-diag,759,759,
2026-10-04,ccn-100223,mammogram-screen,610,610,
2026-10-04,ccn-100223,mri-brain,14000,14000,
2026-10-04,ccn-100223,mri-knee,14000,14000,
2026-10-04,ccn-100223,mri-spine,14000,14000,
2026-10-04,ccn-100223,physical-therapy,587,587,
2026-10-04,ccn-100223,thyroid-us,4143,4143,
2026-10-04,ccn-100223,us-abdomen,8187,8187,
2026-10-04,ccn-100223,us-pregnancy,8167,8167,
2026-10-04,ccn-100223,xray-extremity,3044,3044,
2026-10-04,ccn-100223,xray-leg,8450,8450,
2026-10-04,ccn-100226,blood-metabolic,3142,3142,
2026-10-04,ccn-100226,cardiac-cath,78042,78042,
2026-10-04,ccn-100226,chemo-infusion,1344,1344,
2026-10-04,ccn-100226,chest-xray,3238,3238,
2026-10-04,ccn-100226,ct-abd-pelvis,11217,11217,
2026-10-04,ccn-100226,ct-head,16153,16153,
2026-10-04,ccn-100226,dialysis,2002,2002,
2026-10-04,ccn-100226,echocardiogram,11478,11478,
2026-10-04,ccn-100226,er-level3,5609,5609,
2026-10-04,ccn-100226,er-level4,8214,8214,
2026-10-04,ccn-100226,er-level5,12248,12248,
2026-10-04,ccn-100226,flu-shot,179,179,
2026-10-04,ccn-100226,hearing-test,1078,1078,
2026-10-04,ccn-100226,iv-hydration,907,907,
2026-10-04,ccn-100226,iv-infusion,1064,1064,
2026-10-04,ccn-100226,mammogram-diag,1192,1192,
2026-10-04,ccn-100226,mammogram-screen,593,593,
2026-10-04,ccn-100226,mri-brain,15559,15559,
2026-10-04,ccn-100226,mri-knee,24866,24866,
2026-10-04,ccn-100226,mri-spine,14830,14830,
2026-10-04,ccn-100226,physical-therapy,698,698,
2026-10-04,ccn-100226,thyroid-us,4824,4824,
2026-10-04,ccn-100226,urgent-care,1003,1003,
2026-10-04,ccn-100226,us-abdomen,11825,11825,
2026-10-04,ccn-100226,us-pregnancy,2822,2822,
2026-10-04,ccn-100226,xray-extremity,2409,2409,
2026-10-04,ccn-100226,xray-leg,4263,4263,
2026-10-04,ccn-100231,blood-metabolic,2644,2644,
2026-10-04,ccn-100231,chest-xray,1842,1842,
2026-10-04,ccn-100231,ct-abd-pelvis,18532,18532,
2026-10-04,ccn-100231,ct-head,9133,9133,
2026-10-04,ccn-100231,echocardiogram,12554,12554,
2026-10-04,ccn-100231,er-level3,4205,4205,
2026-10-04,ccn-100231,er-level4,7733,7733,
2026-10-04,ccn-100231,er-level5,7751,7751,
2026-10-04,ccn-100231,iv-hydration,463,463,
2026-10-04,ccn-100231,iv-infusion,501,501,
2026-10-04,ccn-100231,mammogram-diag,682,682,
2026-10-04,ccn-100231,mammogram-screen,769,769,
2026-10-04,ccn-100231,mri-brain,6957,6957,
2026-10-04,ccn-100231,mri-knee,6165,6165,
2026-10-04,ccn-100231,mri-spine,6957,6957,
2026-10-04,ccn-100231,physical-therapy,219,219,
2026-10-04,ccn-100231,thyroid-us,3026,3026,
2026-10-04,ccn-100231,us-abdomen,4493,4493,
2026-10-04,ccn-100231,us-pregnancy,3095,3095,
2026-10-04,ccn-100231,xray-extremity,3602,3602,
2026-10-04,ccn-100231,xray-leg,3041,3041,
2026-10-04,ccn-100232,blood-metabolic,48,48,
2026-10-04,ccn-100232,chest-xray,354,354,
2026-10-04,ccn-100232,ct-abd-pelvis,23578,23578,
2026-10-04,ccn-100232,ct-head,11126,11126,
2026-10-04,ccn-100232,echocardiogram,3759,3759,
2026-10-04,ccn-100232,er-level3,5298,5298,
2026-10-04,ccn-100232,er-level4,7708,7708,
2026-10-04,ccn-100232,er-level5,9270,9270,
2026-10-04,ccn-100232,flu-shot,91,91,
2026-10-04,ccn-100232,iv-hydration,563,563,
2026-10-04,ccn-100232,iv-infusion,1452,1452,
2026-10-04,ccn-100232,mammogram-diag,729,729,
2026-10-04,ccn-100232,mammogram-screen,759,759,
2026-10-04,ccn-100232,mri-brain,8200,8200,
2026-10-04,ccn-100232,mri-knee,8200,8200,
2026-10-04,ccn-100232,mri-spine,8200,8200,
2026-10-04,ccn-100232,physical-therapy,491,491,
2026-10-04,ccn-100232,strep-test,132,132,
2026-10-04,ccn-100232,thyroid-us,3413,3413,
2026-10-04,ccn-100232,us-abdomen,3967,3967,
2026-10-04,ccn-100232,us-pregnancy,4123,4123,
2026-10-04,ccn-100232,xray-extremity,2089,2089,
2026-10-04,ccn-100232,xray-leg,2216,2216,
2026-10-04,ccn-100236,blood-metabolic,2619,2619,
2026-10-04,ccn-100236,chemo-infusion,1357,1357,
2026-10-04,ccn-100236,chest-xray,1911,1911,
2026-10-04,ccn-100236,ct-abd-pelvis,34634,34634,
2026-10-04,ccn-100236,ct-head,16594,16594,
2026-10-04,ccn-100236,echocardiogram,17435,17435,
2026-10-04,ccn-100236,er-level3,7031,7031,
2026-10-04,ccn-100236,er-level4,9437,9437,
2026-10-04,ccn-100236,er-level5,12994,12994,
2026-10-04,ccn-100236,flu-shot,145,145,
2026-10-04,ccn-100236,iv-hydration,453,453,
2026-10-04,ccn-100236,iv-infusion,1555,1555,
2026-10-04,ccn-100236,mammogram-diag,1068,1068,
2026-10-04,ccn-100236,mammogram-screen,915,915,
2026-10-04,ccn-100236,mri-brain,13254,13254,
2026-10-04,ccn-100236,mri-knee,11928,11928,
2026-10-04,ccn-100236,mri-spine,14466,14466,
2026-10-04,ccn-100236,physical-therapy,730,730,
2026-10-04,ccn-100236,sleep-study,16079,16079,
2026-10-04,ccn-100236,strep-test,98,98,
2026-10-04,ccn-100236,thyroid-us,3996,3996,
2026-10-04,ccn-100236,urgent-care,1944,1944,
2026-10-04,ccn-100236,us-abdomen,7135,7135,
2026-10-04,ccn-100236,us-pregnancy,5714,5714,
2026-10-04,ccn-100236,xray-extremity,5042,5042,
2026-10-04,ccn-100236,xray-leg,13092,13092,
2026-10-04,ccn-100238,blood-metabolic,38,38,
2026-10-04,ccn-100238,chemo-infusion,180,180,
2026-10-04,ccn-100238,chest-xray,5043,5043,
2026-10-04,ccn-100238,ct-abd-pelvis,42284,42284,
2026-10-04,ccn-100238,ct-head,20725,20725,
2026-10-04,ccn-100238,echocardiogram,20745,20745,
2026-10-04,ccn-100238,er-level3,3329,3329,
2026-10-04,ccn-100238,er-level4,4832,4832,
2026-10-04,ccn-100238,er-level5,12513,12513,
2026-10-04,ccn-100238,iv-hydration,942,942,
2026-10-04,ccn-100238,iv-infusion,1804,1804,
2026-10-04,ccn-100238,mri-brain,8013,8013,
2026-10-04,ccn-100238,mri-knee,16020,16020,
2026-10-04,ccn-100238,mri-spine,8013,8013,
2026-10-04,ccn-100238,physical-therapy,302,302,
2026-10-04,ccn-100238,sleep-study,5460,5460,
2026-10-04,ccn-100238,strep-test,1620,1620,
2026-10-04,ccn-100238,thyroid-us,4040,4040,
2026-10-04,ccn-100238,urgent-care,388,388,
2026-10-04,ccn-100238,us-abdomen,5258,5258,
2026-10-04,ccn-100238,us-pregnancy,2588,2588,
2026-10-04,ccn-100238,xray-extremity,3383,3383,
2026-10-04,ccn-100238,xray-leg,4517,4517,
2026-10-04,ccn-100242,blood-metabolic,1890,1890,
2026-10-04,ccn-100242,chemo-infusion,425,425,
2026-10-04,ccn-100242,chest-xray,2081,2081,
2026-10-04,ccn-100242,ct-abd-pelvis,28601,28601,
2026-10-04,ccn-100242,ct-head,11803,11803,
2026-10-04,ccn-100242,echocardiogram,5246,5246,
2026-10-04,ccn-100242,er-level3,5462,5462,
2026-10-04,ccn-100242,er-level4,8203,8203,
2026-10-04,ccn-100242,er-level5,8235,8235,
2026-10-04,ccn-100242,iv-hydration,879,879,
2026-10-04,ccn-100242,iv-infusion,737,737,
2026-10-04,ccn-100242,mammogram-diag,767,767,
2026-10-04,ccn-100242,mammogram-screen,767,767,
2026-10-04,ccn-100242,mri-brain,10211,10211,
2026-10-04,ccn-100242,mri-knee,9144,9144,
2026-10-04,ccn-100242,mri-spine,12937,12937,
2026-10-04,ccn-100242,physical-therapy,331,331,
2026-10-04,ccn-100242,thyroid-us,2803,2803,
2026-10-04,ccn-100242,urgent-care,1176,1176,
2026-10-04,ccn-100242,us-abdomen,5789,5789,
2026-10-04,ccn-100242,us-pregnancy,4487,4487,
2026-10-04,ccn-100242,xray-extremity,3029,3029,
2026-10-04,ccn-100243,blood-metabolic,3561,3561,
2026-10-04,ccn-100243,chemo-infusion,131,131,
2026-10-04,ccn-100243,chest-xray,3771,3771,
2026-10-04,ccn-100243,ct-abd-pelvis,32060,32060,
2026-10-04,ccn-100243,ct-head,14205,14205,
2026-10-04,ccn-100243,echocardiogram,10883,10883,
2026-10-04,ccn-100243,er-level3,5560,5560,
2026-10-04,ccn-100243,er-level4,6751,6751,
2026-10-04,ccn-100243,er-level5,7106,7106,
2026-10-04,ccn-100243,flu-shot,156,156,
2026-10-04,ccn-100243,iv-hydration,605,605,
2026-10-04,ccn-100243,iv-infusion,179,179,
2026-10-04,ccn-100243,mammogram-diag,341,341,
2026-10-04,ccn-100243,mammogram-screen,391,391,
2026-10-04,ccn-100243,mri-brain,8516,8516,
2026-10-04,ccn-100243,mri-knee,16210,16210,
2026-10-04,ccn-100243,mri-spine,8106,8106,
2026-10-04,ccn-100243,physical-therapy,289,289,
2026-10-04,ccn-100243,strep-test,1298,1298,
2026-10-04,ccn-100243,thyroid-us,2954,2954,
2026-10-04,ccn-100243,urgent-care,620,620,
2026-10-04,ccn-100243,us-abdomen,11517,11517,
2026-10-04,ccn-100243,us-pregnancy,7142,7142,
2026-10-04,ccn-100243,xray-extremity,5794,5794,
2026-10-04,ccn-100243,xray-leg,3593,3593,
2026-10-04,ccn-100246,blood-metabolic,1717,1717,
2026-10-04,ccn-100246,chemo-infusion,1880,1880,
2026-10-04,ccn-100246,chest-xray,2523,2523,
2026-10-04,ccn-100246,ct-abd-pelvis,24040,24040,
2026-10-04,ccn-100246,ct-head,9975,9975,
2026-10-04,ccn-100246,echocardiogram,17912,17912,
2026-10-04,ccn-100246,er-level3,4499,4499,
2026-10-04,ccn-100246,er-level4,5504,5504,
2026-10-04,ccn-100246,er-level5,5217,5217,
2026-10-04,ccn-100246,iv-hydration,1014,1014,
2026-10-04,ccn-100246,iv-infusion,676,676,
2026-10-04,ccn-100246,mammogram-diag,458,458,
2026-10-04,ccn-100246,mammogram-screen,367,367,
2026-10-04,ccn-100246,mri-brain,9945,9945,
2026-10-04,ccn-100246,mri-knee,11813,11813,
2026-10-04,ccn-100246,mri-spine,7057,7057,
2026-10-04,ccn-100246,physical-therapy,429,429,
2026-10-04,ccn-100246,thyroid-us,2315,2315,
2026-10-04,ccn-100246,urgent-care,723,723,
2026-10-04,ccn-100246,us-abdomen,3571,3571,
2026-10-04,ccn-100246,us-pregnancy,3019,3019,
2026-10-04,ccn-100246,xray-extremity,2375,2375,
2026-10-04,ccn-100246,xray-leg,1332,1332,
2026-10-04,ccn-100248,blood-metabolic,3624,3624,
2026-10-04,ccn-100248,chemo-infusion,2181,2181,
2026-10-04,ccn-100248,chest-xray,1961,1961,
2026-10-04,ccn-100248,ct-abd-pelvis,17783,17783,
2026-10-04,ccn-100248,ct-head,8972,8972,
2026-10-04,ccn-100248,echocardiogram,8156,8156,
2026-10-04,ccn-100248,er-level3,5417,5417,
2026-10-04,ccn-100248,er-level4,6100,6100,
2026-10-04,ccn-100248,er-level5,7655,7655,
2026-10-04,ccn-100248,iv-hydration,1495,1495,
2026-10-04,ccn-100248,iv-infusion,2290,2290,
2026-10-04,ccn-100248,mammogram-diag,1658,1658,
2026-10-04,ccn-100248,mammogram-screen,722,722,
2026-10-04,ccn-100248,mri-brain,15755,15755,
2026-10-04,ccn-100248,mri-knee,22145,22145,
2026-10-04,ccn-100248,mri-spine,15711,15711,
2026-10-04,ccn-100248,physical-therapy,252,252,
2026-10-04,ccn-100248,sleep-study,16227,16227,
2026-10-04,ccn-100248,strep-test,456,456,
2026-10-04,ccn-100248,thyroid-us,4473,4473,
2026-10-04,ccn-100248,urgent-care,132,132,
2026-10-04,ccn-100248,us-abdomen,12922,12922,
2026-10-04,ccn-100248,us-pregnancy,5460,5460,
2026-10-04,ccn-100248,xray-extremity,1675,1675,
2026-10-04,ccn-100248,xray-leg,2002,2002,
2026-10-04,ccn-100252,blood-metabolic,25,25,
2026-10-04,ccn-100252,chemo-infusion,635,635,
2026-10-04,ccn-100252,chest-xray,1547,1547,
2026-10-04,ccn-100252,ct-abd-pelvis,21100,21100,
2026-10-04,ccn-100252,ct-head,8145,8145,
2026-10-04,ccn-100252,echocardiogram,13379,13379,
2026-10-04,ccn-100252,er-level3,2071,2071,
2026-10-04,ccn-100252,er-level4,3106,3106,
2026-10-04,ccn-100252,er-level5,3526,3526,
2026-10-04,ccn-100252,flu-shot,109,109,
2026-10-04,ccn-100252,iv-hydration,1220,1220,
2026-10-04,ccn-100252,iv-infusion,1220,1220,
2026-10-04,ccn-100252,mammogram-diag,1295,1295,
2026-10-04,ccn-100252,mammogram-screen,1185,1185,
2026-10-04,ccn-100252,mri-brain,9633,9633,
2026-10-04,ccn-100252,mri-knee,10786,10786,
2026-10-04,ccn-100252,mri-spine,11587,11587,
2026-10-04,ccn-100252,physical-therapy,597,597,
2026-10-04,ccn-100252,sleep-study,17561,17561,
2026-10-04,ccn-100252,strep-test,730,730,
2026-10-04,ccn-100252,thyroid-us,3385,3385,
2026-10-04,ccn-100252,urgent-care,1499,1499,
2026-10-04,ccn-100252,us-abdomen,3940,3940,
2026-10-04,ccn-100252,us-pregnancy,3258,3258,
2026-10-04,ccn-100252,xray-extremity,3027,3027,
2026-10-04,ccn-100252,xray-leg,2755,2755,
2026-10-04,ccn-100254,blood-metabolic,1596,1596,
2026-10-04,ccn-100254,chemo-infusion,2048,2048,
2026-10-04,ccn-100254,chest-xray,1684,1684,
2026-10-04,ccn-100254,ct-abd-pelvis,10762,10762,
2026-10-04,ccn-100254,ct-head,8978,8978,
2026-10-04,ccn-100254,echocardiogram,4349,4349,
2026-10-04,ccn-100254,er-level3,4293,4293,
2026-10-04,ccn-100254,er-level4,6215,6215,
2026-10-04,ccn-100254,er-level5,6262,6262,
2026-10-04,ccn-100254,iv-hydration,1224,1224,
2026-10-04,ccn-100254,iv-infusion,1570,1570,
2026-10-04,ccn-100254,mri-brain,3637,3637,
2026-10-04,ccn-100254,mri-knee,3637,3637,
2026-10-04,ccn-100254,mri-spine,3637,3637,
2026-10-04,ccn-100254,physical-therapy,537,537,
2026-10-04,ccn-100254,thyroid-us,1409,1409,
2026-10-04,ccn-100254,urgent-care,979,979,
2026-10-04,ccn-100254,us-abdomen,2173,2173,
2026-10-04,ccn-100254,us-pregnancy,1409,1409,
2026-10-04,ccn-100254,xray-extremity,2958,2958,
2026-10-04,ccn-100254,xray-leg,3238,3238,
2026-10-04,ccn-100256,blood-metabolic,35,35,
2026-10-04,ccn-100256,chemo-infusion,846,846,
2026-10-04,ccn-100256,chest-xray,2890,2890,
2026-10-04,ccn-100256,ct-abd-pelvis,38483,38483,
2026-10-04,ccn-100256,ct-head,16838,16838,
2026-10-04,ccn-100256,echocardiogram,8361,8361,
2026-10-04,ccn-100256,er-level3,6037,6037,
2026-10-04,ccn-100256,er-level4,6443,6443,
2026-10-04,ccn-100256,er-level5,7762,7762,
2026-10-04,ccn-100256,flu-shot,115,115,
2026-10-04,ccn-100256,iv-hydration,574,574,
2026-10-04,ccn-100256,iv-infusion,574,574,
2026-10-04,ccn-100256,mri-brain,8195,8195,
2026-10-04,ccn-100256,mri-knee,8523,8523,
2026-10-04,ccn-100256,mri-spine,8195,8195,
2026-10-04,ccn-100256,physical-therapy,294,294,
2026-10-04,ccn-100256,sleep-study,13957,13957,
2026-10-04,ccn-100256,strep-test,1426,1426,
2026-10-04,ccn-100256,thyroid-us,2725,2725,
2026-10-04,ccn-100256,urgent-care,330,330,
2026-10-04,ccn-100256,us-abdomen,4317,4317,
2026-10-04,ccn-100256,us-pregnancy,3927,3927,
2026-10-04,ccn-100256,xray-extremity,2663,2663,
2026-10-04,ccn-100259,blood-metabolic,2971,2971,
2026-10-04,ccn-100259,chemo-infusion,1656,1656,
2026-10-04,ccn-100259,chest-xray,2082,2082,
2026-10-04,ccn-100259,ct-abd-pelvis,31475,31475,
2026-10-04,ccn-100259,ct-head,14406,14406,
2026-10-04,ccn-100259,echocardiogram,24388,24388,
2026-10-04,ccn-100259,er-level3,4547,4547,
2026-10-04,ccn-100259,er-level4,5706,5706,
2026-10-04,ccn-100259,er-level5,7104,7104,
2026-10-04,ccn-100259,flu-shot,141,141,
2026-10-04,ccn-100259,iv-hydration,799,799,
2026-10-04,ccn-100259,iv-infusion,726,726,
2026-10-04,ccn-100259,mammogram-diag,894,894,
2026-10-04,ccn-100259,mammogram-screen,1027,1027,
2026-10-04,ccn-100259,mri-brain,17373,17373,
2026-10-04,ccn-100259,mri-knee,17373,17373,
2026-10-04,ccn-100259,mri-spine,17373,17373,
2026-10-04,ccn-100259,physical-therapy,523,523,
2026-10-04,ccn-100259,thyroid-us,4736,4736,
2026-10-04,ccn-100259,urgent-care,1364,1364,
2026-10-04,ccn-100259,us-abdomen,5992,5992,
2026-10-04,ccn-100259,us-pregnancy,6286,6286,
2026-10-04,ccn-100259,xray-extremity,4184,4184,
2026-10-04,ccn-100259,xray-leg,1620,1620,
2026-10-04,ccn-100264,blood-metabolic,25,25,
2026-10-04,ccn-100264,chemo-infusion,2037,2037,
2026-10-04,ccn-100264,chest-xray,2450,2450,
2026-10-04,ccn-100264,ct-abd-pelvis,44521,44521,
2026-10-04,ccn-100264,ct-head,16594,16594,
2026-10-04,ccn-100264,echocardiogram,14193,14193,
2026-10-04,ccn-100264,er-level3,5591,5591,
2026-10-04,ccn-100264,er-level4,6202,6202,
2026-10-04,ccn-100264,er-level5,9032,9032,
2026-10-04,ccn-100264,flu-shot,163,163,
2026-10-04,ccn-100264,iv-hydration,2137,2137,
2026-10-04,ccn-100264,iv-infusion,2137,2137,
2026-10-04,ccn-100264,mammogram-diag,693,693,
2026-10-04,ccn-100264,mammogram-screen,492,492,
2026-10-04,ccn-100264,mri-brain,12087,12087,
2026-10-04,ccn-100264,mri-knee,20488,20488,
2026-10-04,ccn-100264,mri-spine,12087,12087,
2026-10-04,ccn-100264,physical-therapy,734,734,
2026-10-04,ccn-100264,sleep-study,33448,33448,
2026-10-04,ccn-100264,strep-test,688,688,
2026-10-04,ccn-100264,thyroid-us,5506,5506,
2026-10-04,ccn-100264,urgent-care,493,493,
2026-10-04,ccn-100264,us-abdomen,16164,16164,
2026-10-04,ccn-100264,us-pregnancy,6425,6425,
2026-10-04,ccn-100264,xray-extremity,5118,5118,
2026-10-04,ccn-100264,xray-leg,2951,2951,
2026-10-04,ccn-100267,blood-metabolic,2500,2500,
2026-10-04,ccn-100267,chest-xray,2380,2380,
2026-10-04,ccn-100267,ct-abd-pelvis,24033,24033,
2026-10-04,ccn-100267,ct-head,14782,14782,
2026-10-04,ccn-100267,echocardiogram,19228,19228,
2026-10-04,ccn-100267,er-level3,5926,5926,
2026-10-04,ccn-100267,er-level4,7413,7413,
2026-10-04,ccn-100267,er-level5,11405,11405,
2026-10-04,ccn-100267,flu-shot,128,128,
2026-10-04,ccn-100267,iv-hydration,2145,2145,
2026-10-04,ccn-100267,iv-infusion,165,165,
2026-10-04,ccn-100267,mammogram-diag,576,576,
2026-10-04,ccn-100267,mammogram-screen,1484,1484,
2026-10-04,ccn-100267,mri-brain,7666,7666,
2026-10-04,ccn-100267,mri-knee,16988,16988,
2026-10-04,ccn-100267,mri-spine,11566,11566,
2026-10-04,ccn-100267,physical-therapy,636,636,
2026-10-04,ccn-100267,strep-test,1094,1094,
2026-10-04,ccn-100267,thyroid-us,4015,4015,
2026-10-04,ccn-100267,urgent-care,798,798,
2026-10-04,ccn-100267,us-abdomen,6340,6340,
2026-10-04,ccn-100267,us-pregnancy,6009,6009,
2026-10-04,ccn-100267,xray-extremity,4669,4669,
2026-10-04,ccn-100267,xray-leg,3051,3051,
